game_date,player_name,batter,pitcher,outs_when_up,at_bat_number,hc_x,hc_y,launch_angle,launch_speed,home_team,game_pk,plate_x,plate_z
2024-03-21,Mookie Betts,605141,650633,1,59,52.83,61.78,29,101.5,LAD,746175,-0.91,2.23
2024-03-21,Manny Machado,592518,656420,0,96,48.98,54.68,25,107.7,LAD,746175,-0.02,2.84
2024-03-28,Adolis García,666969,622075,1,44,30.02,64.12,31,104.5,TEX,745039,0.4,2.39
2024-03-28,Travis Jankowski,608671,640470,0,69,211.09,62.42,26,99,TEX,745039,0.7,2.08
2024-03-28,George Springer,543807,621107,0,21,59.43,55.1,26,100.3,TB,745116,0.4,3.03
2024-03-28,Cavan Biggio,624415,621107,1,36,208.26,75.84,25,99.6,TB,745116,0.27,1.93
2024-03-28,Vladimir Guerrero Jr.,665489,621107,2,38,109.55,17.44,29,111.8,TB,745116,-0.02,2.49
2024-03-28,Yandy Díaz,650490,621244,0,4,23.89,96.78,19,107.2,TB,745116,-1.07,2.29
2024-03-28,Rafael Devers,646240,622491,2,19,77.49,44.55,27,104.4,SEA,745283,-0.63,2.92
2024-03-28,Mitch Haniger,571745,678394,2,33,205.43,71.02,26,102.1,SEA,745283,0.43,2.31
2024-03-28,Dylan Moore,664238,570257,0,57,158.73,36.99,29,104,SEA,745283,0.03,2.04
2024-03-28,Tyler O'Neill,641933,675989,0,61,176.75,47.84,28,104.3,SEA,745283,0.18,1.93
2024-03-28,Michael Conforto,624424,663158,2,70,183.42,38.88,29,105.9,SD,745445,-0.05,2.07
2024-03-28,Bryan Reynolds,668804,666200,1,21,65.98,44.08,24,107.5,MIA,746089,0.02,3.36
2024-03-28,Edward Olivares,658668,677053,0,54,86.24,36.44,26,102.4,MIA,746089,-0.35,3.17
2024-03-28,Oneil Cruz,665833,664350,0,66,48.04,64.23,23,105.5,MIA,746089,-0.67,3.26
2024-03-28,Mookie Betts,605141,571945,0,20,30.62,64.08,28,104.6,LAD,746165,-0.5,2.64
2024-03-28,Freddie Freeman,518692,571945,0,22,148.1,35.18,33,101.7,LAD,746165,-0.52,2.88
2024-03-28,Paul Goldschmidt,502671,607192,0,26,42.1,59.49,28,101.8,LAD,746165,-0.07,1.67
2024-03-28,Royce Lewis,668904,666142,2,3,47.18,46.5,30,104.2,KC,746335,-0.44,2.6
2024-03-28,Maikel Garcia,672580,641154,0,6,38.09,63.26,30,99.2,KC,746335,-0.4,2.78
2024-03-28,Jake Meyers,676694,641482,0,17,17.54,69.23,28,110,HOU,746418,-0.87,2.34
2024-03-28,Oswaldo Cabrera,665828,606160,1,49,203.35,65.37,25,99.6,HOU,746418,0.85,2.05
2024-03-28,Nick Martini,605361,680686,1,15,208.83,57.1,29,104.9,CIN,746737,0.15,2.11
2024-03-28,Nick Martini,605361,680686,1,27,179.85,47.65,23,100.8,CIN,746737,-0.42,2.27
2024-03-28,Eddie Rosario,592696,641941,2,54,207.92,64.31,35,101.3,CIN,746737,0.71,3.39
2024-03-28,Mike Trout,545361,669203,2,3,89.49,40.39,37,102.5,BAL,747060,0.3,2.1
2024-03-28,Anthony Santander,623993,660761,2,35,39.64,46.36,26,107.1,BAL,747060,-0.78,1.96
2024-03-28,Cedric Mullins,656775,542585,0,56,137.83,36.75,26,103.1,BAL,747060,-0.56,3.49
2024-03-28,Lourdes Gurriel Jr.,666971,607536,1,6,21.01,75.46,33,106.2,AZ,747224,-0.42,2.34
2024-03-29,George Springer,543807,650644,2,17,23.84,92.97,25,100.1,TB,745117,0.13,2.41
2024-03-29,Brandon Lowe,664040,605135,0,23,177.44,26.26,23,111,TB,745117,0.16,2.53
2024-03-29,J.P. Crawford,641487,601713,1,40,232.98,86.87,29,105.5,SEA,745276,0.55,2.01
2024-03-29,Manny Machado,592518,690986,1,33,40.06,62.05,27,104.1,SD,745435,-0.27,2.22
2024-03-29,Matt Chapman,656305,605397,2,4,144.79,35.5,25,104.2,SD,745435,-0.38,2.91
2024-03-29,Fernando Tatis Jr.,665487,690986,0,47,22.1,52.51,25,114.9,SD,745435,0.18,2.67
2024-03-29,Fernando Tatis Jr.,665487,643511,1,66,24.24,93.97,18,109.6,SD,745435,0.83,3.82
2024-03-29,Matt Chapman,656305,658648,1,71,3.51,76.81,26,111.7,SD,745435,-0.42,1.83
2024-03-29,Brandon Marsh,669016,675911,1,36,90.1,48.37,29,103.9,PHI,745604,0.11,2.75
2024-03-29,José Ramírez,608070,548389,1,3,222.3,80.37,25,93.2,OAK,745682,-0.97,3.51
2024-03-29,J.D. Davis,605204,671106,0,30,159.72,36.59,27,104.9,OAK,745682,0.07,3.11
2024-03-29,J.D. Davis,605204,671106,0,48,133.11,31.58,34,100.6,OAK,745682,-0.06,3.16
2024-03-29,Starling Marte,516782,642547,1,13,70.81,55.34,18,109.2,NYM,745848,-0.48,2.35
2024-03-29,Christian Yelich,592885,500779,0,22,190.06,55.06,19,108.7,NYM,745848,0.06,2.63
2024-03-29,Teoscar Hernández,606192,668868,1,12,224.67,82.68,27,100.3,LAD,746167,0.39,3.27
2024-03-29,Teoscar Hernández,606192,668868,1,28,57.26,66.04,34,96.7,LAD,746167,0.4,3.06
2024-03-29,Mookie Betts,605141,668868,0,4,32.07,70.48,31,100,LAD,746167,-0.43,2.35
2024-03-29,Miguel Rojas,500743,606149,1,53,23.37,89.4,19,104.9,LAD,746167,-0.5,2.69
2024-03-29,Giancarlo Stanton,519317,656232,1,77,76.65,36.77,21,109.7,HOU,746412,0.02,2.32
2024-03-29,Elias Díaz,553869,518876,1,12,63.59,44.7,25,104.4,AZ,747223,-0.02,2.52
2024-03-29,Alek Thomas,677950,656234,0,46,212.68,62.23,33,105.1,AZ,747223,0.52,2.74
2024-03-29,Lourdes Gurriel Jr.,666971,615698,2,7,17.09,86.13,39,103,AZ,747223,0.1,3.32
2024-03-29,Christian Walker,572233,615698,2,8,42.42,54.76,19,111.7,AZ,747223,-0.77,2.16
2024-03-30,Dansby Swanson,621020,674003,0,10,66.08,53.5,22,107.7,TEX,745037,0.18,2.46
2024-03-30,Jared Walsh,665120,543294,0,16,197.94,40.38,31,106.9,TEX,745037,-0.34,1.7
2024-03-30,Adolis García,666969,543294,1,25,188.85,61.74,31,100.8,TEX,745037,0.7,3.06
2024-03-30,Josh Jung,673962,676962,2,69,56.46,40.49,29,104.9,TEX,745037,-0.04,2.11
2024-03-30,Randy Arozarena,668227,579328,1,39,228.2,90.79,29,103.7,TB,745119,0.56,2.68
2024-03-30,Jung Hoo Lee,808982,676680,1,56,193.37,49.05,32,104.4,SD,745436,0.6,2.66
2024-03-30,Michael Conforto,624424,676680,1,61,204.4,66.55,23,105.1,SD,745436,0.55,2.76
2024-03-30,Eguy Rosario,666703,669062,0,74,44.21,81,23,103.1,SD,745436,-0.3,3.37
2024-03-30,Graham Pauley,688363,666808,1,78,232.12,98.35,34,96.5,SD,745436,0.45,1.88
2024-03-30,Ozzie Albies,645277,605400,0,2,179.05,50.01,29,97.3,PHI,745599,-0.39,1.61
2024-03-30,Matt Olson,621566,605400,0,24,212.43,93.56,47,102.3,PHI,745599,0.22,2.57
2024-03-30,J.T. Realmuto,592663,445926,1,32,44.74,59.68,32,101.3,PHI,745599,-0.48,2.89
2024-03-30,Marcell Ozuna,542303,622554,2,55,66.97,58.52,32,97.8,PHI,745599,0.27,2.07
2024-03-30,Michael Harris II,671739,641401,0,75,188.36,61.31,41,105,PHI,745599,-0.07,2.9
2024-03-30,Steven Kwan,680757,547184,2,66,206.28,46.71,29,102.5,OAK,745684,0.47,1.96
2024-03-30,Francisco Alvarez,682626,669084,0,19,43.3,59.23,21,109.7,NYM,745850,-0.11,2.61
2024-03-30,Rhys Hoskins,656555,622663,1,26,15.87,85.6,28,107.4,NYM,745850,-0.07,2.4
2024-03-30,Brett Baty,683146,571948,1,76,185.68,37.57,29,108.2,NYM,745850,0.74,2.12
2024-03-30,Pete Alonso,624413,682842,1,84,54.11,50.84,18,113.8,NYM,745850,0.71,2.92
2024-03-30,Mookie Betts,605141,664854,1,73,73.78,42.23,29,100.1,LAD,746168,-0.13,2.82
2024-03-30,Oswaldo Cabrera,665828,650556,0,51,213.66,91.99,32,90.3,HOU,746410,1.16,2.75
2024-03-30,Juan Soto,665742,650556,2,54,35.92,98.86,24,102,HOU,746410,-0.69,2.37
2024-03-30,Anthony Volpe,683011,519151,2,61,63.31,60.92,32,96.9,HOU,746410,-0.52,2.43
2024-03-30,Jeimer Candelario,600869,571578,2,30,36.88,73.67,32,97.6,CIN,746736,-0.7,2.54
2024-03-30,Luke Maile,571912,571578,1,40,175.81,56.5,31,96,CIN,746736,0.94,2.31
2024-03-30,Keibert Ruiz,660688,608371,1,60,238.11,93.29,37,106.8,CIN,746736,0.23,3.1
2024-03-30,Luis Robert Jr.,673357,628317,1,10,71.4,45.14,23,111.9,CWS,746818,-0.34,2.89
2024-03-30,Braden Shewmake,669699,628317,1,18,210.48,72.74,28,100.4,CWS,746818,-0.5,2.26
2024-03-30,Luis Robert Jr.,673357,628317,1,28,56.39,44.74,30,104.8,CWS,746818,0.54,3.15
2024-03-30,Mark Canha,592192,647336,2,41,27.26,81.04,21,106.5,CWS,746818,-0.06,3.03
2024-03-30,Riley Greene,682985,608678,0,56,91.26,42.78,31,104.5,CWS,746818,0.39,2.84
2024-03-30,Taylor Ward,621493,680570,1,27,102.05,31.32,24,105.6,BAL,747063,-0.07,2.05
2024-03-30,Gunnar Henderson,683002,656288,0,5,154.79,31.91,29,106.6,BAL,747063,0.34,1.3
2024-03-30,Anthony Santander,623993,670871,0,52,196.72,72.09,32,98,BAL,747063,0.34,0.99
2024-03-30,Ezequiel Tovar,678662,674072,2,14,60.88,49.59,27,103.7,AZ,747221,0.2,3.25
2024-03-30,Eugenio Suárez,553993,596295,0,31,63.43,48.84,28,100,AZ,747221,-0.47,2.74
2024-03-30,Lourdes Gurriel Jr.,666971,596295,2,45,45.99,51.4,32,103.6,AZ,747221,-0.57,2.76
2024-03-30,Brenton Doyle,686668,686826,1,69,35.84,72.16,23,101.1,AZ,747221,-0.57,3.25
2024-03-31,Christopher Morel,666624,592351,1,4,51.26,53.82,23,107.4,TEX,745035,0.33,2.6
2024-03-31,Justin Turner,457759,641302,0,35,46.42,57.53,26,103.6,TB,745115,0.04,3.48
2024-03-31,Davis Schneider,676914,641302,2,39,30.49,83.52,24,102.8,TB,745115,-0.64,1.99
2024-03-31,Isaac Paredes,670623,643338,2,76,30.87,90.12,28,95.7,TB,745115,-0.19,2.16
2024-03-31,Randy Arozarena,668227,592332,2,9,198.45,61.38,25,107.1,TB,745115,-0.2,2.43
2024-03-31,Enmanuel Valdez,665839,682243,2,31,229.91,86.56,38,105,SEA,745279,-0.13,2.82
2024-03-31,Tyler O'Neill,641933,682243,1,9,22.34,93.27,36,103.4,SEA,745279,0.24,3.34
2024-03-31,Luis Campusano,669134,641726,2,11,219.72,103.89,37,96.4,SD,745438,0.38,2.86
2024-03-31,Ha-Seong Kim,673490,641726,2,23,22.4,97.54,31,98.8,SD,745438,-0.33,2.17
2024-03-31,Thairo Estrada,642731,650633,0,41,61.39,46.49,28,105.3,SD,745438,-0.71,2.35
2024-03-31,Ozzie Albies,645277,624133,0,2,29.26,86.83,34,96.3,PHI,745602,-0.6,1.67
2024-03-31,Kyle Schwarber,656941,519242,0,6,214.22,71.35,19,114.4,PHI,745602,0.23,2.57
2024-03-31,Avisaíl García,541645,663559,0,38,165.71,33.16,23,106.9,MIA,746090,0.3,3.23
2024-03-31,Rowdy Tellez,642133,661269,2,61,100.35,28.71,29,106.6,MIA,746090,0.01,2.57
2024-03-31,Nick Gordon,624503,670280,1,78,191.9,47.66,29,106.5,MIA,746090,-0.38,2.44
2024-03-31,Jazz Chisholm Jr.,665862,663559,0,8,193.03,40.65,26,104.9,MIA,746090,-0.39,3.28
2024-03-31,Teoscar Hernández,606192,669467,1,68,71.35,48.39,20,106.2,LAD,746166,-0.33,1.94
2024-03-31,Max Muncy,571970,667463,1,70,208.5,49.8,31,107,LAD,746166,0.51,2.3
2024-03-31,Kyle Isbel,664728,641927,0,17,212.41,60.27,24,105.5,KC,746332,0.1,2.07
2024-03-31,Maikel Garcia,672580,641927,0,18,57.82,41.78,28,103.8,KC,746332,-0.49,3.03
2024-03-31,Bobby Witt Jr.,677951,681892,1,31,109.58,24.08,30,109.8,KC,746332,-0.69,1.53
2024-03-31,Nelson Velázquez,676369,663485,1,55,18.86,82.72,23,108.1,KC,746332,-0.88,3.29
2024-03-31,Salvador Perez,521692,641927,1,7,39.55,61.13,31,98.7,KC,746332,0.61,1.69
2024-03-31,Jose Altuve,514888,657376,2,22,47.36,85.57,44,99.7,HOU,746413,0.02,1.94
2024-03-31,CJ Abrams,682928,607259,1,16,197.16,39.97,25,107.1,CIN,746739,0.33,1.88
2024-03-31,Trey Lipscomb,702358,571656,0,53,167.36,49.61,25,102.4,CIN,746739,-0.05,2.8
2024-03-31,Will Benson,666181,640448,2,80,97.81,35,25,102.9,CIN,746739,0.22,3.3
2024-03-31,Christian Encarnacion-Strand,687952,640448,2,81,16.33,85.61,25,113.3,CIN,746739,0.22,2.71
2024-03-31,Korey Lee,686676,656427,0,20,80.26,45.43,26,107.9,CWS,746815,0.18,2.49
2024-03-31,Kerry Carpenter,681481,607200,0,25,211.94,64.89,32,105,CWS,746815,-0.35,3.5
2024-03-31,Jake Rogers,668670,607200,0,35,36.81,89.7,25,102.5,CWS,746815,0.04,2.56
2024-03-31,Paul DeJong,657557,605177,1,54,207.02,80.19,25,102.9,CWS,746815,0.36,2.42
2024-03-31,Taylor Ward,621493,669330,2,4,27.53,70.27,25,107.6,BAL,747062,-0.26,2.15
2024-03-31,Christian Walker,572233,663372,1,7,75.03,38.49,25,103.9,AZ,747222,0.1,1.56
2024-04-01,Riley Adams,656180,672710,1,60,68.37,35.59,28,108.9,WSH,744875,-0.61,2.21
2024-04-01,Josh Jung,673962,686752,2,5,37.5,69.28,35,102.3,TB,745109,-0.27,2.89
2024-04-01,Richie Palacios,680700,641540,1,53,201.62,61.52,28,101.8,TB,745109,-0.42,2.34
2024-04-01,Jose Siri,642350,641540,1,55,50.72,61.5,22,105.3,TB,745109,-0.73,1.69
2024-04-01,Adolis García,666969,606965,0,59,35.35,50.65,24,110.1,TB,745109,0.34,2.3
2024-04-01,Dominic Canzone,686527,663474,1,14,92.67,36.18,23,107.8,SEA,745277,-0.61,3.16
2024-04-01,Tyler Freeman,671289,676106,1,47,154.84,43.46,26,102.1,SEA,745277,0.15,2.82
2024-04-01,Josh Naylor,647304,662253,1,64,175.08,28.09,26,108.1,SEA,745277,0.21,3.1
2024-04-01,Jackson Merrill,701538,502043,2,26,40.08,76.41,25,104.8,SD,745437,-0.32,2.68
2024-04-01,Brendan Donovan,680977,666745,0,46,215.46,77.85,22,104.6,SD,745437,-0.16,2.08
2024-04-01,Willson Contreras,575929,663362,2,5,145.63,30.57,24,107.2,SD,745437,0.69,2.89
2024-04-01,Fernando Tatis Jr.,665487,502043,1,54,57.58,32.66,28,112.7,SD,745437,-0.53,2.17
2024-04-01,Spencer Steer,668715,641401,0,72,71,54.14,26,104.4,PHI,745600,0.4,2.35
2024-04-01,Carson Kelly,608348,543859,2,71,19.7,79.59,32,106.1,NYM,745842,-0.72,2.05
2024-04-01,Mike Trout,545361,676974,1,30,33.4,59.31,27,104,MIA,746085,-0.33,2.42
2024-04-01,Nolan Schanuel,694384,666277,0,46,206.21,69.74,31,101.6,MIA,746085,0.49,2.21
2024-04-01,Mike Trout,545361,666277,0,47,84.24,11.42,26,113.1,MIA,746085,0.13,1.6
2024-04-01,Michael Conforto,624424,518489,1,45,238.11,89.96,37,102.3,LAD,746170,0.47,1.71
2024-04-01,Teoscar Hernández,606192,643511,1,51,45.65,43.46,28,107.4,LAD,746170,0.22,2.34
2024-04-01,Jeremy Peña,665161,670102,1,15,45.67,61.32,33,102.2,HOU,746409,0.08,2.61
2024-04-01,Kyle Tucker,663656,650893,0,52,183.33,49.19,30,101.3,HOU,746409,0.5,2.45
2024-04-01,Yainer Diaz,673237,650893,1,54,214.33,89.54,33,96.6,HOU,746409,0.29,3.02
2024-04-01,Kyle Tucker,663656,670102,1,7,56.89,65.85,27,98.8,HOU,746409,-0.35,3.38
2024-04-01,Yainer Diaz,673237,670102,2,9,58.31,35.72,31,107.1,HOU,746409,-0.04,3.8
2024-04-01,Austin Riley,663586,608678,2,65,174.45,50.38,25,103.1,CWS,746817,0.8,2.68
2024-04-01,Bobby Witt Jr.,677951,665152,2,18,106.09,21.98,26,110.8,BAL,747058,-0.45,2.42
2024-04-01,Salvador Perez,521692,665152,2,20,142.45,30.52,25,107.9,BAL,747058,1.07,2.44
2024-04-01,Ryan Mountcastle,663624,608379,0,30,43.57,73.44,25,107.2,BAL,747058,-0.18,1.95
2024-04-01,Jordan Westburg,676059,623433,1,73,197.1,67.69,29,101.7,BAL,747058,0.46,2.71
2024-04-02,Isaac Paredes,670623,666720,2,40,47.99,117.45,33,96.8,TB,745111,0.48,2.99
2024-04-02,Bo Naylor,666310,622491,2,27,205.21,65.71,30,97.9,SEA,745273,0.84,2.53
2024-04-02,Willson Contreras,575929,506433,2,44,172.42,30.89,26,106.7,SD,745439,0.23,1.75
2024-04-02,Bryce Harper,547180,668933,0,27,219.94,83.11,19,103.3,PHI,745598,-0.12,1.83
2024-04-02,Bryce Harper,547180,608718,1,56,182.15,37.39,24,108.3,PHI,745598,0.63,1.34
2024-04-02,Brandon Marsh,669016,571656,0,65,36.46,85.75,32,98,PHI,745598,0.22,1.69
2024-04-02,Bryce Harper,547180,668933,2,7,102,30.67,29,107.7,PHI,745598,-0.26,2.16
2024-04-02,Shea Langeliers,669127,678394,2,17,70.49,53.14,31,102,OAK,745680,-0.57,2.08
2024-04-02,JJ Bleday,668709,678394,2,28,168.38,39.06,28,105.7,OAK,745680,0.21,2.42
2024-04-02,Christian Yelich,592885,686973,0,22,113.9,28.41,28,104.3,MIL,746009,0.03,2.32
2024-04-02,Aaron Hicks,543305,666200,1,22,233.87,95.11,23,104.1,MIA,746086,0.25,3.28
2024-04-02,Bryan De La Cruz,650559,472610,1,65,155.64,40.39,27,102.7,MIA,746086,-0.27,2.29
2024-04-02,Mookie Betts,605141,657277,1,24,80.68,40.76,22,100.2,LAD,746169,0.17,1.49
2024-04-02,Jorge Soler,624585,642232,0,45,70.47,53.87,32,99.4,LAD,746169,0.43,2.38
2024-04-02,Jose Altuve,514888,621244,0,24,42.52,74.02,34,105.3,HOU,746411,0.05,2.92
2024-04-02,Davis Schneider,676914,623352,2,64,90.91,31.43,34,108.8,HOU,746411,0.07,2.3
2024-04-02,Marcell Ozuna,542303,676979,1,46,43.7,82.81,42,98.9,CWS,746814,-0.44,1.88
2024-04-02,Paul DeJong,657557,621345,0,49,36.59,87.32,43,99.8,CWS,746814,-0.44,2.75
2024-04-02,Marcell Ozuna,542303,656629,1,65,57.8,49.05,25,103.2,CWS,746814,-0.52,2.85
2024-04-02,Christopher Morel,666624,607536,0,24,42.77,69.73,37,104.7,CHC,746898,-0.26,2.92
2024-04-02,Seiya Suzuki,673548,607536,0,5,114.47,32,16,115,CHC,746898,-0.08,2.63
2024-04-02,Garrett Cooper,643265,683627,1,56,175.43,44.65,23,108.3,CHC,746898,0.27,2.27
2024-04-02,Michael Toglia,669911,621016,2,62,205.26,47.55,26,108.5,CHC,746898,-0.2,2.82
2024-04-02,Cody Bellinger,641355,683627,1,68,235.9,64.96,30,107.4,CHC,746898,0.25,3.37
2024-04-02,Christian Walker,572233,664776,1,56,29.19,56.29,31,108.1,AZ,747220,-0.53,3.16
2024-04-03,Joey Gallo,608336,656605,0,14,213.22,39.44,34,109,WSH,744869,0.23,3.07
2024-04-03,Jack Suwinski,669261,676395,1,46,220.51,65.88,21,109.1,WSH,744869,-0.09,2.38
2024-04-03,Corey Seager,608369,650644,0,38,229.25,103.58,31,95,TB,745114,0.55,1.45
2024-04-03,Kyle Higashioka,543309,668868,1,32,25.77,69.26,27,103.9,SD,745440,0.15,2.37
2024-04-03,Kyle Schwarber,656941,593423,0,45,231.14,97.13,21,113,PHI,745603,0.1,2.41
2024-04-03,Rhys Hoskins,656555,663978,0,33,12.13,82.64,28,107.4,MIL,746008,-0.28,2.54
2024-04-03,Jackson Chourio,694192,650960,0,44,157.56,39.65,24,103.5,MIL,746008,-0.07,2.67
2024-04-03,Ryan Jeffers,680777,669060,2,60,59.73,62.06,39,103.2,MIL,746008,0.19,3.38
2024-04-03,Taylor Ward,621493,592288,0,67,144.93,34.21,31,102.4,MIA,746083,0.18,2.17
2024-04-03,Patrick Bailey,672275,607192,1,18,200.43,58.41,31,99.9,LAD,746163,-0.25,2.91
2024-04-03,Miguel Rojas,500743,690986,2,33,30.11,76.69,23,101.5,LAD,746163,-0.2,3.09
2024-04-03,Shohei Ohtani,660271,573124,2,57,173.7,31.3,24,105.6,LAD,746163,-0.5,3.12
2024-04-03,Jorge Soler,624585,543339,2,61,99.02,17.82,32,112,LAD,746163,0.15,2.92
2024-04-03,Yordan Alvarez,670541,605135,1,23,168.18,33.35,26,108.2,HOU,746407,-0.55,2.95
2024-04-03,Yordan Alvarez,670541,641835,0,52,164.88,23.16,27,109.5,HOU,746407,-0.08,1.37
2024-04-03,Jeremy Peña,665161,641149,0,62,93.54,74.42,24,103.4,HOU,746407,-0.12,2.66
2024-04-03,Jose Altuve,514888,641149,1,64,23.99,77.28,27,105.4,HOU,746407,-0.28,2.91
2024-04-03,Seiya Suzuki,673548,656222,0,37,65.06,53.3,22,105,CHC,746900,-0.61,2.39
2024-04-03,Maikel Garcia,672580,657508,0,47,201.39,66.17,25,101.2,BAL,747059,-0.23,2.91
2024-04-03,Blaze Alexander,677942,607074,1,12,29.86,82.73,23,110.6,AZ,747219,-0.52,2.79
2024-04-03,Aaron Judge,592450,518876,1,24,186.56,50.39,32,108.9,AZ,747219,-0.1,2.4
2024-04-03,Ketel Marte,606466,607074,2,38,49.7,40.62,30,109.3,AZ,747219,-0.58,2.56
2024-04-03,Alex Verdugo,657077,656464,0,68,224.77,72.37,31,104.9,AZ,747219,0.37,3.19
2024-04-04,Connor Joe,656582,571882,1,39,43.9,59.14,28,102.1,WSH,744870,-0.66,2.59
2024-04-04,CJ Abrams,682928,527048,2,45,160.42,34.59,29,105.9,WSH,744870,-0.17,2.9
2024-04-04,Iván Herrera,671056,677960,0,12,48.98,49.72,33,107.2,STL,745200,-0.59,2.1
2024-04-04,Jake Burger,669394,458681,0,24,59.18,49.86,32,107.1,STL,745200,-0.97,2.26
2024-04-04,Josh Bell,605137,458681,1,37,128.42,20.18,32,104.8,STL,745200,-0.09,2.1
2024-04-04,Jake Burger,669394,458681,1,38,27.84,70.54,40,108.4,STL,745200,-0.75,3.07
2024-04-04,Pete Alonso,624413,656412,0,64,94.97,38.9,23,101.2,NYM,745843,0.01,1.07
2024-04-04,Riley Greene,682985,493603,1,64,197.23,56.33,26,105.9,NYM,745844,-0.04,2.45
2024-04-04,Edouard Julien,666397,676440,0,40,47.64,72.46,38,102.7,MIN,745928,-0.13,3.09
2024-04-04,Nelson Velázquez,676369,647336,2,31,61.35,37.38,28,108.5,KC,746327,-0.86,3.11
2024-04-04,MJ Melendez,669004,608678,2,60,185.07,38.69,31,105.9,KC,746327,-0.08,2.45
2024-04-05,Adolis García,666969,686613,2,20,178.15,56.72,34,98.5,TEX,745033,0.14,3.99
2024-04-05,Marcus Semien,543760,656232,1,57,50.61,57.84,32,101.9,TEX,745033,-0.4,2.35
2024-04-05,Jake Meyers,676694,666720,2,70,194.91,70.77,33,101.8,TEX,745033,0.46,2.91
2024-04-05,Ryan O'Hearn,656811,683003,1,10,140.51,42.48,32,103.6,PIT,745524,0.09,3.04
2024-04-05,Gunnar Henderson,683002,683003,0,19,137.86,34.92,24,104.1,PIT,745524,0.4,1.6
2024-04-05,Oneil Cruz,665833,680570,1,40,211.38,72.27,33,98.5,PIT,745524,-0.03,2.5
2024-04-05,Jared Triolo,669707,680570,0,58,105.65,34,27,104.5,PIT,745524,-0.61,2.58
2024-04-05,Cedric Mullins,656775,676702,0,62,199.97,111.41,24,102,PIT,745524,0.37,2.57
2024-04-05,Ernie Clement,676391,657571,0,46,36.76,59.89,27,104.9,NYY,745764,-0.39,2.49
2024-04-05,Willy Adames,642715,669302,0,12,224.2,89.15,27,99.8,MIL,746007,0.58,2.98
2024-04-05,Oliver Dunn,686554,669302,1,29,199.12,48.49,27,103.6,MIL,746007,0.06,2.74
2024-04-05,Christian Yelich,592885,669302,1,47,237.32,62.88,32,112.4,MIL,746007,0.43,2.52
2024-04-05,Reese McGuire,624512,656288,1,12,191.6,54.44,26,102.8,LAA,746249,-0.43,2.39
2024-04-05,Logan O'Hoppe,681351,670174,1,56,117.23,34.78,32,104.8,LAA,746249,-0.1,2.08
2024-04-05,Jarren Duran,680776,667755,1,72,110.09,34.27,23,105.2,LAA,746249,-0.18,2.92
2024-04-05,Tyler O'Neill,641933,667755,1,79,37.4,71.59,22,104.7,LAA,746249,-0.38,2.36
2024-04-05,Tyler O'Neill,641933,656288,0,8,160.61,36.58,31,101.6,LAA,746249,0.44,2.46
2024-04-05,Triston Casas,671213,656288,0,9,91.82,42.06,30,104,LAA,746249,-0.68,2.73
2024-04-05,Gavin Sheets,657757,663903,0,9,229.82,78.5,34,106.1,KC,746328,0.42,2.78
2024-04-05,Matt Vierling,663837,676664,0,23,40.18,82.04,19,107.1,DET,746497,-0.51,2.3
2024-04-05,Brent Rooker,667670,669373,2,41,28.58,92.71,33,95.8,DET,746497,-0.17,2.36
2024-04-05,Mark Canha,592192,676664,2,45,18.32,69.29,29,107,DET,746497,0.06,2.59
2024-04-05,Abraham Toro,647351,669373,1,49,29.27,70.2,31,102.8,DET,746497,-0.67,2.13
2024-04-05,Ezequiel Tovar,678662,621363,2,52,58.03,42.76,41,106.5,COL,746576,-0.88,1.89
2024-04-05,Kris Bryant,592178,621097,0,67,,,29,105.5,COL,746576,-0.78,2.55
2024-04-05,Ryan McMahon,641857,592094,1,86,211.4,52.69,35,102.5,COL,746576,0.32,1.9
2024-04-05,Jeff McNeil,643446,641941,2,67,214.67,70.23,24,100.4,CIN,746733,0.35,2.89
2024-04-05,Spencer Steer,668715,500779,1,7,36.09,68.84,21,106.8,CIN,746733,0.01,2.15
2024-04-05,Dansby Swanson,621020,676272,1,15,100.37,44.14,34,106.5,CHC,746897,-0.01,2.84
2024-04-05,Michael Busch,683737,659275,1,28,212.65,75.96,34,109,CHC,746897,0.56,1.75
2024-04-05,Shohei Ohtani,660271,543294,0,41,233.57,91.74,32,105.2,CHC,746897,-0.09,2.2
2024-04-05,Ketel Marte,606466,675911,0,1,201.28,62.9,29,99.9,ATL,747143,-0.13,2.99
2024-04-05,Matt Olson,621566,674072,2,27,165.74,32.11,27,105.1,ATL,747143,-0.44,2.59
2024-04-06,J.T. Realmuto,592663,663623,2,21,78.08,48.74,22,105.8,WSH,744873,0.24,2.34
2024-04-06,Joey Gallo,608336,624133,2,26,177.57,38.94,33,104.1,WSH,744873,0.15,2.48
2024-04-06,Jurickson Profar,595777,676775,2,6,221.3,95.11,43,105.8,SF,745359,0.23,2.42
2024-04-06,Joey Bart,663698,669330,2,14,53.24,49.62,24,109,PIT,745522,0.29,2.82
2024-04-06,Anthony Rizzo,519203,669952,0,46,233.32,96.35,28,96.9,NYY,745766,0.76,2.95
2024-04-06,Vladimir Guerrero Jr.,665489,596133,0,60,195.88,70.24,26,104.2,NYY,745766,0.52,3.24
2024-04-06,Aaron Judge,592450,592332,1,7,67.62,37,29,109.7,NYY,745766,-0.94,1.93
2024-04-06,Giancarlo Stanton,519317,592332,2,9,197.99,77.75,29,100,NYY,745766,0.63,2.79
2024-04-06,David Fry,681807,657746,2,13,47.26,45.81,34,101.5,MIN,745926,0.05,2.51
2024-04-06,Jorge Polanco,593871,669060,0,55,186.24,40.49,29,106.6,MIL,746006,-0.2,1.97
2024-04-06,Jackson Chourio,694192,608723,0,61,44.08,60.13,29,101.3,MIL,746006,0.07,3.18
2024-04-06,Luis Urías,649966,571948,0,68,61.37,57.23,22,106.5,MIL,746006,0.83,1.94
2024-04-06,MJ Melendez,669004,623167,0,46,114.11,31.32,27,107.8,KC,746329,-0.16,2.34
2024-04-06,Brent Rooker,667670,628317,2,4,30.95,73.08,27,107.3,DET,746498,0.6,2.91
2024-04-06,Ryan McMahon,641857,641302,1,13,22.36,90.4,27,95.8,COL,746575,0.01,2.53
2024-04-06,Michael Toglia,669911,641302,1,32,31.49,65.01,35,107.4,COL,746575,-0.29,2.91
2024-04-06,Brenton Doyle,686668,606965,1,49,233.92,99.72,37,98.3,COL,746575,-0.07,3.21
2024-04-06,Isaac Paredes,670623,641755,2,65,22.36,93.48,30,96,COL,746575,0.39,2.48
2024-04-06,Spencer Steer,668715,670990,0,70,81.12,43.63,27,101.9,CIN,746731,-0.1,2.68
2024-04-06,Ketel Marte,606466,608331,0,1,72.22,19.47,21,114.4,ATL,747140,-0.28,2.27
2024-04-06,Marcell Ozuna,542303,694297,2,52,45.55,57.79,39,107,ATL,747140,-0.43,2.46
2024-04-07,Edmundo Sosa,624641,669022,1,36,85.15,37.19,33,105.4,WSH,744871,-0.81,1.39
2024-04-07,Yordan Alvarez,670541,641540,1,19,240.18,95.2,24,108.6,TEX,745032,0.76,2.4
2024-04-07,Nolan Gorman,669357,676974,1,37,100.93,39.48,34,104.7,STL,745198,0.1,1.59
2024-04-07,Jazz Chisholm Jr.,665862,502043,1,4,186.1,43.09,32,105.4,STL,745198,0.84,2.99
2024-04-07,Nolan Gorman,669357,542882,1,76,108.26,30.03,21,108.8,STL,745198,-0.5,2.49
2024-04-07,Nick Gordon,624503,502043,2,8,223.35,71.55,30,106.1,STL,745198,0.51,1.82
2024-04-07,Giancarlo Stanton,519317,670102,2,28,32.99,57.48,27,110.6,NYY,745765,-0.76,2.79
2024-04-07,William Contreras,661388,676106,1,21,53.29,64.43,24,104.2,MIL,746003,-0.4,2.02
2024-04-07,Willy Adames,642715,676106,1,39,21.48,93.79,39,100.5,MIL,746003,-0.6,2.33
2024-04-07,William Contreras,661388,668942,0,69,138.98,34.34,25,105,MIL,746003,0.14,3.35
2024-04-07,Dominic Canzone,686527,600986,2,76,236.89,64.31,31,107.9,MIL,746003,0.53,1.95
2024-04-07,David Hamilton,666152,681217,1,18,179.74,58.48,31,99.3,LAA,746251,0.11,3.66
2024-04-07,Rafael Devers,646240,681217,2,20,118.65,23.05,26,108.4,LAA,746251,-0.95,2.42
2024-04-07,Tyler O'Neill,641933,681217,2,21,61.46,49.54,25,102.9,LAA,746251,-0.4,2.19
2024-04-07,Reese McGuire,624512,660761,2,46,211,72.38,34,102.1,LAA,746251,0.43,2.19
2024-04-07,Mike Trout,545361,502624,1,66,27.51,84.27,23,108.6,LAA,746251,0.35,1.97
2024-04-07,Hunter Renfroe,592669,676979,1,41,25.24,87.59,22,104.2,KC,746330,-0.08,1.9
2024-04-07,MJ Melendez,669004,665620,0,57,195.24,45.2,33,100.9,KC,746330,-0.38,3.36
2024-04-07,Zack Gelof,680869,656427,2,16,42.41,58.72,28,108.3,DET,746493,0.23,3.71
2024-04-07,Riley Greene,682985,666205,1,66,177.25,46.63,37,102.9,DET,746493,0.66,2.49
2024-04-07,Francisco Lindor,596019,671096,2,32,40.28,77.08,28,103.4,CIN,746734,0.22,3
2024-04-07,Cody Bellinger,641355,642232,2,51,233.45,92.16,25,103.3,CHC,746895,1.08,2.88
2024-04-07,Matt Olson,621566,669194,0,10,222.25,63.71,24,107.3,ATL,747141,0.19,2.16
2024-04-07,Michael Harris II,671739,669194,1,30,197.25,47.15,28,104.1,ATL,747141,-0.48,2.28
2024-04-07,Austin Riley,663586,612434,1,59,78.87,24.37,27,109.1,ATL,747141,-0.07,1.98
2024-04-08,J.P. Crawford,641487,554340,1,59,233.78,74.67,34,107,TOR,744956,0.46,1.23
2024-04-08,Cal Raleigh,663728,643338,1,69,213.88,78.7,39,104.1,TOR,744956,-0.36,2.71
2024-04-08,Yordan Alvarez,670541,571760,2,21,216.68,48.76,33,112.9,TEX,745034,0.65,2.5
2024-04-08,Victor Caratini,605170,681982,1,47,205.96,60.38,41,105.2,TEX,745034,0.32,3.23
2024-04-08,Iván Herrera,671056,622554,0,51,53.95,64.95,26,100.7,STL,745194,0.12,2.41
2024-04-08,Brandon Marsh,669016,606149,2,64,242.79,83.14,35,106.1,STL,745194,0.5,2.06
2024-04-08,Lane Thomas,657041,694738,1,38,31.76,65.31,19,110.6,SF,745363,0.08,2.18
2024-04-08,Jake Cronenworth,630105,665871,0,53,214.67,61.35,27,107.6,SD,745432,-0.31,2.94
2024-04-08,Xander Bogaerts,593428,681432,2,60,48.23,67.26,20,108.9,SD,745432,-0.55,2.12
2024-04-08,Fernando Tatis Jr.,665487,640470,2,77,35.32,76.17,29,100.4,SD,745432,0.3,2.32
2024-04-08,Bryan Reynolds,668804,663947,0,54,50.44,50.09,34,108.4,PIT,745520,-0.59,2.5
2024-04-08,Anthony Volpe,683011,666200,0,28,52.49,60.06,28,102.2,NYY,745761,-0.59,1.45
2024-04-08,Juan Soto,665742,666200,2,33,226.71,79.63,42,107.7,NYY,745761,0.28,2.73
2024-04-08,Manuel Margot,622534,572020,1,21,78.6,37.4,23,104.3,MIN,745925,-0.09,1.93
2024-04-08,James Outman,681546,543351,0,48,212.98,84.62,42,104,MIN,745925,-0.25,2.74
2024-04-08,Shohei Ohtani,660271,543351,2,51,58.24,62.67,38,106.9,MIN,745925,-0.03,2.74
2024-04-08,Mike Trout,545361,621107,2,22,115.01,28.26,32,108.7,LAA,746252,0.23,2.27
2024-04-08,Charlie Blackmon,453568,666818,1,71,221.39,69.66,27,100.1,COL,746569,0.19,1.4
2024-04-08,José Ramírez,608070,543766,1,40,219.71,79.45,30,102.3,CLE,746654,-0.51,2.64
2024-04-08,Will Benson,666181,676879,2,15,227.9,79.36,27,101.6,CIN,746735,0.9,3.3
2024-04-08,Brice Turang,668930,668933,2,40,152.42,40.65,31,104,CIN,746735,0.42,2.69
2024-04-08,Elly De La Cruz,682829,656266,0,45,135.19,16.83,28,112.3,CIN,746735,-0.53,3.21
2024-04-08,Christian Yelich,592885,458677,0,61,32.26,86.87,30,99.7,CIN,746735,-0.11,3.68
2024-04-08,Elly De La Cruz,682829,663542,1,67,128.34,63.07,21,86.5,CIN,746735,-0.14,2.94
2024-04-08,Marcell Ozuna,542303,527054,2,25,86.62,24.28,29,112,ATL,747142,0.01,2.7
2024-04-08,Brandon Nimmo,607043,450203,0,40,237.36,61.12,26,111.1,ATL,747142,-0.03,2.37
2024-04-08,Brandon Nimmo,607043,621345,1,57,121.39,28.93,25,108.1,ATL,747142,-0.13,2.71
2024-04-08,DJ Stewart,621466,572955,2,66,132.18,28.8,26,107.9,ATL,747142,-0.11,2.13
2024-04-09,Bo Bichette,666182,669923,2,23,39.81,46.56,24,110.4,TOR,744957,-0.17,1.64
2024-04-09,Dominic Canzone,686527,605135,2,54,50.62,55.8,29,105.7,TOR,744957,-0.46,2.78
2024-04-09,Mitch Haniger,571745,670950,2,66,25.46,93.19,39,95.5,TOR,744957,-1.06,2.46
2024-04-09,Shea Langeliers,669127,543135,2,10,46.35,55.87,30,102.6,TEX,745030,-0.13,1.86
2024-04-09,Jonah Heim,641680,622072,0,12,61.32,53.46,21,105.7,TEX,745030,0.19,2.61
2024-04-09,Shea Langeliers,669127,502085,0,49,121.76,26.33,25,109.7,TEX,745030,0.5,2.87
2024-04-09,Evan Carter,694497,687765,0,53,171.81,45.33,22,102.6,TEX,745030,0.01,1.99
2024-04-09,Shea Langeliers,669127,600917,1,65,75.99,42.69,31,105.6,TEX,745030,-0.29,3.49
2024-04-09,Nolan Gorman,669357,554430,2,28,105.17,30.88,28,106.2,STL,745195,-0.24,2.3
2024-04-09,CJ Abrams,682928,690986,2,19,198.72,37.54,25,106.6,SF,745357,0.12,3.18
2024-04-09,Yan Gomes,543228,605397,0,32,86.39,38.02,27,106.9,SD,745433,-0.01,2.27
2024-04-09,Christopher Morel,666624,663568,0,36,63.62,35.82,30,109.2,SD,745433,0.06,2.57
2024-04-09,Eguy Rosario,666703,592767,0,47,24.57,74.59,27,104,SD,745433,0.02,2.33
2024-04-09,Edward Olivares,658668,663554,0,13,44.99,60.77,20,108.6,PIT,745517,0.07,1.62
2024-04-09,Edward Olivares,658668,663947,1,45,53.41,50.65,27,105,PIT,745517,0.26,2.03
2024-04-09,Alex Verdugo,657077,640462,1,15,202.11,69.88,30,97.3,NYY,745762,0.13,2.48
2024-04-09,James Outman,681546,686973,1,26,138.87,28.88,28,106.2,MIN,745924,-0.01,2.84
2024-04-09,Will Smith,669257,686973,1,35,210.66,78.55,28,102.7,MIN,745924,0.04,2.36
2024-04-09,Ryan Jeffers,680777,681911,1,64,47.23,60.51,34,102.5,MIN,745924,0.1,2.96
2024-04-09,Carlos Correa,621043,641401,0,70,79.28,26,29,110,MIN,745924,-0.33,2.43
2024-04-09,Alex Kirilloff,666135,641401,0,71,203.71,65.27,40,105.9,MIN,745924,0.15,2.86
2024-04-09,Isaac Paredes,670623,542585,2,56,19.32,93.08,46,104.6,LAA,746250,-0.22,2
2024-04-09,Mike Trout,545361,650644,1,8,88.67,42.88,37,104.3,LAA,746250,-0.1,3.05
2024-04-09,Corbin Carroll,682998,615698,0,1,26.32,87.83,21,103.7,COL,746571,-0.7,2.2
2024-04-09,Randal Grichuk,545341,615698,0,12,31.99,80.71,26,100.2,COL,746571,-1.04,2.38
2024-04-09,Josh Naylor,647304,647336,2,13,201.7,67.05,24,102.5,CLE,746653,-0.34,1.85
2024-04-09,Tyler O'Neill,641933,669203,2,6,49.34,50.11,30,106.6,BOS,746981,-0.19,2.24
2024-04-09,Pete Alonso,624413,554431,2,65,90.93,35.58,24,105.4,ATL,747138,0.27,2.24
2024-04-10,Vladimir Guerrero Jr.,665489,669302,0,47,38.14,33.89,22,114.3,TOR,744950,-0.19,2.97
2024-04-10,Cal Raleigh,663728,641835,0,69,190.13,61.18,27,100.5,TOR,744950,1.06,2.24
2024-04-10,Zack Gelof,680869,666720,0,62,191.39,52.78,33,104.7,TEX,745024,0.64,2.74
2024-04-10,Iván Herrera,671056,605400,0,14,32.42,50.31,25,112.4,STL,745196,-0.35,2.03
2024-04-10,Brendan Donovan,680977,605400,1,24,213.96,74.92,30,93.7,STL,745196,-0.2,1.51
2024-04-10,Joey Gallo,608336,663855,0,8,210.4,81.96,37,99.9,SF,745355,-0.15,3.01
2024-04-10,Michael Busch,683737,656302,2,26,207.52,56.49,29,106.8,SD,745429,-0.07,2.32
2024-04-10,Jake Cronenworth,630105,543294,0,44,232.95,86.91,33,103.1,SD,745429,0.04,1.76
2024-04-10,Jurickson Profar,595777,543294,0,46,240.22,102.48,39,101.5,SD,745429,0.4,3.03
2024-04-10,Jake Burger,669394,573186,1,19,91.76,30.29,24,108.5,NYY,745763,0.27,2.5
2024-04-10,Giancarlo Stanton,519317,663773,1,47,188.2,52.49,30,110.5,NYY,745763,0.05,2.55
2024-04-10,Max Muncy,571970,663978,0,29,163.37,41.48,38,105.1,MIN,745923,-0.03,1.96
2024-04-10,Edouard Julien,666397,681911,0,42,42.62,71.55,39,104.3,MIN,745923,0.29,2.73
2024-04-10,Edouard Julien,666397,676272,0,7,42.2,76.35,26,101.7,MIN,745923,-0.16,2.17
2024-04-10,José Caballero,676609,667755,0,13,25.82,58.74,29,108.9,LAA,746247,0.03,2.83
2024-04-10,Jo Adell,666176,687330,0,50,184.97,54.45,24,108.1,LAA,746247,0.03,2.25
2024-04-10,Vinnie Pasquantino,686469,656232,1,39,196.65,58.11,32,101.9,KC,746323,-0.26,2.34
2024-04-10,Blaze Alexander,677942,596295,0,14,225.95,79.28,28,99.5,COL,746573,0.34,1.77
2024-04-10,Michael Toglia,669911,674072,1,35,116.36,26.89,34,105.3,COL,746573,-0.12,3.46
2024-04-10,Gavin Sheets,657757,676440,1,22,220.45,63.64,25,107.4,CLE,746655,0.85,2.59
2024-04-10,Josh Naylor,647304,607200,1,33,156.61,26.8,29,105.9,CLE,746655,0.27,3.28
2024-04-10,Bo Naylor,666310,607200,2,36,123.72,30.55,23,105.1,CLE,746655,0.41,2.53
2024-04-10,Steven Kwan,680757,607200,1,44,171.99,46.13,30,99.7,CLE,746655,0.15,2.03
2024-04-10,Christian Yelich,592885,668881,1,3,190.65,65.71,25,97,CIN,746728,-0.29,2.3
2024-04-10,Elly De La Cruz,682829,669060,0,38,47.88,66.93,21,110.4,CIN,746728,-0.01,2.25
2024-04-10,Blake Perkins,663368,668881,1,43,177.28,52.73,30,101,CIN,746728,0.17,1.89
2024-04-10,Triston Casas,671213,608344,2,44,37.7,92.59,42,104.7,BOS,746980,-0.05,2.96
2024-04-10,Jordan Westburg,676059,455119,2,62,99.12,26.21,24,111.2,BOS,746980,0.19,2.94
2024-04-11,Seth Brown,664913,592351,0,8,238.03,93.15,31,102.1,TEX,745029,0.27,2.89
2024-04-11,Alec Bohm,664761,683003,2,29,151.15,36.29,30,101.9,PHI,745601,0.2,2.14
2024-04-11,Brandon Marsh,669016,683003,1,50,86.37,48.37,33,97.4,PHI,745601,-0.68,2.03
2024-04-11,Bryson Stott,681082,670059,1,52,188.75,48.8,27,102.3,PHI,745601,0.67,1.71
2024-04-11,Bobby Witt Jr.,677951,686613,2,15,225.64,74.97,24,105.4,KC,746322,0.44,2.47
2024-04-11,Yainer Diaz,673237,663903,0,35,76.4,30.82,29,107.3,KC,746322,0.02,2.64
2024-04-11,Bobby Witt Jr.,677951,650556,2,73,178.21,53.61,33,103.2,KC,746322,-0.08,3.73
2024-04-11,Colton Cowser,681297,676477,0,34,31.57,89,30,103.7,BOS,746977,-0.14,2.97
2024-04-11,Anthony Santander,623993,669711,2,59,221.55,103.85,27,97.2,BOS,746977,0.94,1.86
2024-04-11,Connor Wong,657136,543056,2,63,57.93,55.01,35,104.4,BOS,746977,-0.52,1.54
2024-04-11,Gunnar Henderson,683002,663462,0,73,38.03,76.96,27,104.7,BOS,746977,-0.36,3.59
2024-04-11,Colton Cowser,681297,663462,2,79,208.14,40.86,26,113.6,BOS,746977,0.39,2.3
2024-04-11,DJ Stewart,621466,642216,1,24,200.5,50.95,26,102.4,ATL,747137,0.07,1.42
2024-04-11,Tyrone Taylor,621438,641645,1,81,38.03,71.8,28,99.4,ATL,747137,0.44,2.09
2024-04-12,Daulton Varsho,662139,663372,0,16,220.29,81.84,38,102,TOR,744954,0.26,2.3
2024-04-12,Nolan Jones,666134,502179,0,42,223.69,61.85,24,112,TOR,744954,0.6,3.12
2024-04-12,Ezequiel Tovar,678662,502179,0,52,40.37,66.15,31,102.1,TOR,744954,-0.09,2.19
2024-04-12,Isiah Kiner-Falefa,643396,641755,0,83,68.63,48.06,32,104.6,TOR,744954,0.39,2.22
2024-04-12,Michael Busch,683737,592773,1,68,228,69.06,29,105,SEA,745274,0.21,2.63
2024-04-12,Lawrence Butler,671732,663623,1,20,218.45,43.35,23,113.1,OAK,745679,0.12,2.44
2024-04-12,Jesse Winker,608385,666204,0,61,184.83,53.94,34,101.6,OAK,745679,-0.37,1.99
2024-04-12,Pete Alonso,624413,519293,0,61,97.95,59.1,18,111.9,NYM,745838,0.59,2.28
2024-04-12,Salvador Perez,521692,622663,0,7,69.26,32.85,24,108.4,NYM,745838,-0.37,1.45
2024-04-12,Marcell Ozuna,542303,542882,0,72,108.91,18.93,24,114.6,MIA,746084,0.26,2.38
2024-04-12,Ha-Seong Kim,673490,808967,0,10,33.24,67.75,23,104.7,LAD,746162,-0.26,2.45
2024-04-12,Max Muncy,571970,650633,0,14,226.34,98.61,22,110,LAD,746162,0.26,2.4
2024-04-12,Mookie Betts,605141,650633,2,19,51.3,51.05,31,104.9,LAD,746162,-0.13,2.03
2024-04-12,Teoscar Hernández,606192,650633,2,27,220.54,82.35,24,106.6,LAD,746162,0.44,2.4
2024-04-12,Manny Machado,592518,808967,2,4,45.25,62.82,22,102.7,LAD,746162,0.07,1.65
2024-04-12,Jake Cronenworth,630105,543339,1,45,191.69,63.46,35,102.6,LAD,746162,0.01,2.11
2024-04-12,Fernando Tatis Jr.,665487,518489,2,56,86.98,36.51,25,104.9,LAD,746162,-0.63,2.8
2024-04-12,Shohei Ohtani,660271,650633,1,7,83.26,41.81,25,107.3,LAD,746162,-0.93,3.05
2024-04-12,Jonah Heim,641680,641585,1,23,209.29,55.58,29,103.9,HOU,746408,0.01,1.88
2024-04-12,Kyle Tucker,663656,656271,1,69,219.47,73.66,33,103.6,HOU,746408,0.5,2.31
2024-04-12,Kyle Tucker,663656,641540,2,9,174.19,40.81,30,103.6,HOU,746408,0.12,2.05
2024-04-12,Mark Canha,592192,641154,1,5,52.2,66.78,32,101.2,DET,746491,-0.47,3.27
2024-04-12,Elly De La Cruz,682829,623167,2,21,181.55,25.52,27,110.8,CWS,746812,-0.3,2.6
2024-04-12,Tyler Stephenson,663886,623167,2,22,208.71,77.77,35,101.6,CWS,746812,0.2,2.62
2024-04-12,Taylor Ward,621493,656557,2,48,55.28,43.26,28,104.9,BOS,746978,-0.31,2.74
2024-04-12,Gary Sánchez,596142,669330,1,11,,,24,111.4,BAL,747055,0.4,3.66
2024-04-12,Colton Cowser,681297,642547,0,30,180.58,39.98,23,105.1,BAL,747055,0.03,2.42
2024-04-12,Willy Adames,642715,669169,0,38,36.01,64.01,28,105.9,BAL,747055,-0.39,2.82
2024-04-12,William Contreras,661388,669169,1,49,195.02,54.22,34,103.4,BAL,747055,0.3,3.35
2024-04-12,Lars Nootbaar,663457,694297,1,23,210.17,42.21,30,110.3,AZ,747217,0.58,2.79
2024-04-12,Nolan Arenado,571448,694297,1,4,43.45,47.49,34,104,AZ,747217,0.1,1.91
2024-04-12,Eugenio Suárez,553993,606149,2,46,227.71,100.27,37,100.1,AZ,747217,0.64,2.25
2024-04-13,Daulton Varsho,662139,641712,2,10,194.96,56.86,24,105.5,TOR,744953,-0.01,2.35
2024-04-13,Brenton Doyle,686668,684320,0,21,27.1,59.75,34,108.5,TOR,744953,0.21,3.25
2024-04-13,Thairo Estrada,642731,686752,2,26,20.12,76.8,26,105.8,TB,745110,-0.23,2.32
2024-04-13,LaMonte Wade Jr.,664774,686752,2,35,176.49,49.27,36,104.2,TB,745110,0.1,2.11
2024-04-13,Jorge Soler,624585,606965,1,52,106.71,19.22,28,108.6,TB,745110,0.31,3.42
2024-04-13,Thairo Estrada,642731,606965,2,55,27.8,67.82,27,104.9,TB,745110,-0.07,3.85
2024-04-13,Matt Chapman,656305,666163,0,74,200.12,69.2,28,102.3,TB,745110,0.14,4.21
2024-04-13,Seiya Suzuki,673548,676106,2,20,53.62,61.66,35,100.3,SEA,745272,-0.52,2
2024-04-13,Michael Busch,683737,668338,1,50,235.76,92.89,38,103.1,SEA,745272,0.57,1.58
2024-04-13,Miguel Amaya,665804,608723,0,56,55.48,61.34,29,98.5,SEA,745272,-0.22,2.13
2024-04-13,Oneil Cruz,665833,605513,0,39,30.08,83.92,27,108.1,PHI,745594,-0.78,2.78
2024-04-13,Kyle Schwarber,656941,594835,0,6,103.51,28.73,27,104.4,PHI,745594,-0.6,2.26
2024-04-13,Pete Alonso,624413,679525,2,31,39.93,55.73,22,105,NYM,745839,0.23,3.05
2024-04-13,Salvador Perez,521692,640455,1,36,90.64,48.03,34,102.7,NYM,745839,-0.17,3.01
2024-04-13,Pete Alonso,624413,672582,0,60,52,54.22,25,106.9,NYM,745839,0.45,2.79
2024-04-13,Starling Marte,516782,669422,0,73,87.81,46.07,23,102.8,NYM,745839,-0.02,2.05
2024-04-13,Josh Bell,605137,519242,1,6,20.33,94.05,31,96.9,MIA,746082,-0.03,2.87
2024-04-13,Ryan Jeffers,680777,571946,2,59,72.3,45.08,23,108.1,DET,746489,0.3,2.93
2024-04-13,Kerry Carpenter,681481,657746,2,7,184.87,41.51,24,108,DET,746489,-0.21,2.09
2024-04-13,Matt Wallner,670242,656716,2,94,229.97,78.74,29,103,DET,746489,-0.54,3.24
2024-04-13,Edouard Julien,666397,666159,1,19,66.17,48.45,27,103.8,DET,746490,-0.27,2.39
2024-04-13,Willi Castro,650489,666159,2,42,203.55,57.31,28,100.8,DET,746490,0.04,2.1
2024-04-13,Oswaldo Cabrera,665828,680704,0,44,201.29,78.36,35,96.8,CLE,746656,-0.11,3.37
2024-04-13,Juan Soto,665742,663474,2,30,87.81,38.49,28,104.4,CLE,746658,0.16,2.43
2024-04-13,Estevan Florial,664314,547001,1,43,206.55,75.1,35,96.4,CLE,746658,0.02,2.03
2024-04-13,Josh Naylor,647304,676760,1,75,232.18,97.95,24,103.7,CLE,746658,-0.18,2.27
2024-04-13,Taylor Ward,621493,681867,2,27,118.05,23.32,34,102.7,BOS,746979,-0.25,2.33
2024-04-13,Triston Casas,671213,656288,1,7,207.43,44.8,30,111.9,BOS,746979,0.17,2.61
2024-04-13,Rhys Hoskins,656555,665152,2,12,63.21,45.66,32,104,BAL,747054,-0.03,2.29
2024-04-13,Adley Rutschman,668939,669084,0,29,106.43,32.89,31,104.7,BAL,747054,0.1,3.11
2024-04-13,Jake Bauers,641343,665152,2,41,188.41,45.68,35,106.2,BAL,747054,-0.37,2.8
2024-04-13,Ryan Mountcastle,663624,669084,2,6,39.89,54.88,29,111,BAL,747054,0.17,3.41
2024-04-13,Jordan Westburg,676059,669084,2,8,163.72,41.82,25,103.4,BAL,747054,0.41,2.74
2024-04-13,Lourdes Gurriel Jr.,666971,502043,0,46,35.92,76.04,20,107.5,AZ,747215,-1.06,1.87
2024-04-14,Amed Rosario,642708,605483,2,10,56.66,66.79,19,106.4,TB,745113,-0.37,3.08
2024-04-14,René Pinto,650907,605483,1,32,116.92,23.73,24,108.1,TB,745113,-0.3,1.88
2024-04-14,René Pinto,650907,678906,2,50,211.65,70.98,26,105,TB,745113,0.4,2.73
2024-04-14,Michael Conforto,624424,641302,0,52,189.55,58.31,37,101.4,TB,745113,0.22,2.1
2024-04-14,Isaac Paredes,670623,678906,2,59,18.7,99.99,36,96.8,TB,745113,0.18,3.25
2024-04-14,Michael Busch,683737,622491,0,25,199.19,37.31,31,108.4,SEA,745271,0.08,1.71
2024-04-14,Jorge Polanco,593871,665871,2,46,192.09,51.41,33,104.8,SEA,745271,0.17,2.3
2024-04-14,Trea Turner,607208,656605,2,23,6.4,82.97,25,108.3,PHI,745595,-0.55,2.86
2024-04-14,Jack Suwinski,669261,554430,0,45,175.37,44.16,17,106.5,PHI,745595,-0.32,1.94
2024-04-14,Joey Bart,663698,622554,2,48,20.93,91.97,36,97.2,PHI,745595,0.13,2.14
2024-04-14,Andrew McCutchen,457705,620982,1,71,42.83,70.35,34,99.2,PHI,745595,0.27,3.06
2024-04-14,Lane Thomas,657041,622072,0,37,79.47,31.26,29,106.1,OAK,745681,-0.1,2.12
2024-04-14,Vinnie Pasquantino,686469,621242,2,68,215.71,80.48,31,96,NYM,745841,-0.28,2.79
2024-04-14,Bryan De La Cruz,650559,450203,1,13,67.81,40.53,37,105.2,MIA,746079,-0.17,3.04
2024-04-14,Adam Duvall,594807,666200,0,25,110.06,31.83,26,106.4,MIA,746079,-0.17,1.73
2024-04-14,Nick Gordon,624503,669276,2,52,219.03,97.04,38,99.2,MIA,746079,0.29,2.33
2024-04-14,Marcell Ozuna,542303,656945,2,75,89.88,37.54,30,103.3,MIA,746079,-0.58,1.45
2024-04-14,Manny Machado,592518,572020,0,24,95.17,32.6,26,104.5,LAD,746164,0.34,2.92
2024-04-14,Max Muncy,571970,506433,0,32,227.76,79.18,38,103.2,LAD,746164,0.47,2.77
2024-04-14,Jose Altuve,514888,543135,1,20,14.42,91.05,37,103.1,HOU,746404,-0.19,2.2
2024-04-14,Evan Carter,694497,664299,1,25,199.7,51.33,24,103.8,HOU,746404,0.58,2.51
2024-04-14,Jose Altuve,514888,543135,0,5,9.53,86.25,33,106.3,HOU,746404,-0.05,3.3
2024-04-14,Marcus Semien,543760,661527,2,75,23.6,89.35,34,97.1,HOU,746404,-0.61,2.37
2024-04-14,Christian Vázquez,543877,656427,1,28,60.33,59.51,32,97.8,DET,746492,0.21,2.73
2024-04-14,Javier Báez,595879,573204,1,59,39.45,62.22,31,100.9,DET,746492,-0.32,1.67
2024-04-14,Aaron Judge,592450,671106,1,20,68.53,17.32,36,114,CLE,746648,-0.3,2.52
2024-04-14,José Ramírez,608070,641482,2,26,33.47,86.57,21,102.3,CLE,746648,0.38,1.81
2024-04-14,Jose Trevino,624431,671106,2,31,88.26,39.09,29,101.8,CLE,746648,-0.37,2.29
2024-04-14,Gabriel Arias,672356,641482,0,41,167.7,32.35,27,106.7,CLE,746648,0.06,3.04
2024-04-14,Estevan Florial,664314,596133,2,68,222.94,74.94,27,102.6,CLE,746648,0.31,2.38
2024-04-14,Christian Encarnacion-Strand,687952,647336,0,20,84.39,44.16,26,105.4,CWS,746810,-0.62,1.61
2024-04-14,Nick Martini,605361,621383,2,43,182.15,48.06,28,103.8,CWS,746810,0.32,2.36
2024-04-14,Brandon Drury,592273,678394,1,12,204.41,65.52,30,106.8,BOS,746975,0.28,2.77
2024-04-14,Masataka Yoshida,807799,660761,0,49,192.96,58.76,36,102,BOS,746975,0.02,2.67
2024-04-14,Tyler O'Neill,641933,542881,2,7,44.42,56.68,36,110.6,BOS,746975,0.03,2.65
2024-04-14,Triston Casas,671213,542881,2,8,178.09,48.4,28,102.8,BOS,746975,-0.01,2.89
2024-04-14,William Contreras,661388,669203,0,1,143.47,29.75,29,106.1,BAL,747056,0.12,2.63
2024-04-14,Cedric Mullins,656775,607067,0,15,218.98,67.82,29,101,BAL,747056,-0.28,2.22
2024-04-14,Ryan O'Hearn,656811,607067,2,26,183.1,44.12,27,106.7,BAL,747056,0.15,2.24
2024-04-14,Blake Perkins,663368,666974,0,53,197.53,62.5,36,99.1,BAL,747056,0.24,2.45
2024-04-14,Colton Cowser,681297,571948,2,68,196.46,43.12,26,103.4,BAL,747056,0.73,2.86
2024-04-15,Mike Trout,545361,664208,1,57,12.15,71.15,30,111.6,TB,745106,-0.25,1.68
2024-04-15,Harold Ramírez,623912,519043,0,65,48.9,60.16,30,100.4,TB,745106,-0.92,2.07
2024-04-15,Taylor Ward,621493,687330,2,72,28.32,98.03,40,97.7,TB,745106,-0.72,2.35
2024-04-15,Jeimer Candelario,600869,669923,2,15,162.74,35.07,28,105.3,SEA,745268,-0.37,3.22
2024-04-15,Mitch Haniger,571745,593423,0,24,82.2,44.14,24,104.4,SEA,745268,0.27,2.33
2024-04-15,Jake Fraley,641584,642100,0,52,221.05,91.33,24,101.9,SEA,745268,-0.16,2.6
2024-04-15,Jorge Polanco,593871,593423,0,7,196.71,64.32,22,109.9,SEA,745268,0.28,1.85
2024-04-15,Michael Toglia,669911,605400,1,32,204.89,62.47,40,103.7,PHI,745597,0.03,3.4
2024-04-15,Esteury Ruiz,665923,668941,0,58,49.56,52.94,33,106.8,OAK,745677,-0.32,1.99
2024-04-15,Jackson Chourio,694192,605397,2,18,35.4,80.47,27,97.2,MIL,746002,-0.48,2.24
2024-04-15,Avisaíl García,541645,690986,0,12,63.69,49.35,36,107,MIA,746080,-0.24,2.56
2024-04-15,CJ Abrams,682928,607192,0,19,175.3,43,30,99.3,LAD,746158,0.06,2.4
2024-04-15,Luis García Jr.,671277,607192,2,39,71.69,57.1,30,103.9,LAD,746158,-0.26,2.85
2024-04-15,Vinnie Pasquantino,686469,680897,2,23,207.41,48.6,27,108.1,CWS,746813,0.27,2.52
2024-04-15,Will Brennan,686823,669711,2,46,236.91,98.07,34,102.4,BOS,746974,0.21,1.82
2024-04-15,Jose Miranda,669304,608344,0,12,71.8,40.76,26,103.1,BAL,747053,0.55,2.99
2024-04-15,Ryan O'Hearn,656811,686973,0,23,139.25,23.36,27,108.8,BAL,747053,-0.14,2.04
2024-04-15,Cedric Mullins,656775,686973,1,46,228.2,103.19,37,95,BAL,747053,0.61,2.17
2024-04-15,Gunnar Henderson,683002,621199,0,52,210.88,55.32,30,108,BAL,747053,-0.24,2.78
2024-04-15,Michael Busch,683737,518876,0,8,167.94,34.73,29,105.5,AZ,747213,-0.15,1.84
2024-04-16,Mickey Moniak,666160,650644,2,24,125.75,25.63,25,105.9,TB,745108,0.03,2.63
2024-04-16,Logan O'Hoppe,681351,650644,2,25,79.29,46.07,34,101.9,TB,745108,0.13,2.96
2024-04-16,Bryce Harper,547180,641755,2,57,213.09,71.31,24,104,PHI,745593,0.76,1.96
2024-04-16,J.T. Realmuto,592663,596295,2,7,84.34,37.05,27,101.1,PHI,745593,0.06,2.31
2024-04-16,Kyle McCann,668832,458681,0,37,203.46,63.52,42,106.3,OAK,745674,0.04,2.62
2024-04-16,Ha-Seong Kim,673490,489119,1,5,49.55,119.57,25,101.5,MIL,746004,-0.96,2.06
2024-04-16,Matt Chapman,656305,677960,2,9,77.95,32.22,23,108.6,MIA,746081,-0.38,2.68
2024-04-16,Jesse Winker,608385,642232,1,23,170.65,27.31,29,105.8,LAD,746157,-0.33,2.2
2024-04-16,Enrique Hernández,571771,571578,2,42,98.95,26.73,27,106,LAD,746157,0.27,2.28
2024-04-16,Orlando Arcia,606115,686613,2,10,63.33,62.88,32,98.2,HOU,746400,0.43,2.71
2024-04-16,Kyle Tucker,663656,607481,0,70,209.73,70.68,21,101.8,HOU,746400,0.15,2.39
2024-04-16,Enmanuel Valdez,665839,676440,2,31,231.64,53.3,30,108.6,BOS,746976,-0.15,2.59
2024-04-16,Tyler Freeman,671289,570257,1,34,50.14,47.4,30,106,BOS,746976,-0.18,1.77
2024-04-16,Triston Casas,671213,595881,0,48,230.59,74.02,38,96.3,BOS,746976,0.37,2.23
2024-04-16,Connor Wong,657136,595881,1,51,50.52,66.94,39,102.9,BOS,746976,-0.67,2.22
2024-04-16,Gunnar Henderson,683002,663978,2,16,215.05,76.49,23,103.8,BAL,747051,0.34,2.37
2024-04-16,Jordan Westburg,676059,663978,2,25,61.51,48.73,29,103.3,BAL,747051,-0.63,3.24
2024-04-16,Ryan O'Hearn,656811,543351,0,69,159.38,42.85,32,101.9,BAL,747051,-0.15,2.82
2024-04-16,Lourdes Gurriel Jr.,666971,543294,1,24,36.64,72.77,34,96.6,AZ,747214,-0.39,2.61
2024-04-16,Joc Pederson,592626,543294,2,26,246.63,81.52,26,109.9,AZ,747214,0.11,3.1
2024-04-16,Ian Happ,664023,669459,2,67,23.42,101.64,23,101.8,AZ,747214,-0.74,3.03
2024-04-16,Ketel Marte,606466,640470,2,89,172.1,39.38,17,110.9,AZ,747214,-0.28,1.95
2024-04-17,Daulton Varsho,662139,573186,1,17,188.28,61.63,29,96.4,TOR,744948,0.32,2.23
2024-04-17,Daulton Varsho,662139,657571,0,52,178.22,49.23,32,101.5,TOR,744948,-0.35,2.7
2024-04-17,Juan Soto,665742,650893,1,60,203.35,65.58,31,98.6,TOR,744948,-0.02,2.36
2024-04-17,Giancarlo Stanton,519317,657024,0,66,36.55,45.24,29,111.8,TOR,744948,-0.45,2.36
2024-04-17,Mike Trout,545361,641793,1,2,168.46,42.85,26,105.4,TB,745105,-0.01,2.24
2024-04-17,Amed Rosario,642708,519326,2,66,52.51,55.35,23,102.6,TB,745105,-0.82,2.92
2024-04-17,Cal Raleigh,663728,671096,2,14,28.58,77.24,32,104,SEA,745267,-0.45,2.55
2024-04-17,Mitch Garver,641598,671096,2,42,30.28,70.97,35,105.4,SEA,745267,0.07,3.12
2024-04-17,Josh Rojas,668942,608371,0,49,228.19,93.03,37,103.9,SEA,745267,0.04,3.18
2024-04-17,Elly De La Cruz,682829,682243,2,9,185.59,52.24,25,103.8,SEA,745267,0.7,2.02
2024-04-17,Kyle Schwarber,656941,663567,1,52,242.16,78,24,110,PHI,745591,0.05,3.11
2024-04-17,Kyle Schwarber,656941,663372,0,6,193.47,37.16,23,110.8,PHI,745591,-0.27,2.38
2024-04-17,Trea Turner,607208,663372,0,7,8.67,73.51,26,106.7,PHI,745591,-0.57,2.48
2024-04-17,Esteury Ruiz,665923,571927,0,21,81.05,47.76,21,109.8,OAK,745671,-0.36,1.99
2024-04-17,Starling Marte,516782,663559,1,24,87.21,45.42,33,103.6,NYM,745836,-0.28,2.14
2024-04-17,Harrison Bader,664056,676702,2,50,8.19,90.77,29,106.3,NYM,745836,-0.32,2.95
2024-04-17,Bryan De La Cruz,650559,676775,2,43,213.48,80.85,29,103.7,MIA,746076,0.32,1.78
2024-04-17,CJ Abrams,682928,689017,0,1,168.59,46.55,35,102.5,LAD,746159,0.01,2.34
2024-04-17,Marcell Ozuna,542303,641585,0,11,53.2,39.46,26,112,HOU,746401,-0.1,2.08
2024-04-17,Ronald Acuña Jr.,660670,641585,0,36,133.24,28.36,34,109.5,HOU,746401,0.3,2.1
2024-04-17,Mauricio Dubón,643289,445926,0,50,57.85,63.99,20,104.2,HOU,746401,0.42,3.16
2024-04-17,Yordan Alvarez,670541,608331,1,6,54.34,78.56,30,97.6,HOU,746401,-0.16,2.94
2024-04-17,Kerry Carpenter,681481,641540,0,13,240.49,68.13,29,108.3,DET,746487,0.47,2.96
2024-04-17,Parker Meadows,678009,643493,0,54,193.52,50.39,31,108.7,DET,746487,-0.1,2.87
2024-04-17,Paul DeJong,657557,663903,1,14,102.73,31.85,22,108.9,CWS,746807,0.06,2.11
2024-04-17,Salvador Perez,521692,656629,2,58,85.39,29,27,105.2,CWS,746807,0.15,2.44
2024-04-17,Hunter Renfroe,592669,608678,2,65,47.33,66.41,23,109,CWS,746807,-0.15,1.87
2024-04-17,Gavin Sheets,657757,608379,0,44,236.37,99.64,23,101.2,CWS,746809,0.26,3.22
2024-04-17,Connor Wong,657136,594902,2,28,55.53,69.05,36,101,BOS,746973,-0.26,2.28
2024-04-17,Gunnar Henderson,683002,641154,0,4,175.61,38.12,23,108.1,BAL,747049,0.09,2.64
2024-04-17,Anthony Santander,623993,595345,1,50,80.43,42.68,22,107.4,BAL,747049,-0.13,2.11
2024-04-17,Cedric Mullins,656775,643377,1,68,208.44,69.15,28,102.6,BAL,747049,-0.15,2.15
2024-04-17,Cody Bellinger,641355,694297,1,43,184.64,49.95,34,104.6,AZ,747212,-0.19,2.53
2024-04-17,Ketel Marte,606466,696136,0,5,18.6,67.42,36,108.1,AZ,747212,-0.35,3.23
2024-04-17,Joc Pederson,592626,592767,1,72,226.51,70.09,40,104.6,AZ,747212,0.39,1.92
2024-04-18,Marcus Semien,543760,628317,0,1,58.06,64.44,29,100.6,DET,746485,0.3,2.8
2024-04-18,Jonah Heim,641680,628317,0,12,226.6,84.36,22,104.8,DET,746485,0.25,1.58
2024-04-18,Adolis García,666969,628317,1,26,81.26,43.1,31,103,DET,746485,-0.46,2.63
2024-04-19,Riley Adams,656180,434378,2,43,152.67,21.28,22,106.1,WSH,744872,-0.2,2.57
2024-04-19,Jorge Soler,624585,656756,0,30,6.89,81.22,30,108,SF,745352,-0.33,2.04
2024-04-19,Blaze Alexander,677942,687014,1,69,215.6,92.71,30,96.2,SF,745352,0.34,2.47
2024-04-19,Fernando Tatis Jr.,665487,684320,1,27,29.12,73.6,25,107.4,SD,745430,0.09,2.51
2024-04-19,Justin Turner,457759,663362,2,3,142.56,36.51,33,104.3,SD,745430,0.64,2.45
2024-04-19,Wilyer Abreu,677800,682990,1,2,227.82,61.19,33,109.1,PIT,745518,0.72,1.8
2024-04-19,Rob Refsnyder,608701,682990,1,37,176.02,49.53,25,101,PIT,745518,0.49,2.82
2024-04-19,Triston Casas,671213,682990,2,4,51.52,48.72,29,106.1,PIT,745518,0.07,2.4
2024-04-19,Ceddanne Rafaela,678882,672710,1,46,51.41,51.6,32,101.6,PIT,745518,-0.61,2.5
2024-04-19,Alec Bohm,664761,676979,2,24,84.39,42.58,26,103.6,PHI,745592,-0.19,1.46
2024-04-19,Whit Merrifield,593160,676979,0,29,28.49,86.04,32,95.3,PHI,745592,-0.7,1.96
2024-04-19,Alec Bohm,664761,676979,2,8,196.21,74.63,33,98,PHI,745592,0.33,3.73
2024-04-19,Richie Palacios,680700,657376,0,40,177.82,48.24,27,103.3,NYY,745758,-0.07,2.15
2024-04-19,Juan Soto,665742,606965,1,57,244.7,81.85,29,110.9,NYY,745758,0.01,2.55
2024-04-19,Trevor Larnach,663616,656427,2,8,209.83,52.84,27,106.9,MIN,745922,0.05,2.21
2024-04-19,Francisco Lindor,596019,543339,1,58,184.16,44.52,25,104.2,LAD,746160,-0.07,2.39
2024-04-19,DJ Stewart,621466,808967,1,8,183.54,53.36,19,109.7,LAD,746160,-0.17,2.02
2024-04-19,Vinnie Pasquantino,686469,665152,2,28,229.45,74.95,23,109,KC,746325,0.05,2.68
2024-04-19,Adley Rutschman,668939,519293,2,56,61.71,51.29,33,103.4,KC,746325,-0.39,2.7
2024-04-19,MJ Melendez,669004,622253,2,62,190.08,39.43,23,108.5,KC,746325,0.05,2.18
2024-04-19,Abraham Toro,647351,663474,0,1,228.83,69.6,24,109.2,CLE,746650,0.29,1.96
2024-04-19,Tyler Freeman,671289,671212,1,16,217.55,100.73,33,89.5,CLE,746650,0.52,3.42
2024-04-19,Josh Naylor,647304,666205,1,62,231.39,97.63,21,103.8,CLE,746650,0.32,2.85
2024-04-19,Brent Rooker,667670,605130,1,69,4.48,77.29,34,109.7,CLE,746650,-0.44,2.1
2024-04-19,Tyler Stephenson,663886,542881,2,44,29.3,51.77,30,111,CIN,746729,-0.51,2.05
2024-04-19,Elly De La Cruz,682829,542585,1,64,33.57,89.27,25,104.3,CIN,746729,-0.46,2.41
2024-04-19,Bryan De La Cruz,650559,592791,1,30,95.41,48.6,36,97.1,CHC,746892,-0.39,3.59
2024-04-19,Marcus Semien,543760,519242,0,1,21.72,69.43,28,106.2,ATL,747136,0.01,2.62
2024-04-19,Travis d'Arnaud,518595,571760,1,16,30.99,52.56,29,108.3,ATL,747136,-0.32,2.88
2024-04-19,Travis d'Arnaud,518595,571760,0,35,21.3,53.68,32,107.1,ATL,747136,-0.04,2.19
2024-04-19,Travis d'Arnaud,518595,656641,2,50,79.81,29.72,24,109.5,ATL,747136,0.56,2.53
2024-04-19,Michael Harris II,671739,643493,2,65,201.14,53.18,23,105.7,ATL,747136,0.11,2.19
2024-04-20,CJ Abrams,682928,669854,0,5,201.92,53.4,25,105.9,WSH,744865,0.32,2.91
2024-04-20,Brice Turang,668930,571945,0,34,200.63,61.12,26,99.8,STL,745190,0.84,1.23
2024-04-20,Jackson Chourio,694192,571945,0,35,207.77,73.56,26,102.7,STL,745190,0.4,2.97
2024-04-20,Rhys Hoskins,656555,571945,2,4,38.88,62.49,38,101.8,STL,745190,-0.2,2.69
2024-04-20,Patrick Bailey,672275,668678,2,47,215.73,69.51,30,109.7,SF,745354,0.28,2.29
2024-04-20,Jung Hoo Lee,808982,668678,0,6,221.18,86.17,29,98.4,SF,745354,-0.26,3.16
2024-04-20,Daulton Varsho,662139,681190,2,5,219.51,69.82,27,103.7,SD,745431,0.19,2.82
2024-04-20,Masataka Yoshida,807799,656605,1,46,184.77,50.38,38,100.1,PIT,745515,0.12,2.56
2024-04-20,Connor Joe,656582,570257,0,66,16.67,93.26,23,102.7,PIT,745515,-0.55,2.22
2024-04-20,Brandon Marsh,669016,647336,1,13,170.71,42.36,28,105.4,PHI,745590,0.53,2.03
2024-04-20,Starling Marte,516782,518489,1,53,138.8,24.44,27,107.6,LAD,746156,0.32,2.24
2024-04-20,Salvador Perez,521692,669203,2,54,35.87,66.46,33,103.7,KC,746324,-0.67,1.99
2024-04-20,Cal Raleigh,663728,641712,0,8,39.53,73.81,24,103.1,COL,746570,-0.92,2.56
2024-04-20,Ryan Noda,676116,671106,0,35,201.29,71.01,34,97.2,CLE,746651,-0.27,1.97
2024-04-20,Max Schuemann,680474,671106,1,37,170.16,50.82,30,99.6,CLE,746651,0.14,2.29
2024-04-20,Josh Naylor,647304,622072,2,44,166.49,38.27,23,106.9,CLE,746651,-0.28,2.16
2024-04-20,Tyler Stephenson,663886,663776,2,13,224.19,93.15,30,98.7,CIN,746726,0.08,3.14
2024-04-20,Miguel Sanó,593934,668933,0,48,171.31,47.76,32,107.1,CIN,746726,-0.03,2.04
2024-04-20,Josh Bell,605137,684007,1,38,111.2,36.09,28,104.6,CHC,746891,-0.01,3.06
2024-04-20,Alexander Canario,672744,682610,0,41,28.97,60.6,34,109.2,CHC,746891,0.32,3.13
2024-04-20,Cody Bellinger,641355,682610,1,5,196.63,63.5,28,100.6,CHC,746891,-0.55,3.01
2024-04-20,Bryan De La Cruz,650559,640470,1,71,81.16,44.96,28,104.3,CHC,746893,-0.66,2.48
2024-04-20,Travis d'Arnaud,518595,643493,0,65,55.1,43.21,36,103.5,ATL,747135,0.19,1.94
2024-04-21,Nick Senzel,669222,605463,0,47,50.85,60.52,23,99.9,WSH,744866,0.31,1.89
2024-04-21,Mike Yastrzemski,573262,677944,2,38,219.12,100.03,37,95.5,SF,745353,-0.37,2.73
2024-04-21,Davis Schneider,676914,605397,2,12,67.61,52.07,32,102,SD,745434,-0.04,2.65
2024-04-21,Ernie Clement,676391,605397,0,17,21.96,88.9,28,99.8,SD,745434,0.23,4.18
2024-04-21,Xander Bogaerts,593428,605135,1,22,71.13,52.45,26,101.2,SD,745434,-0.39,3.43
2024-04-21,Eloy Jiménez,650391,605400,1,3,82.97,34.06,19,111.3,PHI,745588,-0.1,3.3
2024-04-21,Kyle Schwarber,656941,665620,0,51,242.24,71.62,30,109.4,PHI,745588,0.48,1.88
2024-04-21,Buddy Kennedy,671083,686973,2,24,27.4,75.6,25,103.9,MIN,745920,0,2.24
2024-04-21,Austin Martin,668885,656412,0,72,45.37,69.7,24,97.3,MIN,745920,-0.44,2.69
2024-04-21,Shohei Ohtani,660271,605288,1,21,205.86,46.92,30,110,LAD,746154,-0.1,2.71
2024-04-21,Andy Pages,681624,701643,2,44,147.08,33.17,30,104.8,LAD,746154,-0.33,1.76
2024-04-21,Colton Cowser,681297,607625,0,16,175.97,31.98,33,111.5,KC,746316,0.43,2.07
2024-04-21,Jordan Westburg,676059,607625,0,17,85.59,28.35,27,110.5,KC,746316,-0.3,2.39
2024-04-21,Cal Raleigh,663728,663562,2,49,114.41,27.23,27,102.4,COL,746572,-0.51,2.75
2024-04-21,Will Brennan,686823,548389,1,13,190.4,63.83,32,100.7,CLE,746652,0.14,2.87
2024-04-21,Brent Rooker,667670,676440,0,25,42.78,90.93,23,103.2,CLE,746652,0.07,2.5
2024-04-21,Jesús Sánchez,660821,543294,1,10,146.85,13.36,25,113.6,CHC,746894,0.14,1.87
2024-04-21,Evan Carter,694497,670241,0,25,200.92,55.99,31,102.2,ATL,747133,-0.42,2.85
2024-04-21,Andrew Knizner,668800,670241,2,30,54.59,48.68,27,103.8,ATL,747133,0.64,3.17
2024-04-21,Adolis García,666969,554431,0,58,214.1,82.22,29,99.8,ATL,747133,0.75,3.56
2024-04-21,Marcell Ozuna,542303,547179,2,8,157.32,33.32,32,108.5,ATL,747133,0.37,2.67
2024-04-22,Mark Canha,592192,641793,1,2,45.77,40.76,38,103.5,TB,745107,-0.21,3.17
2024-04-22,Parker Meadows,678009,641793,1,43,158.68,29.28,32,105.6,TB,745107,0.08,2.23
2024-04-22,José Caballero,676609,571946,1,61,88.47,34.96,30,104.7,TB,745107,0.22,3.05
2024-04-22,Paul Goldschmidt,502671,543518,0,56,174.22,30.64,28,110,STL,745191,0.05,2.71
2024-04-22,Nolan Gorman,669357,669459,0,73,209.53,47.7,31,108.2,STL,745191,-0.16,2.47
2024-04-22,Pete Alonso,624413,676775,0,32,18.58,86.56,24,105.6,SF,745351,-0.57,1.86
2024-04-22,Michael Conforto,624424,500779,0,43,226.91,84.86,25,102.7,SF,745351,0.06,2.39
2024-04-22,Rhys Hoskins,656555,683003,0,31,68.09,41.96,25,106.1,PIT,745519,0.02,2.36
2024-04-22,Andrew McCutchen,457705,605452,0,4,109.85,32.5,25,101.9,PIT,745519,0.39,2
2024-04-22,Zack Gelof,680869,624647,0,60,198.72,69.05,28,105.2,NYY,745757,0.41,2.28
2024-04-22,Edouard Julien,666397,623167,0,56,225.15,83.02,44,103.7,MIN,745916,0.71,3.46
2024-04-22,James McCann,543510,672282,2,11,11.7,96.43,32,102.4,LAA,746242,-0.91,2.5
2024-04-22,Colton Cowser,681297,672282,1,49,154.34,42.22,26,103.6,LAA,746242,0.02,2.13
2024-04-22,Jo Adell,666176,657508,0,53,206.79,61.77,26,108,LAA,746242,-0.09,1.89
2024-04-22,Daulton Varsho,662139,663903,0,39,219.79,67.48,34,105.9,KC,746319,0.46,1.61
2024-04-22,Maikel Garcia,672580,579328,1,45,31.46,52.22,31,106,KC,746319,-0.45,2.69
2024-04-22,Kyle Isbel,664728,605447,2,71,,,24,106.9,KC,746319,0.74,2.62
2024-04-22,Kody Clemens,665019,668984,0,61,204.84,61.63,22,105.8,CIN,746723,0.01,2.48
2024-04-22,Travis d'Arnaud,518595,677960,1,31,24.37,90.69,35,100.9,ATL,747134,0.31,2.3
2024-04-23,Shohei Ohtani,660271,598264,0,71,213.05,38.09,25,118.7,WSH,744863,0.06,2.95
2024-04-23,Julio Rodríguez,677594,641540,1,20,52.76,38.39,33,110.5,TEX,745026,-0.71,2.52
2024-04-23,Cal Raleigh,663728,641540,1,3,216.59,68.15,38,108.1,TEX,745026,-0.03,2.59
2024-04-23,Riley Greene,682985,686752,2,18,140.67,27.32,31,108,TB,745102,-0.29,2.12
2024-04-23,Isaac Paredes,670623,656412,1,45,60.51,58.58,34,100.8,TB,745102,0.55,2.28
2024-04-23,Riley Greene,682985,621363,0,57,178.93,42.6,25,108.2,TB,745102,0.19,3.42
2024-04-23,Mark Canha,592192,621363,1,59,51.94,56.85,25,101.2,TB,745102,-0.4,1.45
2024-04-23,Christian Walker,572233,571927,2,21,44.69,50.17,31,105.7,STL,745193,0.18,2.68
2024-04-23,Kevin Newman,621028,668868,2,42,18.72,82,34,103.2,STL,745193,-0.88,2.32
2024-04-23,Willson Contreras,575929,674072,1,5,78.87,27.42,28,107.7,STL,745193,-0.07,2.89
2024-04-23,Pavin Smith,656976,668868,2,55,183.87,44.97,23,101.9,STL,745193,0.62,2.97
2024-04-23,Andrew McCutchen,457705,668964,0,5,22.97,96.32,23,105.1,PIT,745516,-0.46,2.06
2024-04-23,Gary Sánchez,596142,663559,0,54,26.41,54.08,25,113.5,PIT,745516,0.16,2.31
2024-04-23,Anthony Rizzo,519203,621112,1,10,177.76,52.32,32,98.4,NYY,745754,-0.03,3.32
2024-04-23,Shea Langeliers,669127,573186,2,15,162.58,35.68,26,110.8,NYY,745754,0.58,2.9
2024-04-23,Lawrence Butler,671732,573186,0,30,189.81,67.2,21,97.9,NYY,745754,0.42,1
2024-04-23,Eloy Jiménez,650391,641154,0,25,9.45,76.1,27,107,MIN,745917,-0.19,2.04
2024-04-23,Trevor Larnach,663616,656629,2,64,206.45,42.4,29,110,MIN,745917,0.57,1.94
2024-04-23,Byron Buxton,621439,621051,0,70,14.89,96.5,21,110.5,MIN,745917,0.15,3.03
2024-04-23,Mike Trout,545361,680570,0,5,159.11,44.33,24,104.6,LAA,746246,0.17,2.5
2024-04-23,Gunnar Henderson,683002,519043,1,57,219.55,59.66,31,109.4,LAA,746246,0.21,2.46
2024-04-23,Brendan Rodgers,663898,650633,0,39,56.72,42.67,29,105,COL,746566,-0.37,3.08
2024-04-23,Wilyer Abreu,677800,594902,1,44,230.04,85.53,28,101.4,CLE,746647,0.13,2.49
2024-04-23,José Ramírez,608070,592155,0,58,217.22,84.79,33,97.9,CLE,746647,0.85,2.95
2024-04-23,Elly De La Cruz,682829,628708,0,45,64.61,51.7,33,109.9,CIN,746722,-0.34,3.27
2024-04-23,Santiago Espinal,669289,620982,0,67,39.08,78.89,25,96.9,CIN,746722,-0.68,2.18
2024-04-23,Mike Tauchman,643565,641585,2,11,41.52,74.98,28,101,CHC,746888,0,2.49
2024-04-23,Jake Meyers,676694,696136,2,39,27.25,82.7,37,101.1,CHC,746888,-0.66,2.9
2024-04-23,Mike Tauchman,643565,661527,0,66,73.94,56.21,26,98.9,CHC,746888,0.04,1.71
2024-04-23,Cody Bellinger,641355,641585,1,7,220.38,52.48,27,109.2,CHC,746888,0.04,3.27
2024-04-23,Adam Duvall,594807,669432,2,43,26.98,72.05,30,104.5,ATL,747130,-0.3,1.42
2024-04-24,Nick Senzel,669222,689017,2,19,83.95,41.88,24,103.1,WSH,744864,0.11,1.98
2024-04-24,Andy Pages,681624,663432,1,64,24.55,84.99,38,107.1,WSH,744864,-0.9,2.17
2024-04-24,Adolis García,666969,682243,1,31,123.13,30.74,25,106.2,TEX,745028,-0.53,2.26
2024-04-24,Evan Carter,694497,682243,1,32,185.96,57.95,32,102.3,TEX,745028,-0.26,2.52
2024-04-24,Curtis Mead,678554,676684,2,53,30.29,106.91,34,87.3,TB,745099,-0.33,2.82
2024-04-24,Randy Arozarena,668227,656427,2,8,47.98,58.07,21,105,TB,745099,0.02,1.55
2024-04-24,Francisco Lindor,596019,663546,2,21,204.48,65.49,34,102.6,SF,745346,1.05,1.54
2024-04-24,Tyrone Taylor,621438,663546,1,28,87.84,39.42,23,105.2,SF,745346,-0.16,1.86
2024-04-24,Tyler Fitzgerald,666149,657585,0,58,53.31,62.8,39,101.9,SF,745346,-0.5,2.69
2024-04-24,Francisco Lindor,596019,669952,1,74,218.36,65.03,29,105.8,SF,745346,0.21,2.33
2024-04-24,Bryan Reynolds,668804,669060,1,27,182.86,46.54,31,103.1,PIT,745513,-0.04,2.33
2024-04-24,Anthony Rizzo,519203,547184,0,41,174.33,37.24,35,107.5,NYY,745753,-0.25,2.06
2024-04-24,Brent Rooker,667670,657376,1,48,45.17,58.83,22,111.2,NYY,745753,-0.58,2.32
2024-04-24,Juan Soto,665742,666204,2,53,107.24,31.59,28,110.1,NYY,745753,-0.16,2.88
2024-04-24,Aaron Judge,592450,671212,1,8,203.42,69.1,27,103.2,NYY,745753,0.8,2.8
2024-04-24,Willi Castro,650489,676979,1,15,24.08,84.54,24,99.1,MIN,745919,-0.77,2.09
2024-04-24,Kevin Pillar,607680,657746,0,19,29.54,79.04,27,101,MIN,745919,-0.33,2.8
2024-04-24,Korey Lee,686676,657746,1,21,52.19,44.28,30,105.4,MIN,745919,-0.11,2.61
2024-04-24,Gunnar Henderson,683002,542881,0,16,172.29,53.05,31,98.9,LAA,746244,-0.48,2.41
2024-04-24,Mike Trout,545361,665152,1,51,3.06,80.99,26,114.5,LAA,746244,-0.16,3.19
2024-04-24,Taylor Ward,621493,657097,1,53,157.37,45.92,24,103.1,LAA,746244,-0.03,2.97
2024-04-24,Zach Neto,687263,666974,0,67,28.58,78.28,28,103.7,LAA,746244,0.31,2.3
2024-04-24,George Springer,543807,672582,2,36,119.14,30.45,30,108.3,KC,746317,0.08,2.66
2024-04-24,Ryan McMahon,641857,663362,1,47,150.28,20.56,26,109.7,COL,746567,0.26,1.76
2024-04-24,Elias Díaz,553869,593974,2,64,114.6,29.81,25,102.7,COL,746567,0.09,1.95
2024-04-24,Connor Wong,657136,471911,0,10,121.12,30.65,24,103.9,CLE,746649,0.66,2.31
2024-04-24,Rafael Devers,646240,471911,1,35,68.25,46.22,25,109,CLE,746649,-0.69,1.91
2024-04-24,Connor Wong,657136,471911,0,42,24.32,73.41,32,106.4,CLE,746649,-0.33,2.08
2024-04-24,Will Benson,666181,605513,1,24,168.71,44.52,32,101.7,CIN,746725,0.36,2.22
2024-04-24,Jose Altuve,514888,593576,0,70,20.87,80.27,28,105.4,CHC,746889,-0.31,3.07
2024-04-24,Dansby Swanson,621020,681293,2,9,29.96,84.06,32,105.3,CHC,746889,-0.44,2.42
2024-04-24,Jesús Sánchez,660821,625643,1,12,232.16,59.09,32,112.9,ATL,747132,0.43,3.11
2024-04-25,Teoscar Hernández,606192,669022,0,7,74.18,42.35,30,106,WSH,744867,-0.08,3.3
2024-04-25,Josh Smith,669701,622491,1,29,219.24,84.22,27,104.2,TEX,745027,-0.21,2.87
2024-04-25,Luis Urías,649966,571760,1,34,43.34,60.11,33,103.2,TEX,745027,0.03,3.18
2024-04-25,Ty France,664034,571760,2,4,230.33,80.36,28,101.1,TEX,745027,0.54,2.66
2024-04-25,Nathaniel Lowe,663993,622491,2,8,175.18,52.41,22,99.2,TEX,745027,0.37,1.74
2024-04-25,William Contreras,661388,656605,1,2,64.95,27.55,25,114.4,PIT,745512,-0.45,2.18
2024-04-25,Gary Sánchez,596142,547973,2,70,223.48,83.97,31,104.2,PIT,745512,1.11,3.42
2024-04-25,Joey Bart,663698,642547,1,8,147.57,30.92,22,111.1,PIT,745512,0.45,2.82
2024-04-25,Jose Trevino,624431,622072,2,14,224.35,89.47,29,94.4,NYY,745755,0.31,3.43
2024-04-25,Nick Allen,669397,641482,1,17,29,89.63,28,97.7,NYY,745755,-0.54,2.43
2024-04-25,Tyler Nevin,663527,641482,2,20,218.28,78.56,38,97.4,NYY,745755,0.38,2.96
2024-04-25,Edouard Julien,666397,647336,0,47,172.1,38.79,28,104.9,MIN,745918,0.02,2.57
2024-04-25,Ryan Jeffers,680777,647336,0,48,27.26,80.81,19,112,MIN,745918,-0.14,1.84
2024-04-25,Edouard Julien,666397,605154,2,59,62.06,59.97,40,102.7,MIN,745918,-0.19,3.36
2024-04-25,Carlos Santana,467793,621051,2,69,205.07,57.23,23,105.6,MIN,745918,-0.07,2.42
2024-04-25,Jose Miranda,669304,621051,2,70,54.43,63.52,33,98.1,MIN,745918,-0.66,2.66
2024-04-25,Salvador Perez,521692,621244,2,7,15.07,77.33,22,109.4,KC,746320,-0.15,2.49
2024-04-25,Ha-Seong Kim,673490,641712,1,23,21.69,72.12,29,101.9,COL,746564,-1.06,2.43
2024-04-25,Elehuris Montero,660707,681190,2,30,22.69,92.95,33,95.4,COL,746564,-0.37,2.13
2024-04-25,Jurickson Profar,595777,683232,1,59,238.81,78.61,29,101,COL,746564,0.23,2.19
2024-04-25,Hunter Goodman,696100,593974,1,73,55.27,31.47,29,106.5,COL,746564,-0.08,2.78
2024-04-25,Will Brennan,686823,502624,1,17,201.65,74.26,24,101.6,CLE,746646,0.32,1.9
2024-04-25,José Ramírez,608070,502624,2,22,225.89,79.12,21,107.8,CLE,746646,-0.16,2.41
2024-04-25,Bryce Harper,547180,607259,2,18,204.39,64.6,25,101.4,CIN,746724,-0.28,2.46
2024-04-25,Pete Crow-Armstrong,691718,650556,1,49,207.4,60.53,33,107.2,CHC,746887,0.12,2.56
2024-04-26,Shohei Ohtani,660271,605135,1,2,200.6,74.1,37,96.1,TOR,744949,0.72,2.56
2024-04-26,Max Muncy,571970,605135,0,21,213.14,79.14,42,107.6,TOR,744949,0.39,2.54
2024-04-26,Will Smith,669257,670950,1,34,23.89,94.09,21,108,TOR,744949,-0.47,3.23
2024-04-26,Danny Jansen,643376,694813,2,40,24.64,81.19,26,106.5,TOR,744949,-0.12,2.72
2024-04-26,Evan Carter,694497,668933,0,14,181.41,45.08,23,105.9,TEX,745025,0.33,2.08
2024-04-26,Marcus Semien,543760,608371,1,60,10.87,88.27,26,105.6,TEX,745025,-0.38,2.35
2024-04-26,Mitch Garver,641598,668678,2,13,20.3,96.14,41,103.1,SEA,745269,-0.42,2.58
2024-04-26,Kevin Newman,621028,676106,0,35,50.82,56.28,33,100.9,SEA,745269,-0.92,1.8
2024-04-26,Josh Rojas,668942,668678,0,4,200.9,52.95,25,108.4,SEA,745269,0.22,2.28
2024-04-26,Mitch Haniger,571745,543518,0,42,81.71,48.04,32,101.5,SEA,745269,-0.65,1.81
2024-04-26,Patrick Bailey,672275,670280,0,71,219.33,77.28,28,100.3,SF,745347,0.26,3.31
2024-04-26,Kyle Schwarber,656941,605397,0,1,201.83,65.56,38,107.3,SD,745424,0.19,1.92
2024-04-26,Bryce Harper,547180,605397,0,20,232.94,78.44,33,106.6,SD,745424,0.3,2.07
2024-04-26,Brandon Marsh,669016,605397,1,23,204.52,64.02,24,105.8,SD,745424,0.71,2.2
2024-04-26,Nick Castellanos,592206,605397,1,24,55.54,53.88,31,99.1,SD,745424,-0.5,2.66
2024-04-26,J.T. Realmuto,592663,676680,0,56,22.09,96.59,28,96.2,SD,745424,-0.77,3.31
2024-04-26,Graham Pauley,688363,605400,0,61,114.33,29.67,25,105,SD,745424,-0.46,2.47
2024-04-26,Alec Burleson,676475,676130,0,10,198.62,48.7,28,107.3,NYM,745835,0.43,2.35
2024-04-26,Willson Contreras,575929,676130,0,19,55.31,32.51,22,114.2,NYM,745835,0.03,2.39
2024-04-26,Tomás Nido,621512,571945,2,38,176.51,51.44,31,102.7,NYM,745835,0.66,2.59
2024-04-26,Alex Verdugo,657077,607067,1,11,224.79,78.31,26,101.4,MIL,746000,0.67,1.39
2024-04-26,Joey Ortiz,687401,661563,1,16,16.23,77.65,23,107.9,MIL,746000,-0.68,2.45
2024-04-26,Juan Soto,665742,607067,1,2,62.95,50.74,24,103.9,MIL,746000,-0.63,2.81
2024-04-26,Blake Perkins,663368,661563,2,27,201.52,55.27,29,100.7,MIL,746000,0.04,3.17
2024-04-26,Trent Grisham,663757,607067,2,33,238.58,63.41,28,103.7,MIL,746000,0.3,2.55
2024-04-26,Carlos Santana,467793,663776,1,8,97.54,29.38,23,107,LAA,746243,-0.13,1.9
2024-04-26,Martín Maldonado,455117,621107,1,50,30.94,66.41,26,105.4,CWS,746808,-0.08,2.06
2024-04-26,Eloy Jiménez,650391,541640,0,62,62.82,45.3,21,108.2,CWS,746808,0.19,3.18
2024-04-26,Tyler O'Neill,641933,684007,1,30,114.04,36.4,23,108.2,BOS,746972,0.71,3.24
2024-04-26,Shea Langeliers,669127,669203,2,3,83.12,48.65,21,105.1,BAL,747050,0.01,2.15
2024-04-26,Cedric Mullins,656775,548389,1,30,225.28,82.03,26,100.6,BAL,747050,-0.15,2.62
2024-04-26,Steven Kwan,680757,519242,0,1,238.34,87.39,26,102.8,ATL,747129,0.77,2.21
2024-04-26,Orlando Arcia,606115,658648,1,63,52.8,60.24,35,103.4,ATL,747129,-0.14,2.84
2024-04-27,Jonathan India,663697,547179,0,45,222.04,99.34,32,98.7,TEX,745020,0.18,2.75
2024-04-27,Will Benson,666181,570632,1,48,223.75,66.19,32,102.8,TEX,745020,-0.02,2.25
2024-04-27,Davis Wendzel,673995,608718,0,67,65.33,45.46,30,101.9,TEX,745020,-0.77,1.99
2024-04-27,Corey Seager,608369,608718,0,68,212.83,63.93,25,107.4,TEX,745020,0.08,2.01
2024-04-27,Ty France,664034,686826,0,48,75.36,40.98,27,108.8,SEA,745266,0.11,2.23
2024-04-27,Bryan Reynolds,668804,573124,1,70,17.02,84.91,27,109.1,SF,745350,-0.71,2.54
2024-04-27,Ke'Bryan Hayes,663647,573124,1,71,48.62,67.45,18,105.7,SF,745350,-0.81,2.45
2024-04-27,Jorge Soler,624585,670280,0,74,45.21,42.48,28,109.8,SF,745350,0.29,2.57
2024-04-27,Alec Bohm,664761,656302,2,4,48.79,57.36,24,106.1,SD,745425,0.37,2.41
2024-04-27,Eguy Rosario,666703,624133,2,60,28.46,66.79,26,107.7,SD,745425,-0.04,2.85
2024-04-27,Pete Alonso,624413,543243,2,47,191.23,49.36,24,107.7,NYM,745833,0.93,2.68
2024-04-27,Rhys Hoskins,656555,607074,2,10,44.37,53.46,33,106.4,MIL,745998,0.17,2.6
2024-04-27,Alex Verdugo,657077,605452,1,4,198.35,58.82,25,100.8,MIL,745998,0.09,1.86
2024-04-27,Aaron Judge,592450,600986,0,48,105.69,31.37,25,103.9,MIL,745998,0.17,2.01
2024-04-27,Anthony Rizzo,519203,600986,1,51,206.09,76.64,22,109,MIL,745998,0.07,2.17
2024-04-27,Giancarlo Stanton,519317,680911,1,79,162.66,44.72,26,98.6,MIL,745998,0.86,1.91
2024-04-27,Jesse Winker,608385,665795,1,39,216.71,68.92,34,104.5,MIA,746075,0.14,2.64
2024-04-27,Keibert Ruiz,660688,592288,0,58,13.36,88.72,29,100.5,MIA,746075,-0.56,2.73
2024-04-27,Nick Senzel,669222,592288,2,61,14.96,74.82,28,106.3,MIA,746075,-0.27,2.63
2024-04-27,Otto Lopez,672640,663432,1,83,132.43,35.39,27,103.9,MIA,746075,0.17,2.51
2024-04-27,Jo Adell,666176,663978,2,20,52.23,58.06,33,108,LAA,746245,-0.14,2.36
2024-04-27,Carlos Santana,467793,542585,2,42,225.13,58.39,33,106.6,LAA,746245,0.15,2.05
2024-04-27,Max Kepler,596146,608334,1,56,156.22,37.21,24,105.3,LAA,746245,0.22,2.08
2024-04-27,Ryan Jeffers,680777,543305,1,83,47.23,60.65,28,107.3,LAA,746245,-0.39,2.28
2024-04-27,Matt Vierling,663837,608717,2,62,57.65,62.43,14,110.7,DET,746484,-0.74,2.03
2024-04-27,Yordan Alvarez,670541,615698,2,22,177.87,37.21,25,108.8,COL,746560,-0.52,2.14
2024-04-27,Kyle Tucker,663656,615698,2,23,36.2,79.29,43,97.4,COL,746560,-0.68,2.54
2024-04-27,Ryan McMahon,641857,669854,1,6,160.08,27.86,25,108.9,COL,746560,-0.08,2.18
2024-04-27,Yordan Alvarez,670541,641755,0,76,147.96,28.59,22,113,COL,746560,-0.12,2.47
2024-04-27,Richie Palacios,680700,686563,2,31,215.8,70.42,36,101.7,CWS,746803,-0.17,2.3
2024-04-27,Andrew Benintendi,643217,650644,0,35,145.59,36.42,30,103.3,CWS,746803,-0.09,1.96
2024-04-27,Austin Shenton,668853,686563,1,40,49.81,72.59,31,98.3,CWS,746803,0.13,1.53
2024-04-27,Andrew Benintendi,643217,664208,1,89,207.53,58.01,30,104.3,CWS,746803,0.37,2.32
2024-04-27,Ceddanne Rafaela,678882,605155,2,63,98.83,34.98,31,105.4,BOS,746971,-0.15,2.57
2024-04-27,Tyler O'Neill,641933,676962,1,8,65.97,111.67,31,98.5,BOS,746971,-0.28,2.82
2024-04-27,Adley Rutschman,668939,676664,2,36,49.66,48.58,22,106.1,BAL,747052,-0.38,2.06
2024-04-27,Ryan Mountcastle,663624,676664,2,37,20.1,76.11,25,112.4,BAL,747052,-0.5,2.65
2024-04-27,Gunnar Henderson,683002,676664,1,52,232.39,90.19,35,97.2,BAL,747052,0.12,2.67
2024-04-28,Alejandro Kirk,672386,675627,2,16,211.31,79.65,26,99.2,TOR,744947,0.07,2.44
2024-04-28,Freddie Freeman,518692,592332,2,45,144.23,27.88,25,106.3,TOR,744947,-0.34,2.49
2024-04-28,Adolis García,666969,671096,2,7,25.66,77.14,21,108.3,TEX,745022,-0.57,1.6
2024-04-28,Wyatt Langford,694671,671096,2,9,190.69,74.41,29,101.4,TEX,745022,0.55,2.6
2024-04-28,Josh Rojas,668942,694297,0,4,227.01,99.24,25,102.8,SEA,745265,0.08,2.47
2024-04-28,Christian Walker,572233,669302,0,8,49.97,45.39,23,104.8,SEA,745265,-0.14,2.75
2024-04-28,Thairo Estrada,642731,683003,0,17,65.1,49.76,22,106.2,SF,745349,0.22,1.89
2024-04-28,Mike Yastrzemski,573262,683003,0,18,125.92,27.97,27,105.1,SF,745349,-0.31,2.31
2024-04-28,Bryson Stott,681082,650633,1,12,178.66,48.19,24,105.7,SD,745428,0.16,2.85
2024-04-28,Jake Cronenworth,630105,592836,2,25,218.15,66.18,26,109,SD,745428,0.18,2.2
2024-04-28,Bryson Stott,681082,650633,2,30,194.88,54.26,36,103.9,SD,745428,0.44,2.94
2024-04-28,J.T. Realmuto,592663,650633,0,42,60.32,41.48,30,107.2,SD,745428,-0.49,2.54
2024-04-28,Luis Campusano,669134,592836,1,59,56.44,54,22,106.2,SD,745428,0.23,1.99
2024-04-28,Francisco Lindor,596019,458681,0,43,78.31,49.78,30,102.5,NYM,745834,-0.39,3.13
2024-04-28,Mark Vientos,668901,669461,2,83,151.81,37.58,31,105.8,NYM,745834,0.22,3.39
2024-04-28,Aaron Judge,592450,668964,2,3,75.96,27.39,20,115.9,MIL,746001,0.29,3.26
2024-04-28,Anthony Volpe,683011,668964,2,37,170.03,43.48,24,105.9,MIL,746001,-0.11,2.61
2024-04-28,Jake Bauers,641343,573186,0,42,220.11,73.13,24,108.8,MIL,746001,0,2.2
2024-04-28,Anthony Rizzo,519203,676083,2,79,161.88,44.98,30,98.6,MIL,746001,0.32,2.69
2024-04-28,Nick Senzel,669222,677960,1,39,155.76,38.26,25,103.9,MIA,746077,0.53,2.36
2024-04-28,Nick Senzel,669222,669622,2,51,84.63,37.88,25,106.6,MIA,746077,-0.24,2.5
2024-04-28,Jazz Chisholm Jr.,665862,571578,0,7,65.98,51.72,27,102.7,MIA,746077,-0.49,2.58
2024-04-28,Luis Rengifo,650859,641154,2,40,201.15,68.42,35,95.7,LAA,746237,0.89,2.29
2024-04-28,Nolan Schanuel,694384,641154,2,41,226.2,83.71,36,99.8,LAA,746237,0.69,2.3
2024-04-28,Jake Rogers,668670,608379,2,47,188.06,57.34,32,102.5,DET,746483,0.16,2.24
2024-04-28,Wenceel Pérez,672761,608379,1,8,214.42,78.53,39,103.1,DET,746483,-0.07,2.79
2024-04-28,Jose Altuve,514888,596295,1,20,28.03,74.96,40,106.3,COL,746561,-0.68,2.54
2024-04-28,Jeremy Peña,665161,596295,0,27,64.72,45.6,30,100.1,COL,746561,-0.23,2.93
2024-04-28,Kyle Tucker,663656,596295,2,4,204.42,40.99,35,100.5,COL,746561,0.4,3.03
2024-04-28,Isaac Paredes,670623,607200,0,23,23.88,91.07,30,99.2,CWS,746805,0.2,2.88
2024-04-28,Mike Tauchman,643565,455119,0,62,106.25,37.69,24,104.3,BOS,746967,0.1,1.78
2024-04-28,Adley Rutschman,668939,621112,1,26,85.75,48.07,28,102.4,BAL,747045,-0.29,3.33
2024-04-28,Ryan Mountcastle,663624,621112,2,29,126.9,17.63,22,108.7,BAL,747045,-0.13,2.78
2024-04-28,Ramón Urías,602104,621112,1,37,174.54,47.44,25,104.8,BAL,747045,0.19,2.05
2024-04-28,Tyler Nevin,663527,543056,2,57,50.1,52.55,28,105.7,BAL,747045,-0.08,2.11
2024-04-28,Kyle McCann,668832,518886,0,71,201.01,60.36,33,103.2,BAL,747045,-0.16,2.86
2024-04-28,Seth Brown,664913,544150,1,8,155.27,36.07,31,106.3,BAL,747045,-0.11,1.98
2024-04-29,Justin Turner,457759,680742,0,26,19.57,93.56,36,99.3,TOR,744945,-0.65,3.29
2024-04-29,Danny Jansen,643376,680742,1,28,66.37,50.62,25,102.8,TOR,744945,0.31,2.41
2024-04-29,Kyle Isbel,664728,670950,1,53,165.56,39.75,28,103.5,TOR,744945,0.22,2.56
2024-04-29,Freddy Fermin,666023,657024,0,68,41.15,73.16,24,104.8,TOR,744945,-0.32,2.63
2024-04-29,Justin Turner,457759,680742,1,9,26.37,101.77,31,92.3,TOR,744945,-0.37,2.06
2024-04-29,Mitch Garver,641598,621345,0,61,30.35,50.7,31,107.4,SEA,745263,-0.03,2.96
2024-04-29,Elly De La Cruz,682829,663362,1,2,94.53,22.22,24,113.4,SD,745427,-0.01,3.01
2024-04-29,Jurickson Profar,595777,666157,0,5,43.41,74.07,34,101.1,SD,745427,0.52,3.1
2024-04-29,Tyler Nevin,663527,663559,1,8,99.7,37.62,24,102.8,OAK,745672,-0.6,3.11
2024-04-29,Brandon Nimmo,607043,592791,0,4,204.29,58.21,25,104,NYM,745832,-0.28,1.9
2024-04-29,Christopher Morel,666624,621242,2,60,47.9,55.7,35,108.9,NYM,745832,-0.16,3.21
2024-04-29,CJ Abrams,682928,669432,2,17,229.59,89.94,22,108.2,MIA,746074,0.1,2.56
2024-04-29,Jazz Chisholm Jr.,665862,663623,2,47,148.35,32.9,37,104.2,MIA,746074,0.34,2.81
2024-04-29,Jo Adell,666176,650911,1,8,14.51,95.42,21,111.4,LAA,746236,-0.64,1.68
2024-04-29,Carlos Santana,467793,676979,1,11,12.95,86.11,27,108.2,CWS,746804,-0.31,2.5
2024-04-29,Gunnar Henderson,683002,657376,0,5,234.58,72.16,22,112.3,BAL,747046,0.5,2.11
2024-04-29,Will Smith,669257,663531,2,56,125.73,57.39,30,103.7,AZ,747211,0.21,3
2024-04-30,Michael Massey,686681,621244,0,8,182.37,45.26,25,103.4,TOR,744942,0.31,1.83
2024-04-30,Josh Smith,669701,607179,1,46,207.13,75.91,26,97.8,TEX,745018,0.49,2.29
2024-04-30,Leody Taveras,665750,663432,1,63,147.45,23.32,31,103.4,TEX,745018,0.24,2.4
2024-04-30,Jorge Polanco,593871,625643,2,23,212.85,85.68,24,107.2,SEA,745260,0,2.3
2024-04-30,Jeimer Candelario,600869,660853,0,56,226.07,95.73,26,99.9,SD,745426,0.23,1.95
2024-04-30,Stuart Fairchild,656413,660853,1,58,112.3,34.99,24,103.8,SD,745426,-0.28,2
2024-04-30,Connor Joe,656582,622072,2,3,43.14,65.92,29,99.1,OAK,745673,-0.7,2.42
2024-04-30,JJ Bleday,668709,656605,1,45,244.65,87.73,26,106.5,OAK,745673,0.25,2.29
2024-04-30,JJ Bleday,668709,676596,1,60,147.06,31.39,23,103.8,OAK,745673,0.46,1.91
2024-04-30,DJ Stewart,621466,640470,2,50,230.93,80.84,29,104.3,NYM,745831,0.2,2.51
2024-04-30,Jose Siri,642350,642547,2,20,53.81,30.05,31,110,MIL,745997,-0.26,2.16
2024-04-30,Willy Adames,642715,682052,0,38,127.9,21.81,36,102.7,MIL,745997,0.24,2.97
2024-04-30,Elehuris Montero,660707,664350,2,7,86.62,38.22,21,107.6,MIA,746073,0.06,2.7
2024-04-30,Kyle Schwarber,656941,542881,2,13,211.08,55.26,31,111.6,LAA,746239,-0.53,2.97
2024-04-30,Zach Neto,687263,605513,0,23,162.16,37.85,25,106.3,LAA,746239,0.77,3.26
2024-04-30,Luis Rengifo,650859,628708,1,47,195.36,46.64,30,97.5,LAA,746239,0.65,2.19
2024-04-30,Nick Castellanos,592206,608032,1,68,183.23,53.71,29,102,LAA,746239,-0.01,3.33
2024-04-30,Johan Rojas,679032,608032,1,70,46.84,62.2,22,101.9,LAA,746239,-0.4,1.92
2024-04-30,Alex Bregman,608324,471911,2,23,57.11,47.69,24,106.5,HOU,746398,0.3,1.93
2024-04-30,Jon Singleton,572138,471911,0,32,218.5,50.27,20,114.4,HOU,746398,0.14,2.1
2024-04-30,Josh Naylor,647304,686613,1,4,40.56,95.99,38,93.9,HOU,746398,-0.84,2.43
2024-04-30,Andrés Giménez,665926,686613,0,46,186.74,48.35,31,102.7,HOU,746398,-0.11,2.45
2024-04-30,Estevan Florial,664314,606160,2,51,207.88,71.89,19,110.7,HOU,746398,0.65,2.12
2024-04-30,Victor Caratini,605170,683769,2,89,197.71,67.81,19,109,HOU,746398,0.19,1.99
2024-04-30,Riley Greene,682985,502043,0,24,133.98,28.73,24,109.8,DET,746477,-0.29,2.28
2024-04-30,Wenceel Pérez,672761,571927,0,15,186.68,58.7,27,101.2,DET,746481,-0.21,2.25
2024-04-30,Brendan Donovan,680977,666159,0,39,220.48,79.15,26,104.1,DET,746481,-0.46,2.51
2024-04-30,Alec Burleson,676475,663947,2,44,56.08,64.82,28,102.7,DET,746481,-0.39,2.78
2024-04-30,Wenceel Pérez,672761,681676,2,50,224.85,77.56,34,101.9,DET,746481,-0.04,2.06
2024-04-30,Riley Greene,682985,606149,0,66,212.7,68.64,38,105.3,DET,746481,-0.29,3.17
2024-04-30,Danny Mendick,664901,681892,2,45,67.67,46.11,30,101.1,CWS,746806,-0.16,2.14
2024-04-30,Andrew Benintendi,643217,663485,0,70,210.62,68.37,31,98.6,CWS,746806,0.63,1.92
2024-04-30,Austin Wells,669224,665152,0,15,155.53,34.31,29,102.6,BAL,747047,0.54,3.06
2024-04-30,Juan Soto,665742,665152,1,46,218.76,42.61,31,112.6,BAL,747047,0.32,2.94
2024-04-30,Christian Walker,572233,689017,0,28,54.11,48.11,22,104.5,AZ,747210,-0.24,3.28
2024-04-30,Christian Walker,572233,622503,0,81,5.58,73.43,25,109.3,AZ,747210,-0.9,2.31
2024-05-01,Danny Jansen,643376,607625,2,51,32.33,84.5,20,105.7,TOR,744939,0.04,1.95
2024-05-01,Michael Massey,686681,663878,2,57,223.26,91.39,38,99.9,TOR,744939,0.69,1.76
2024-05-01,Spencer Steer,668715,605397,2,3,76.57,49.3,34,101.6,SD,745423,-0.06,2.23
2024-05-01,Jake Cronenworth,630105,518585,0,56,229.19,79.03,27,108.3,SD,745423,0.57,2.33
2024-05-01,Abraham Toro,647351,682990,1,13,145.42,35.99,21,106.3,OAK,745670,-0.11,2.9
2024-05-01,Tyler Nevin,663527,682990,2,23,56.91,59.6,37,102.2,OAK,745670,-0.01,2.08
2024-05-01,Willy Adames,642715,621107,1,46,151.09,34.12,31,103.9,MIL,745996,-0.13,1.99
2024-05-01,Willy Adames,642715,541640,1,58,147.77,35.63,29,103.1,MIL,745996,0.58,2.16
2024-05-01,Ehire Adrianza,501303,554430,2,19,188.97,58.28,32,98.5,LAA,746238,0.02,3.39
2024-05-01,Will Brennan,686823,434378,0,29,180.68,56.99,37,102.5,HOU,746399,0.31,2.16
2024-05-01,Kyle Tucker,663656,663474,0,50,195.68,42.4,26,107.6,HOU,746399,-0.1,2.72
2024-05-01,Matt Vierling,663837,571945,2,24,46.91,50.63,23,106.5,DET,746478,-0.48,2.53
2024-05-01,Willson Contreras,575929,628317,0,27,132.82,23.97,24,110.2,DET,746478,0.24,1.99
2024-05-01,Tommy Pham,502054,641927,2,23,65.24,43.05,37,102.1,CWS,746800,0.13,2.58
2024-05-01,Alex Kirilloff,666135,623167,2,34,46.02,80.01,31,98.3,CWS,746800,-0.17,3.32
2024-05-01,Korey Lee,686676,592779,1,59,153.68,39.88,32,101.6,CWS,746800,-0.44,2.1
2024-05-01,Tom Murphy,608596,676710,0,16,35.05,60.68,26,106.4,BOS,746966,0.04,2.07
2024-05-01,Oswaldo Cabrera,665828,669203,2,31,231.48,101.95,21,103.3,BAL,747048,0.88,2.34
2024-05-01,Andy Pages,681624,656756,1,10,64.66,37.68,37,107.7,AZ,747207,-0.3,1.43
2024-05-01,Will Smith,669257,656756,0,20,28.2,72.64,30,101,AZ,747207,-0.24,1.73
2024-05-02,Christopher Morel,666624,605288,2,36,22.62,78.76,40,103.6,NYM,745830,-0.59,2.81
2024-05-02,Jacob Stallings,607732,665795,2,15,56.3,48.35,33,107,MIA,746070,-0.27,2.36
2024-05-02,Josh Bell,605137,663567,1,26,219.82,82.24,29,101,MIA,746070,-0.41,2.17
2024-05-02,Jon Singleton,572138,671106,2,49,212.75,89.53,43,100.1,HOU,746403,0.55,2.4
2024-05-02,Mike Yastrzemski,573262,670174,0,18,183.67,50.72,31,100.3,BOS,746969,0.11,1.59
2024-05-02,Ryan Mountcastle,663624,607074,2,26,161.27,38.84,29,107,BAL,747044,-0.46,1.48
2024-05-02,Jorge Mateo,622761,607074,0,32,58.85,40.29,27,105.5,BAL,747044,0,2.25
2024-05-02,Ryan McKenna,663630,607074,2,35,137.24,36.75,30,103,BAL,747044,0.17,1.87
2024-05-02,Gleyber Torres,650402,669211,0,49,98.7,32.26,31,100.9,BAL,747044,-0.13,2.24
2024-05-03,Luis García Jr.,671277,657024,0,57,140.87,37.41,25,104.7,WSH,744868,0.27,2.47
2024-05-03,Brett Baty,683146,650644,2,12,208.05,69.54,43,109.2,TB,745101,0.27,3.23
2024-05-03,Randy Arozarena,668227,673380,1,37,38.55,40.32,27,109.1,TB,745101,-0.1,2.56
2024-05-03,Brett Baty,683146,592094,1,77,214.35,52.23,27,107.7,TB,745101,-0.27,2.55
2024-05-03,Ryan McMahon,641857,527048,0,38,207.57,37.7,34,112.2,PIT,745510,0.47,1.86
2024-05-03,Oneil Cruz,665833,656222,1,70,226.68,54.06,27,111.7,PIT,745510,0.66,2.84
2024-05-03,Brent Rooker,667670,677960,1,27,89.33,24.31,26,108.3,OAK,745665,-0.2,2.37
2024-05-03,Austin Riley,663586,694813,2,3,101.18,20.29,33,110.3,LAD,746152,0.12,2.26
2024-05-03,Teoscar Hernández,606192,450203,0,31,198.46,59.53,31,103.7,LAD,746152,0.35,3.09
2024-05-03,Ronald Acuña Jr.,660670,543339,1,55,51.07,65.76,38,103.3,LAD,746152,0.36,3.48
2024-05-03,Hunter Renfroe,592669,547179,1,36,29.1,82.72,26,95.5,KC,746318,-0.67,2.73
2024-05-03,Salvador Perez,521692,570632,1,59,18.5,84.11,28,101.1,KC,746318,0.09,2.11
2024-05-03,Jorge Polanco,593871,669854,2,18,189.97,47,36,105.1,HOU,746402,-0.03,3.09
2024-05-03,Dylan Moore,664238,669854,0,33,55.44,69.5,18,109,HOU,746402,0.24,3.35
2024-05-03,Nolan Schanuel,694384,676440,2,18,238.59,93.83,33,100,CLE,746645,0.28,3
2024-05-03,Mickey Moniak,666160,676440,2,29,187.03,43.82,22,109.9,CLE,746645,0.29,2.39
2024-05-03,Ryan O'Hearn,656811,641941,1,49,183.86,49.04,34,103.5,CIN,746721,0.12,2.51
2024-05-03,Christopher Morel,666624,605452,2,46,126.47,31.84,26,107.1,CHC,746890,0.4,3.1
2024-05-03,Fernando Tatis Jr.,665487,677944,0,21,67.96,39.42,35,107.7,AZ,747208,0.19,2.52
2024-05-03,Jake Cronenworth,630105,677944,0,22,225.96,71.56,39,102.1,AZ,747208,0.18,2.65
2024-05-03,Manny Machado,592518,621199,2,35,41.94,68.09,17,111.7,AZ,747208,-0.21,3.4
2024-05-04,Kevin Kiermaier,595281,571882,2,66,164.49,46.2,29,102,WSH,744862,0.26,2.58
2024-05-04,Nolan Arenado,571448,607200,1,42,100.47,34.25,29,103.4,STL,745183,0.45,3.15
2024-05-04,Wilmer Flores,527038,624133,2,48,60.31,60.45,28,97.6,PHI,745583,-0.1,2.88
2024-05-04,Whit Merrifield,593160,669062,0,71,23.69,87.17,31,101.2,PHI,745583,-0.35,2.64
2024-05-04,Brent Rooker,667670,669432,0,22,23.3,48.68,34,110.6,OAK,745666,-0.33,2.7
2024-05-04,JJ Bleday,668709,669432,1,26,173.9,39.99,22,107.1,OAK,745666,0.23,2.2
2024-05-04,Brent Rooker,667670,670766,1,31,16.53,89.5,22,110.5,OAK,745666,-0.02,2.45
2024-05-04,Brett Harris,695391,670766,0,41,33.4,57.83,22,105.7,OAK,745666,-0.37,2.17
2024-05-04,Nick Fortes,663743,621112,0,52,40.42,63.81,20,106.9,OAK,745666,-0.1,2.06
2024-05-04,Brett Harris,695391,670766,0,57,37.1,76.15,31,102.6,OAK,745666,-0.72,2.37
2024-05-04,Bryan De La Cruz,650559,666204,2,75,170.81,49.69,34,104.4,OAK,745666,0.12,2.31
2024-05-04,Shea Langeliers,669127,656896,1,81,77.61,35.83,31,105.2,OAK,745666,-0.21,2.74
2024-05-04,Riley Greene,682985,657376,0,1,205.09,76.52,28,101.4,NYY,745750,0.28,2.16
2024-05-04,Anthony Rizzo,519203,663554,2,26,212.13,55.79,29,100.8,NYY,745750,0.52,2.94
2024-05-04,Max Kepler,596146,592155,1,30,192.06,48.62,26,101,MIN,745911,-0.02,2.69
2024-05-04,Max Muncy,571970,693821,0,11,147.12,33.9,31,104.7,LAD,746155,-0.62,1.96
2024-05-04,Shohei Ohtani,660271,693821,0,20,203.7,59.98,34,103.4,LAD,746155,0.71,3.25
2024-05-04,Andy Pages,681624,693821,0,30,68.02,52.05,31,103.1,LAD,746155,0.42,2.89
2024-05-04,Max Muncy,571970,554431,0,59,173.55,42.75,36,106.1,LAD,746155,-0.3,2.03
2024-05-04,Max Muncy,571970,623451,1,73,62.21,63.26,35,98.5,LAD,746155,-1.12,2.1
2024-05-04,Luis Urías,649966,664285,0,31,125.85,28.94,29,105.6,HOU,746394,0.2,2.01
2024-05-04,Cal Raleigh,663728,664285,1,42,87.63,39.04,37,105.9,HOU,746394,-0.19,2.25
2024-05-04,Austin Hedges,595978,672282,2,16,28.68,89.1,30,97.7,CLE,746644,0.37,2.4
2024-05-04,Ramón Laureano,657656,672282,0,28,38.61,68.3,26,105.4,CLE,746644,0.12,2.09
2024-05-04,Bo Naylor,666310,672282,2,51,198.01,57.25,34,103.5,CLE,746644,0.19,1.8
2024-05-04,Jorge Mateo,622761,671096,1,26,48.28,68.83,28,97.6,CIN,746720,-0.55,1.81
2024-05-04,Adley Rutschman,668939,671096,1,34,49.1,67.18,29,95.7,CIN,746720,0.05,2.14
2024-05-04,Christopher Morel,666624,668964,0,25,86.99,39.54,28,109,CHC,746884,-0.01,3.01
2024-05-04,Nico Hoerner,663538,668964,0,4,63.17,57.66,30,99.3,CHC,746884,-0.31,2.23
2024-05-04,Patrick Wisdom,621550,600986,1,48,8.77,64.16,26,111.4,CHC,746884,-0.57,2.06
2024-05-04,Blake Perkins,663368,624522,0,53,180.97,53.83,28,102.2,CHC,746884,0.04,2.79
2024-05-04,Jurickson Profar,595777,676714,1,54,61.66,52.67,24,102,AZ,747209,0.75,2.6
2024-05-04,Ha-Seong Kim,673490,686826,1,58,47.18,65.97,26,97.2,AZ,747209,-0.18,1.98
2024-05-05,Vladimir Guerrero Jr.,665489,669022,2,18,28.48,60.7,34,108.8,WSH,744861,-0.18,2.45
2024-05-05,Luis García Jr.,671277,666201,1,30,163.66,39.68,36,105.9,WSH,744861,0.06,2.58
2024-05-05,Jesse Winker,608385,666201,2,45,174.09,47.46,28,103.4,WSH,744861,-0.2,2.39
2024-05-05,Eddie Rosario,592696,657024,2,72,182.1,46.07,33,104.2,WSH,744861,0.69,1.88
2024-05-05,Francisco Lindor,596019,686752,1,3,209.04,63.14,25,102.1,TB,745103,0.19,1.44
2024-05-05,Randy Arozarena,668227,621242,2,83,54.52,65.94,30,94.7,TB,745103,-0.29,1.82
2024-05-05,Willson Contreras,575929,676979,0,26,127.68,26.64,21,111.4,STL,745185,0.23,2.14
2024-05-05,Eloy Jiménez,650391,606149,0,43,155.11,35.27,24,105.8,STL,745185,0.59,3.1
2024-05-05,Sean Bouchard,656248,663559,1,10,16.25,78.36,24,109,PIT,745504,-0.1,3.33
2024-05-05,Oneil Cruz,665833,663372,1,47,160.73,28.67,32,106.5,PIT,745504,0.45,2.91
2024-05-05,Jacob Stallings,607732,663559,1,9,125.66,31.39,30,101.7,PIT,745504,0.23,2.82
2024-05-05,Bryce Harper,547180,657277,0,24,160.39,36.93,32,107,PHI,745587,-0.11,1.77
2024-05-05,Thairo Estrada,642731,592836,1,55,56.49,52.13,32,101.9,PHI,745587,0.02,2.69
2024-05-05,Jakson Reetz,656883,621237,1,72,40.47,64.29,25,106.5,PHI,745587,-0.17,2.56
2024-05-05,Nick Gordon,624503,671212,2,6,170.7,41.05,28,104.7,OAK,745667,0.26,2.35
2024-05-05,Aaron Judge,592450,669373,2,6,200.56,55.35,29,109.3,NYY,745751,-0.2,2.29
2024-05-05,Ryan Jeffers,680777,681867,2,21,57.92,59,29,98.8,MIN,745913,-0.18,1.33
2024-05-05,Ceddanne Rafaela,678882,657746,1,33,61.14,60.36,25,105.2,MIN,745913,-0.4,1.86
2024-05-05,Rafael Devers,646240,543351,1,72,234.19,73.47,24,108.7,MIN,745913,0.41,1.4
2024-05-05,Teoscar Hernández,606192,608331,1,43,107.23,36.04,29,106,LAD,746153,-0.15,2.24
2024-05-05,Marcell Ozuna,542303,572020,1,47,179.29,57.94,30,104.3,LAD,746153,0.57,3.6
2024-05-05,Shohei Ohtani,660271,621345,0,58,104.99,11.98,26,110.6,LAD,746153,-0.03,2.62
2024-05-05,Shohei Ohtani,660271,608331,0,6,114.5,30.59,31,104.3,LAD,746153,0.38,3
2024-05-05,Jonah Heim,641680,663704,1,64,230.61,101.6,22,107.4,KC,746314,0.33,2.5
2024-05-05,Luke Raley,670042,606160,0,42,207.37,55.28,35,107.2,HOU,746395,0.21,3.44
2024-05-05,Kyle Tucker,663656,682243,1,49,216.66,82.97,32,97.8,HOU,746395,0.55,1.93
2024-05-05,Jon Singleton,572138,682243,0,57,231.49,86.5,26,100.5,HOU,746395,0.51,2.13
2024-05-05,Cal Raleigh,663728,623352,1,74,32.29,69.29,23,109.2,HOU,746395,-0.25,2.41
2024-05-05,José Ramírez,608070,656288,1,44,186.72,57.08,30,98.9,CLE,746643,-0.73,3.12
2024-05-05,Josh Naylor,647304,519043,2,61,178.6,48.94,21,108.5,CLE,746643,-0.34,3.05
2024-05-05,Ryan McKenna,663630,608718,0,45,47.14,79.92,39,96.2,CIN,746719,-0.5,2.94
2024-05-05,Jordan Westburg,676059,666157,2,5,205.3,67.92,23,101.9,CIN,746719,0.28,2.47
2024-05-05,Anthony Santander,623993,641941,2,66,176.08,44.16,23,104,CIN,746719,-0.37,2.29
2024-05-05,Dansby Swanson,621020,600986,0,50,96.54,40.44,23,109.3,CHC,746883,-0.36,1.71
2024-05-05,Jackson Merrill,701538,669194,2,15,208.24,61.96,26,101,AZ,747206,0.92,1.92
2024-05-05,Joc Pederson,592626,666745,2,42,223.75,83.4,38,100.5,AZ,747206,0.68,2.96
2024-05-05,Ketel Marte,606466,663362,0,5,205.13,49.38,27,102.6,AZ,747206,-0.01,3.14
2024-05-06,Tommy Pham,502054,641302,1,24,200.15,66.83,25,102,TB,745098,0.35,3.24
2024-05-06,Jonny DeLuca,676356,694363,1,49,55.11,52.65,21,105.2,TB,745098,-0.46,1.48
2024-05-06,Brandon Nimmo,607043,552640,1,52,241.6,75.14,24,111.1,STL,745182,0.39,2.28
2024-05-06,Edward Olivares,658668,542881,1,23,53.35,43.09,24,106.5,PIT,745509,0.32,2.21
2024-05-06,Zach Neto,687263,656605,1,40,135.21,34.34,28,103,PIT,745509,0.71,1.82
2024-05-06,Bryce Harper,547180,696131,0,39,66.1,56.85,29,101.3,PHI,745585,-0.03,2.77
2024-05-06,Kyle Schwarber,656941,643511,2,67,239.27,93.16,33,97.9,PHI,745585,-0.18,2.85
2024-05-06,Corey Seager,608369,668674,2,59,157.46,31.23,23,107.6,OAK,745669,0.12,2.15
2024-05-06,Nick Gordon,624503,621111,0,14,210.83,68.95,38,98.4,LAD,746149,0.13,3.03
2024-05-06,James Outman,681546,682610,0,20,158.15,24.83,24,108.6,LAD,746149,0.21,2.36
2024-05-06,Teoscar Hernández,606192,682610,2,30,31.54,57.73,29,108,LAD,746149,-0.2,2.23
2024-05-06,Shohei Ohtani,660271,682610,0,8,127.18,26.36,27,107.6,LAD,746149,-0.45,3.35
2024-05-06,Freddie Freeman,518692,682610,0,9,95.24,39.04,32,101.4,LAD,746149,-0.6,3.13
2024-05-06,Gary Sánchez,596142,666142,2,27,63.15,37.48,30,102.6,KC,746313,-0.45,2.11
2024-05-06,Michael Massey,686681,657649,0,48,194.68,46.9,30,101.4,KC,746313,0.47,3.24
2024-05-06,Riley Greene,682985,663474,0,1,155.03,29.86,36,109.8,CLE,746639,0.53,2.68
2024-05-06,José Ramírez,608070,656427,1,47,227.27,102.28,30,93.4,CLE,746639,0.53,2.71
2024-05-06,Christopher Morel,666624,673513,1,51,67.04,60.8,38,105.6,CHC,746886,-0.26,2.11
2024-05-06,Yan Gomes,543228,660853,1,59,59.91,46.57,29,105.3,CHC,746886,-0.16,2.71
2024-05-07,Randy Arozarena,668227,647336,1,24,33,84.56,36,99.1,TB,745095,-0.01,2.84
2024-05-07,Isaac Paredes,670623,641745,0,46,48.65,54.52,30,101.1,TB,745095,0.34,1.98
2024-05-07,Paul DeJong,657557,621107,2,53,31.65,82.4,32,97,TB,745095,0.37,2.56
2024-05-07,Brandon Nimmo,607043,571945,0,37,137.4,21.05,27,108.2,STL,745186,0.19,1.63
2024-05-07,Brendan Donovan,680977,676130,0,5,163.31,38.45,34,103.6,STL,745186,-0.3,2.29
2024-05-07,Alec Burleson,676475,642121,1,55,227.21,96.54,36,93.8,STL,745186,0.52,1.99
2024-05-07,Pete Alonso,624413,688297,1,76,71.36,41.8,20,109,STL,745186,0.55,1.96
2024-05-07,Lars Nootbaar,663457,493603,1,81,147.76,29.04,22,106.7,STL,745186,-0.14,2.48
2024-05-07,Kevin Pillar,607680,682990,1,25,18.14,75.04,29,103.6,PIT,745508,-0.56,2.29
2024-05-07,Kevin Pillar,607680,672710,0,52,36.36,65.25,31,101.8,PIT,745508,0.15,3.14
2024-05-07,Kody Clemens,665019,621244,2,16,224.38,78.13,30,100.3,PHI,745586,-0.37,2.19
2024-05-07,Bryce Harper,547180,621244,2,38,202.72,76.37,38,95.4,PHI,745586,0.04,1.79
2024-05-07,Marcus Semien,543760,548389,0,1,97.68,39.23,20,107,OAK,745668,-0.03,2.02
2024-05-07,Kyle McCann,668832,666720,1,77,146.94,24.8,25,109.4,OAK,745668,0.02,2.48
2024-05-07,Seth Brown,664913,666720,1,88,66.45,55.97,28,102.9,OAK,745668,-0.55,2.31
2024-05-07,Kyle Tucker,663656,661563,1,2,238.25,81.27,26,108.1,NYY,745752,0.53,1.85
2024-05-07,Anthony Volpe,683011,434378,1,35,217.49,88.45,37,99.6,NYY,745752,0.47,3.05
2024-05-07,Giancarlo Stanton,519317,434378,0,42,69.86,38.02,15,118.8,NYY,745752,0.01,2.01
2024-05-07,Alex Verdugo,657077,434378,1,8,191.7,58.79,20,107.4,NYY,745752,0.41,2.25
2024-05-07,Ryan Jeffers,680777,676106,2,25,25.16,62.74,26,108.8,MIN,745915,0.31,2.24
2024-05-07,Cal Raleigh,663728,595345,1,53,21.59,50.72,35,110,MIN,745915,-0.34,2.63
2024-05-07,Mitch Haniger,571745,641927,0,7,50.16,56.71,39,102.7,MIN,745915,-0.26,3.39
2024-05-07,Jazz Chisholm Jr.,665862,808967,0,1,175.17,43.04,37,107.2,LAD,746147,-0.11,2.64
2024-05-07,Max Muncy,571970,665795,1,10,54.33,62.37,29,102.4,LAD,746147,-0.71,2.31
2024-05-07,Gavin Lux,666158,666277,1,28,216.86,56.03,28,100.5,LAD,746147,0.28,2.03
2024-05-07,Bryan De La Cruz,650559,808967,1,45,37.8,70.8,20,108.8,LAD,746147,-0.21,2.32
2024-05-07,Rhys Hoskins,656555,607625,0,11,93.12,30.9,33,105.7,KC,746315,-0.07,2.69
2024-05-07,Joey Ortiz,687401,607625,0,12,66.59,42.79,26,103.1,KC,746315,0.31,2.43
2024-05-07,Willy Adames,642715,663704,2,77,43.04,63.24,23,104.3,KC,746315,-0.28,2.1
2024-05-07,Andy Ibáñez,628451,671106,0,1,41.49,66.17,36,102.3,CLE,746638,-0.14,2.06
2024-05-07,Andy Ibáñez,628451,671106,2,16,212.09,77.42,28,98.2,CLE,746638,0.45,2.37
2024-05-07,Josh Naylor,647304,628317,2,25,230.23,87.84,31,106.2,CLE,746638,0.81,2.56
2024-05-07,Corbin Carroll,682998,458677,1,50,87.21,41.78,21,104.3,CIN,746718,-0.08,3.36
2024-05-07,Ketel Marte,606466,458677,1,51,92.81,36.66,21,107.5,CIN,746718,0.35,2.73
2024-05-07,Jonathan India,663697,686826,2,56,136.82,35.4,31,103.3,CIN,746718,-0.18,2.52
2024-05-07,Tyler Stephenson,663886,623149,1,69,97.2,40.28,30,101.2,CIN,746718,0.03,2.58
2024-05-07,Cody Bellinger,641355,681190,0,26,188.58,52.81,21,106.6,CHC,746885,-0.18,2.68
2024-05-07,Jurickson Profar,595777,684007,0,56,84.73,49.14,21,103.4,CHC,746885,0.33,1.49
2024-05-07,Michael Busch,683737,660853,0,71,183.84,35.88,28,108,CHC,746885,-0.19,2.89
2024-05-07,Jarred Kelenic,672284,676710,1,22,218.39,81.42,29,97,ATL,747126,0.21,2.93
2024-05-08,Anthony Santander,623993,680730,2,28,7.73,76.97,25,109.6,WSH,744858,-1.2,1.64
2024-05-08,Gunnar Henderson,683002,680730,0,41,203.1,66.02,36,101.6,WSH,744858,-0.09,2.26
2024-05-08,Eddie Rosario,592696,518886,2,68,150.01,33.75,29,103,WSH,744858,-0.1,3.16
2024-05-08,Ryan Mountcastle,663624,640451,1,81,53.32,60.55,34,98.8,WSH,744858,-0.5,2.14
2024-05-08,Paul DeJong,657557,650644,0,30,34.55,64.82,35,104.2,TB,745097,-0.36,2.88
2024-05-08,Jo Adell,666176,527048,0,17,112.41,35,23,102.9,PIT,745507,-0.09,1.76
2024-05-08,Shea Langeliers,669127,683004,0,14,97.87,16.92,27,110.1,OAK,745659,-0.16,2.62
2024-05-08,Tyler Soderstrom,691016,683004,0,40,75.2,36.11,27,106.5,OAK,745659,-0.25,2.84
2024-05-08,Shea Langeliers,669127,547179,1,15,35.95,76.11,37,104.5,OAK,745664,0.21,2.72
2024-05-08,Marcus Semien,543760,676664,0,18,11.57,76.2,25,112.1,OAK,745664,-0.37,2.95
2024-05-08,Leody Taveras,665750,676664,2,29,88.43,36.8,23,106.3,OAK,745664,-0.44,1.87
2024-05-08,Brett Harris,695391,547179,0,41,59.95,38.34,22,105.9,OAK,745664,0.03,2.69
2024-05-08,Brent Rooker,667670,668390,1,62,118.3,65.28,27,108.4,OAK,745664,0.13,2.5
2024-05-08,Kyle Tucker,663656,607074,1,2,199.04,56.71,26,105,NYY,745749,-0.04,2.53
2024-05-08,Aaron Judge,592450,681293,0,23,184.69,46.18,33,106.4,NYY,745749,-0.05,3.13
2024-05-08,Giancarlo Stanton,519317,681293,1,25,,,20,119.9,NYY,745749,0.03,2.4
2024-05-08,Juan Soto,665742,681293,0,6,83.17,25.76,26,113.4,NYY,745749,-0.08,2.53
2024-05-08,Jeremy Peña,665161,624647,1,66,56.27,62.48,30,96.4,NYY,745749,0.65,2.08
2024-05-08,Willi Castro,650489,669923,1,15,189.72,35.78,28,106.9,MIN,745906,-0.08,2.12
2024-05-08,Mitch Garver,641598,663978,1,27,206.56,76.39,29,98.3,MIN,745906,0.1,2.71
2024-05-08,Carlos Correa,621043,669923,1,6,84.12,40.12,34,104.5,MIN,745906,-0.05,2.32
2024-05-08,Trevor Larnach,663616,669923,1,7,206.77,58.46,32,104.3,MIN,745906,0.67,2.41
2024-05-08,Bryan De La Cruz,650559,694813,0,22,18.77,79.37,25,110.5,LAD,746151,-0.31,2.37
2024-05-08,Teoscar Hernández,606192,677960,2,44,85.43,49.74,39,104.6,LAD,746151,-0.12,2.52
2024-05-08,Gary Sánchez,596142,623433,0,49,183.53,47.3,24,105.7,KC,746312,0.57,2.13
2024-05-08,Bobby Witt Jr.,677951,606303,0,62,55.83,42.56,35,105.6,KC,746312,-0.67,2.31
2024-05-08,Michael Conforto,624424,663567,0,7,215.27,69.78,33,96.1,COL,746562,0.88,2.6
2024-05-08,Elias Díaz,553869,666808,2,81,12.01,76.58,25,104.3,COL,746562,-1.25,2.51
2024-05-08,David Fry,681807,605177,1,67,222.95,104.22,40,96.8,CLE,746640,0.75,2.26
2024-05-08,Eugenio Suárez,553993,608371,2,61,59.16,55.83,26,104.4,CIN,746717,0.19,2.26
2024-05-08,Marcell Ozuna,542303,601713,2,10,208.72,73.2,30,102,ATL,747127,0.54,2.95
2024-05-08,Orlando Arcia,606115,601713,2,11,220.53,93.26,28,95.3,ATL,747127,0.66,2.46
2024-05-08,Marcell Ozuna,542303,601713,2,27,104.68,33.22,33,107.1,ATL,747127,0.56,2.44
2024-05-09,Anthony Volpe,683011,669854,0,26,225.38,102.07,43,98.2,NYY,745748,0.16,3.34
2024-05-09,Yordan Alvarez,670541,573186,2,3,229.83,76.36,23,116.8,NYY,745748,0.07,1.96
2024-05-09,Jon Singleton,572138,573186,2,5,245.35,63.85,28,115.4,NYY,745748,0.16,2.15
2024-05-09,Aaron Judge,592450,519151,1,64,103.07,8.18,29,115.7,NYY,745748,-0.59,2.77
2024-05-09,Ryan Jeffers,680777,669302,1,19,66.9,51.49,19,104.1,MIN,745910,-0.15,3.3
2024-05-09,Max Kepler,596146,668338,0,57,178.1,41.01,23,108.8,MIN,745910,-0.14,2.91
2024-05-09,Jake Bauers,641343,543243,0,16,215.04,54.64,31,105.3,MIL,745995,0.14,2.22
2024-05-09,Lars Nootbaar,663457,668964,2,22,132.48,27.37,29,106.1,MIL,745995,0.27,2.95
2024-05-09,Joey Ortiz,687401,543243,2,34,84.54,39.33,27,103.1,MIL,745995,0.05,2.46
2024-05-09,Rhys Hoskins,656555,543243,2,9,173.09,50.37,33,101.1,MIL,745995,0.35,2.76
2024-05-09,Dairon Blanco,680118,672282,0,16,55.27,54.9,24,102.6,LAA,746241,-0.32,2.66
2024-05-09,Vinnie Pasquantino,686469,672282,2,20,241.93,60.89,31,110.6,LAA,746241,0.79,2.39
2024-05-09,Michael Conforto,624424,615698,0,23,16.74,96.55,28,99.9,COL,746563,-0.63,2.68
2024-05-09,Brenton Doyle,686668,676775,0,34,89.39,28.81,24,106.5,COL,746563,0.04,2.59
2024-05-09,Joc Pederson,592626,668881,2,3,210.57,68.01,27,100.3,CIN,746715,0.54,3.46
2024-05-09,Jeimer Candelario,600869,677944,2,36,68.6,54.6,34,100.7,CIN,746715,-0.78,2.35
2024-05-09,José Ramírez,608070,605154,2,61,195.75,48.43,28,102.5,CWS,746802,0.1,1.04
2024-05-09,Josh Naylor,647304,605154,2,62,184.94,30.62,26,108.2,CWS,746802,-0.31,2.7
2024-05-10,Isiah Kiner-Falefa,643396,657746,0,20,50.58,72.06,28,95.5,TOR,744940,-0.22,2.65
2024-05-10,Carlos Santana,467793,579328,0,32,224.82,101.36,29,97.8,TOR,744940,0.99,2.37
2024-05-10,Anthony Rizzo,519203,542888,0,61,198.03,57.33,33,103.8,TB,745094,0.36,2.43
2024-05-10,Dylan Moore,664238,621112,1,31,21,97.97,23,101.7,SEA,745264,-0.19,2.23
2024-05-10,Stuart Fairchild,656413,669062,2,61,93.19,55.72,33,103.6,SF,745340,-0.11,2.61
2024-05-10,Thairo Estrada,642731,671096,1,7,61.45,61,32,97.1,SF,745340,-0.14,2.92
2024-05-10,Luis Campusano,669134,607192,1,21,84.67,30.19,25,105,SD,745421,0.06,3.17
2024-05-10,Cody Bellinger,641355,683003,2,3,213.75,67.38,26,103.7,PIT,745506,0.58,2.11
2024-05-10,Ronald Acuña Jr.,660670,500779,2,18,137.85,12.49,24,114.2,NYM,745827,0.39,2.61
2024-05-10,Ozzie Albies,645277,500779,2,19,28.87,91.93,40,102.7,NYM,745827,-0.09,3.18
2024-05-10,Matt Olson,621566,500779,2,21,170.18,45.24,20,108.5,NYM,745827,0.13,2.89
2024-05-10,Francisco Lindor,596019,450203,0,49,216.66,68.85,34,107.1,NYM,745827,0.14,2.98
2024-05-10,Nolan Gorman,669357,643361,1,70,206.31,62.42,40,105.3,MIL,745993,0.69,2.52
2024-05-10,Johan Rojas,679032,681871,2,57,58.92,57.18,28,100.6,MIA,746071,-0.55,2.03
2024-05-10,Nick Castellanos,592206,669432,0,9,182.83,47.19,28,104.4,MIA,746071,0.71,2.16
2024-05-10,Jo Adell,666176,679525,0,34,98.32,24.4,24,111.9,LAA,746240,-0.2,2.26
2024-05-10,Adam Frazier,624428,608032,1,65,234.32,75.11,32,96.3,LAA,746240,0.58,2.93
2024-05-10,Kyle Tucker,663656,663554,0,41,212.04,56.71,28,106,DET,746479,0.37,3.34
2024-05-10,Corey Seager,608369,596295,0,43,198.15,52.51,21,108.2,COL,746553,0.45,1.81
2024-05-10,Tyler Freeman,671289,621051,0,48,54.38,59.41,29,100.3,CWS,746801,-0.17,1.97
2024-05-10,Korey Lee,686676,471911,0,52,35.84,46.47,27,109.8,CWS,746801,-0.76,2.52
2024-05-10,Paul DeJong,657557,471911,0,53,15.02,84.78,26,107,CWS,746801,-0.09,1.87
2024-05-10,José Ramírez,608070,621383,1,59,25.88,84.06,26,98.6,CWS,746801,0,2.18
2024-05-10,Andrew Vaughn,683734,658648,0,62,165.29,41.78,26,104.9,CWS,746801,-0.4,1.5
2024-05-10,Ketel Marte,606466,608344,1,19,185.63,48.3,30,105.2,BAL,747043,0.83,2.61
2024-05-11,Bo Bichette,666182,680573,1,19,50.82,54.78,34,105.3,TOR,744943,-0.44,2.21
2024-05-11,Carlos Santana,467793,592332,1,26,123.86,32.74,25,103.8,TOR,744943,-0.21,3.72
2024-05-11,Ryan Jeffers,680777,647315,0,35,67.18,51.61,39,110.8,TOR,744943,-0.22,2.59
2024-05-11,Davis Schneider,676914,680573,0,47,32.01,86.91,33,94.1,TOR,744943,0.05,2.08
2024-05-11,Danny Jansen,643376,663485,2,51,30.3,79.9,23,105.8,TOR,744943,0.02,3.15
2024-05-11,Randy Arozarena,668227,641482,0,24,182.78,54.07,26,102.5,TB,745096,0.14,2.49
2024-05-11,Yandy Díaz,650490,641482,0,5,75.77,44.59,28,100.4,TB,745096,-0.35,2.35
2024-05-11,Cal Raleigh,663728,683155,0,11,201.11,61.38,31,100.4,SEA,745262,0.06,2.5
2024-05-11,JJ Bleday,668709,660825,1,66,205.83,52.07,29,108.2,SEA,745262,0.32,2.46
2024-05-11,Elly De La Cruz,682829,696131,0,24,91.09,48.5,36,107.5,SF,745344,-0.45,2.95
2024-05-11,Matt Chapman,656305,666157,2,9,96.54,33.05,25,105.7,SF,745344,-0.32,2.75
2024-05-11,Freddie Freeman,518692,663362,2,3,226.4,103.5,31,96.3,SD,745422,-0.05,1.53
2024-05-11,Teoscar Hernández,606192,660853,2,42,25.85,76.15,23,105.5,SD,745422,-0.34,2.6
2024-05-11,Connor Joe,656582,657006,2,26,60.71,50,24,106.4,PIT,745505,-0.17,2.26
2024-05-11,Oneil Cruz,665833,657006,2,27,187.12,36.88,19,114.1,PIT,745505,0.05,3.38
2024-05-11,Nico Hoerner,663538,694973,1,31,36.19,73.78,24,99.5,PIT,745505,0.32,2.37
2024-05-11,Michael A. Taylor,572191,657006,1,37,222.42,95.04,34,99,PIT,745505,0.11,3.01
2024-05-11,Yasmani Grandal,518735,624522,2,57,218.57,57.62,27,107.7,PIT,745505,0.33,2.95
2024-05-11,Andrew McCutchen,457705,663992,0,64,90.35,31.55,25,107.1,PIT,745505,0.28,2.73
2024-05-11,Orlando Arcia,606115,681035,0,14,13.88,79.35,30,106,NYM,745828,-0.9,2.66
2024-05-11,J.D. Martinez,502110,628452,2,70,184.1,53.94,29,102.5,NYM,745828,-0.23,2.18
2024-05-11,Rhys Hoskins,656555,552640,2,63,144.6,35.63,29,100.6,MIL,745994,0.23,1.43
2024-05-11,Vidal Bruján,660644,592836,0,34,173.66,42.72,29,101.4,MIA,746069,0.56,2.52
2024-05-11,Otto Lopez,672640,614179,1,78,76.41,35.68,30,107.7,MIA,746069,-0.64,2.7
2024-05-11,Jo Adell,666176,666142,1,15,85.48,44.91,27,107.1,LAA,746232,-0.46,2.35
2024-05-11,Mark Canha,592192,664299,1,17,57.7,55.31,25,102.9,DET,746480,0.09,2.51
2024-05-11,Kerry Carpenter,681481,664299,1,19,212.3,86.71,24,106.5,DET,746480,0.64,3.35
2024-05-11,Kerry Carpenter,681481,686613,1,39,54.65,61.03,29,102.6,DET,746480,-0.21,2.46
2024-05-11,Hunter Goodman,696100,571760,0,20,68.8,28.17,26,107.5,COL,746554,-0.02,1.61
2024-05-11,Leody Taveras,665750,656234,1,54,212.85,67.02,28,98.7,COL,746554,0.99,2.41
2024-05-11,Josh Naylor,647304,605182,2,29,32.23,91.45,29,99.4,CWS,746797,-1.11,3.12
2024-05-11,Wilyer Abreu,677800,663623,2,23,211.08,60.59,24,106.5,BOS,746963,0.22,2.76
2024-05-11,Eddie Rosario,592696,681867,0,31,42.26,93.35,36,93.9,BOS,746963,-0.81,2.81
2024-05-11,Joey Meneses,608841,681867,0,9,67.89,45.44,35,103.7,BOS,746963,-0.05,2.1
2024-05-11,Ketel Marte,606466,607644,2,18,8.95,89.72,26,104.5,BAL,747041,-0.12,1.69
2024-05-11,Gunnar Henderson,683002,669194,0,41,170.69,38.96,35,106.9,BAL,747041,0.22,2.03
2024-05-11,Anthony Santander,623993,656464,2,63,128.94,33.46,22,102,BAL,747041,-0.98,2.94
2024-05-12,Carlos Santana,467793,666201,2,44,173.86,44.65,22,105.3,TOR,744941,-1.14,3.05
2024-05-12,Jahmai Jones,663330,641302,0,18,54.37,61.27,21,109.5,TB,745092,-0.21,2.04
2024-05-12,Jose Trevino,624431,641302,2,29,35.83,59.56,24,106.1,TB,745092,-0.23,2.38
2024-05-12,Aaron Judge,592450,641302,1,36,217.34,77.84,33,106.7,TB,745092,-0.06,2.6
2024-05-12,Jose Siri,642350,657571,1,56,63.7,44.56,29,105.1,TB,745092,0.64,2.99
2024-05-12,Gleyber Torres,650402,542888,1,66,52.45,56.72,34,102.8,TB,745092,0.08,2.89
2024-05-12,Jose Trevino,624431,541640,2,68,19.65,86.22,26,101.3,TB,745092,-0.61,2.92
2024-05-12,Yandy Díaz,650490,641656,0,78,195.53,60.65,28,102.2,TB,745092,0.41,2.98
2024-05-12,Julio Rodríguez,677594,622072,2,19,128.71,27.79,22,109,SEA,745255,0.4,2.62
2024-05-12,Max Schuemann,680474,622491,2,37,40.69,66.92,31,101.1,SEA,745255,-0.21,2.27
2024-05-12,Mitch Garver,641598,666205,1,41,87.87,37.14,30,103.6,SEA,745255,-0.23,2.78
2024-05-12,Abraham Toro,647351,622491,0,44,221.83,90.68,28,96.4,SEA,745255,0.29,1.7
2024-05-12,Seby Zavala,664874,666205,1,51,25.58,94.28,32,97.1,SEA,745255,0.3,2.43
2024-05-12,Brent Rooker,667670,675989,2,64,13.35,75.03,28,113.4,SEA,745255,-0.95,2.01
2024-05-12,LaMonte Wade Jr.,664774,593423,1,44,220.39,92.67,50,102.9,SF,745345,0.51,3.47
2024-05-12,Mike Ford,645801,676254,0,66,132.64,26.27,26,106,SF,745345,-0.15,2.58
2024-05-12,Xander Bogaerts,593428,681402,2,41,86.96,33.78,24,105,SD,745419,0.04,2.65
2024-05-12,Fernando Tatis Jr.,665487,621111,1,5,143.29,20.73,29,109.2,SD,745419,0.74,2.61
2024-05-12,Jake Cronenworth,630105,621111,1,6,150.52,35.73,21,106.5,SD,745419,-0.38,2.82
2024-05-12,Oneil Cruz,665833,543294,0,29,205.41,80.36,47,112.7,PIT,745499,0.56,2.82
2024-05-12,Christopher Morel,666624,663559,2,4,40.41,62.49,29,101.9,PIT,745499,-0.63,1.77
2024-05-12,Patrick Wisdom,621550,547973,2,80,139.18,32.88,23,106.8,PIT,745499,0.29,1.94
2024-05-12,Connor Joe,656582,640470,0,85,22.4,84.59,21,109.4,PIT,745499,-0.43,2.82
2024-05-12,Jarred Kelenic,672284,622663,1,12,220.66,83.3,26,98.6,NYM,745825,0.27,2.58
2024-05-12,Brandon Nimmo,607043,621345,1,75,161.42,32.89,24,103.7,NYM,745825,-0.15,2.41
2024-05-12,Paul Goldschmidt,502671,669060,0,38,86.8,45.63,36,103.6,MIL,745990,0.33,3.4
2024-05-12,Josh Bell,605137,554430,1,26,135.58,33.05,31,105.6,MIA,746068,-0.27,2.42
2024-05-12,Nick Castellanos,592206,666129,1,4,84.06,39.31,33,103,MIA,746068,-0.17,2.31
2024-05-12,Willie Calhoun,641432,663704,1,70,169.71,47.25,25,101,LAA,746234,-0.04,2.48
2024-05-12,Kyle Tucker,663656,656427,1,35,223.15,86.99,36,103.4,DET,746476,0.58,1.31
2024-05-12,Spencer Torkelson,679529,661527,2,80,14.42,77.22,24,109,DET,746476,0.02,2.03
2024-05-12,Ezequiel Tovar,678662,570632,0,7,16.05,85.14,44,100.8,COL,746555,-0.09,1.87
2024-05-12,Andrés Giménez,665926,647336,0,23,194,61.38,28,98,CWS,746798,-0.15,1.64
2024-05-12,David Fry,681807,647336,1,26,26.62,67.45,36,103.1,CWS,746798,0.13,3.22
2024-05-12,Eddie Rosario,592696,678394,2,32,173.6,53.01,28,100.7,BOS,746965,0.04,2.6
2024-05-12,Jake McCarthy,664983,665152,2,44,236.2,98.59,29,104.8,BAL,747042,0.58,3.41
2024-05-12,Adley Rutschman,668939,668678,0,51,216.66,82.78,40,105.5,BAL,747042,0.31,1.88
2024-05-13,Luke Raley,670042,663903,1,16,133.1,23.99,23,107.3,SEA,745256,-0.08,2.27
2024-05-13,Ty France,664034,608717,2,68,27.66,80.43,37,103.2,SEA,745256,-0.15,1.69
2024-05-13,Mookie Betts,605141,663855,0,1,44.63,76.38,35,100.4,SF,745343,-0.38,2.01
2024-05-13,Luis Matos,682641,808967,1,16,27.38,77.67,31,104,SF,745343,-0.06,3.08
2024-05-13,Enrique Hernández,571771,669062,0,52,5.51,85.33,25,112.7,SF,745343,-1.16,1.87
2024-05-13,Xander Bogaerts,593428,641712,2,15,31.71,60.46,22,111.3,SD,745420,-0.16,2.52
2024-05-13,Jurickson Profar,595777,641712,2,50,234.94,83.37,27,107.3,SD,745420,-0.53,2.13
2024-05-13,Jackson Merrill,701538,656234,0,55,235.8,80.26,32,104.9,SD,745420,0.12,2.96
2024-05-13,Bryson Stott,681082,621242,0,70,190.74,56.58,24,103.6,NYM,745826,1.02,1.92
2024-05-13,Jack Suwinski,669261,607067,2,4,214.21,81.21,19,109.2,MIL,745991,0.41,2.51
2024-05-13,Yasmani Grandal,518735,669952,1,66,175.15,34.41,31,105.9,MIL,745991,0.32,2.27
2024-05-13,Jake Bauers,641343,676596,0,72,204.34,57.93,23,106.8,MIL,745991,-0.27,2.7
2024-05-13,Bryan Reynolds,668804,606303,0,77,124.24,28.8,29,105.8,MIL,745991,-0.18,2.48
2024-05-13,Kevin Pillar,607680,669461,2,23,25.82,91.51,20,105.2,LAA,746233,-0.68,1.8
2024-05-13,Nolan Arenado,571448,643256,0,45,43.83,69.5,36,100.2,LAA,746233,0.28,2.34
2024-05-13,Alex Bregman,608324,548389,1,32,41.46,70.31,30,98.3,HOU,746393,0.15,2.64
2024-05-13,Alex Bregman,608324,687765,0,53,41.79,67.4,23,104.4,HOU,746393,-0.05,2.78
2024-05-13,Otto Lopez,672640,656412,2,63,52.26,52.74,24,101.7,DET,746471,-0.43,2.88
2024-05-13,Spencer Torkelson,679529,687424,2,69,59.17,30.45,31,105.8,DET,746471,-0.12,2.35
2024-05-13,Tyler O'Neill,641933,621107,2,13,22.7,59.52,25,108.7,BOS,746961,-0.43,1.62
2024-05-13,Adley Rutschman,668939,621244,0,26,208.13,47.3,36,107.5,BAL,747040,0.41,3.19
2024-05-13,Adley Rutschman,668939,621244,2,44,210.52,73.98,30,96.3,BAL,747040,-0.58,2.85
2024-05-13,Daulton Varsho,662139,666974,1,54,233.97,72.85,30,106,BAL,747040,0.03,2.02
2024-05-13,Gabriel Moreno,672515,668933,1,14,197.98,60.88,20,107.7,AZ,747204,0.34,2.32
2024-05-13,Joc Pederson,592626,668933,0,26,162.75,27.17,24,107.4,AZ,747204,-0.04,3.58
2024-05-14,Josh Naylor,647304,683004,2,16,222.52,73.62,33,99.7,TEX,745014,0.47,3.04
2024-05-14,Adolis García,666969,594902,0,19,25.17,100.89,29,94.7,TEX,745014,0.38,2.68
2024-05-14,Corey Seager,608369,594902,1,30,229.17,94.17,20,109.1,TEX,745014,0.53,2.99
2024-05-14,Nathaniel Lowe,663993,594902,1,47,229.17,90.54,27,97.7,TEX,745014,0.49,3.24
2024-05-14,Luke Raley,670042,608379,2,26,228.65,93.85,26,99.2,SEA,745257,0.46,2.86
2024-05-14,Nelson Velázquez,676369,669302,2,47,44.93,59.42,20,107.8,SEA,745257,-0.74,2.33
2024-05-14,Mitch Haniger,571745,663704,1,66,223.93,92.83,34,103.6,SEA,745257,0.23,2.55
2024-05-14,Shohei Ohtani,660271,676775,0,23,208.75,37.41,29,113.4,SF,745342,0.25,2.7
2024-05-14,Ryan McMahon,641857,656302,0,24,189.26,53.9,41,107.1,SD,745418,0.77,2.7
2024-05-14,Ezequiel Tovar,678662,663568,0,51,29.66,70.87,24,106.1,SD,745418,0.34,1.92
2024-05-14,Giancarlo Stanton,519317,663978,1,24,77.6,33.04,18,114,MIN,745909,0.32,2.15
2024-05-14,Ryan Jeffers,680777,607074,0,6,54.98,47,24,107.4,MIN,745909,-0.25,2.27
2024-05-14,Sal Frelick,686217,682990,1,15,223.42,87.5,36,98,MIL,745989,0.1,1.77
2024-05-14,Nick Gonzales,693304,605452,2,31,57,54.31,30,103.3,MIL,745989,0.12,2.91
2024-05-14,Connor Joe,656582,656730,2,66,38.8,71.9,37,100.4,MIL,745989,-0.38,3.35
2024-05-14,Logan O'Hoppe,681351,543243,1,37,88.12,37.73,25,106.4,LAA,746235,-0.23,2.6
2024-05-14,Alec Burleson,676475,607237,0,60,219.86,79,26,107.1,LAA,746235,-0.47,2.91
2024-05-14,Alex Bregman,608324,676664,0,15,37.78,77.85,24,101.4,HOU,746396,0.15,1.6
2024-05-14,Eloy Jiménez,650391,592866,0,13,90.83,37.65,31,102.9,CWS,746796,-0.39,2.88
2024-05-14,Andrew Vaughn,683734,680730,2,21,158.3,40.21,28,102.6,CWS,746799,0.23,1.35
2024-05-14,Andrew Vaughn,683734,671131,1,58,75.3,40.32,28,103.1,CWS,746799,0.19,2.13
2024-05-14,Josh Lowe,666139,601713,2,3,196.67,60.13,28,106.9,BOS,746962,0.67,2.82
2024-05-14,Ceddanne Rafaela,678882,650644,1,35,32.27,95.77,40,102.5,BOS,746962,0.05,2.5
2024-05-14,Randy Arozarena,668227,601713,2,40,57.94,52.06,29,106.5,BOS,746962,-0.16,3.32
2024-05-14,Michael Harris II,671739,592791,0,30,104.83,27.91,24,106.7,ATL,747124,-0.58,2.09
2024-05-14,Matt Olson,621566,592791,2,37,152.78,17.28,27,108.2,ATL,747124,0.31,1.69
2024-05-14,Will Benson,666181,677944,1,34,186.09,54.14,34,99.9,AZ,747205,0.04,2.42
2024-05-15,Marcus Semien,543760,471911,2,37,34.76,75.84,34,98.5,TEX,745015,-0.46,2.82
2024-05-15,Adolis García,666969,680704,0,44,33.12,68.79,28,100.8,TEX,745015,0.07,1.73
2024-05-15,Ty France,664034,679525,1,28,53.56,47.37,25,105.8,SEA,745259,-0.46,1.99
2024-05-15,Mike Yastrzemski,573262,622694,1,24,220.52,95.52,40,99.3,SF,745341,0.43,3.25
2024-05-15,Jordan Beck,687597,669093,1,44,34.85,73.33,24,104.6,SD,745417,-0.94,2.83
2024-05-15,Brenton Doyle,686668,650633,0,8,50.09,41.48,33,108.5,SD,745417,-0.42,2.05
2024-05-15,J.D. Martinez,502110,605513,0,68,62.09,48.58,36,106.7,PHI,745582,-0.11,2.97
2024-05-15,Bryce Harper,547180,664192,2,9,40.54,67.7,23,103.2,PHI,745582,-0.07,2.6
2024-05-15,Aaron Judge,592450,641154,2,3,26.86,36.65,30,113,MIN,745908,-0.22,3.3
2024-05-15,William Contreras,661388,527048,0,24,223.12,95.39,33,102.2,MIL,745992,0.67,2.26
2024-05-15,Gary Sánchez,596142,527048,1,27,29.13,83.92,40,104.4,MIL,745992,-0.72,1.86
2024-05-15,Sal Frelick,686217,527048,2,37,73.91,54.37,23,100.1,MIL,745992,-0.45,2.69
2024-05-15,Joey Ortiz,687401,527048,0,43,29.69,55.22,28,106.3,MIL,745992,-0.36,1.25
2024-05-15,Jackson Chourio,694192,527048,0,51,49.15,37,27,107.8,MIL,745992,-0.25,2.33
2024-05-15,Andrew McCutchen,457705,657649,2,61,32.65,61.2,29,105.1,MIL,745992,0.05,2.68
2024-05-15,Paul Goldschmidt,502671,656288,0,45,178.2,49.52,29,104.2,LAA,746231,-0.13,1.95
2024-05-15,Nolan Schanuel,694384,458681,0,5,227.99,94.49,26,103.7,LAA,746231,-0.11,2.39
2024-05-15,Zach Neto,687263,687798,1,51,28.24,81.34,26,104.3,LAA,746231,0.46,2.48
2024-05-15,Taylor Ward,621493,687798,0,60,26.3,88.73,24,105,LAA,746231,-0.78,3.15
2024-05-15,Bryan De La Cruz,650559,663554,0,2,112.23,28.93,25,106.5,DET,746472,0.4,2.6
2024-05-15,Wilyer Abreu,677800,671737,0,28,218.11,61.95,34,103.2,BOS,746960,0.53,3.23
2024-05-15,Rafael Devers,646240,664208,1,51,114.56,34.31,20,110.5,BOS,746960,0.17,1.2
2024-05-15,Jordan Westburg,676059,579328,0,4,197.57,68.22,28,98.9,BAL,747038,0.43,2.3
2024-05-15,Adley Rutschman,668939,605447,0,76,211.84,87.7,43,106,BAL,747038,0.36,2.32
2024-05-15,Mike Tauchman,643565,450203,0,1,29.65,91.25,31,99.6,ATL,747123,-0.36,2.22
2024-05-15,Seiya Suzuki,673548,445926,2,66,88.08,36.57,32,105.9,ATL,747123,0.1,2.02
2024-05-15,Christian Walker,572233,671096,0,10,70.15,48.87,25,100.3,AZ,747203,-0.56,1.66
2024-05-15,Santiago Espinal,669289,694297,2,31,57.68,56.69,34,99.7,AZ,747203,-0.48,2.56
2024-05-16,Pete Alonso,624413,592836,1,2,78.66,27.21,18,115.3,PHI,745580,-0.08,1.79
2024-05-16,Anthony Volpe,683011,657746,0,1,61.79,57.16,24,99.8,MIN,745907,-0.68,2.89
2024-05-16,Will Benson,666181,607192,0,1,210.82,41.89,31,107.5,LAD,746150,-0.16,2.51
2024-05-16,Joey Loperfido,694388,683155,2,28,213.56,85.13,31,98.4,HOU,746391,-0.5,1.97
2024-05-16,Ian Happ,664023,683003,0,14,241.62,94.09,25,110.3,CHC,746881,0.5,2.5
2024-05-16,Nick Gonzales,693304,657006,1,26,50.47,63.42,35,95,CHC,746881,-0.92,2.98
2024-05-16,Edward Olivares,658668,657006,2,4,68.14,56.38,22,99.1,CHC,746881,-0.62,2.23
2024-05-16,Rafael Devers,646240,641793,0,12,35.7,95.08,34,99.9,BOS,746959,-0.07,2.71
2024-05-16,Josh Lowe,666139,681867,1,20,209.29,69.59,29,100.6,BOS,746959,1.02,3.07
2024-05-16,Jarren Duran,680776,687330,2,58,175.92,33.87,28,107.7,BOS,746959,0.57,2.96
2024-05-17,Richie Palacios,680700,605135,2,39,230.13,88.07,29,102.5,TOR,744934,0.36,2.55
2024-05-17,Davis Schneider,676914,641302,1,58,51.48,57.57,30,104,TOR,744934,0.32,2.93
2024-05-17,Jonah Heim,641680,542881,1,14,42.71,69.85,33,100.7,TEX,745016,-0.45,2.88
2024-05-17,Zach Neto,687263,571760,1,29,50.07,67.13,29,104.9,TEX,745016,0.25,2.3
2024-05-17,Taylor Ward,621493,668390,1,48,62.51,52.17,37,104.8,TEX,745016,-0.39,2.85
2024-05-17,Marcus Semien,543760,519043,1,68,40.99,82.88,40,97.9,TEX,745016,-0.51,2.52
2024-05-17,Nolan Gorman,669357,678394,1,18,79.22,41.25,29,105.7,STL,745178,0.07,2.41
2024-05-17,Rafael Devers,646240,502043,1,22,156.18,22,28,106,STL,745178,-0.47,1.72
2024-05-17,Alec Burleson,676475,678394,0,32,199.82,59.41,33,99,STL,745178,0.39,1.56
2024-05-17,Masyn Winn,691026,592155,1,51,77.6,43.78,28,102.8,STL,745178,-0.13,1.52
2024-05-17,Lars Nootbaar,663457,678394,0,6,116.97,25.22,25,106.1,STL,745178,-0.7,2.36
2024-05-17,Jordan Beck,687597,696131,1,14,120.39,33.41,29,104.1,SF,745335,0.39,2.16
2024-05-17,Thairo Estrada,642731,663372,0,46,33.25,80.98,22,104.2,SF,745335,-0.25,2.77
2024-05-17,Giancarlo Stanton,519317,621383,0,47,17.93,67.73,24,116.2,NYY,745747,-0.29,2.55
2024-05-17,Aaron Judge,592450,605182,2,8,,,28,114.4,NYY,745747,-0.63,2.61
2024-05-17,Nick Fortes,663743,681035,2,17,63.77,51.08,30,102.1,MIA,746065,-0.18,3.31
2024-05-17,Shohei Ohtani,660271,593423,1,20,26.96,87.01,28,104.5,LAD,746148,-0.38,2.67
2024-05-17,Stuart Fairchild,656413,572020,0,36,71.2,44.61,27,101.6,LAD,746148,0.22,3.18
2024-05-17,Mookie Betts,605141,593423,0,4,62.06,61.8,36,100.6,LAD,746148,-0.38,1.97
2024-05-17,Tyler Stephenson,663886,572020,2,45,52.59,66.03,26,96.1,LAD,746148,0.08,1.98
2024-05-17,Jason Heyward,518792,664747,1,64,235.33,84.82,37,103.4,LAD,746148,0.47,2.01
2024-05-17,Michael Massey,686681,613534,0,44,227.98,89.3,23,102.5,KC,746310,0.25,2
2024-05-17,Maikel Garcia,672580,656232,2,49,46.45,58.57,33,100.7,KC,746310,-0.69,3.02
2024-05-17,Shea Langeliers,669127,669422,2,70,136.65,29.01,25,104.1,KC,746310,0.26,2.07
2024-05-17,Jake Meyers,676694,642547,2,14,20.92,86.21,24,102.7,HOU,746388,-0.39,2.91
2024-05-17,Joey Ortiz,687401,686613,2,30,216.54,84.05,33,97.3,HOU,746388,0.21,2.88
2024-05-17,Jeremy Peña,665161,642547,1,41,61.63,59.52,24,98.2,HOU,746388,0.19,1.86
2024-05-17,Jake Bauers,641343,686613,1,8,209.18,53.63,29,108.2,HOU,746388,0.28,3.06
2024-05-17,Alex Kirilloff,666135,663474,0,14,200.84,54.37,32,105.6,CLE,746641,0,3.21
2024-05-17,David Fry,681807,595345,2,43,23.44,92.45,32,99.7,CLE,746641,0,1.54
2024-05-17,José Ramírez,608070,661395,2,61,218.69,73.98,30,99.8,CLE,746641,0.59,2.3
2024-05-17,Jared Triolo,669707,543294,0,15,23.73,72.87,24,103,CHC,746878,-0.62,2.96
2024-05-17,Andrew McCutchen,457705,643410,2,61,45.34,73.37,24,103.1,CHC,746878,-0.37,1.97
2024-05-17,Miguel Amaya,665804,669387,2,66,55.17,65.35,20,106.8,CHC,746878,-0.18,2.8
2024-05-17,Dylan Moore,664238,607644,2,38,54.78,51.08,31,104.3,BAL,747037,0.57,3.02
2024-05-17,Gunnar Henderson,683002,682243,0,7,154.76,39.1,26,101.3,BAL,747037,0.42,3.31
2024-05-18,Jonny DeLuca,676356,663878,0,61,37.41,83.97,19,105.9,TOR,744938,-0.09,2.29
2024-05-18,Taylor Ward,621493,570632,0,24,38.81,59.23,30,105.2,TEX,745013,-0.43,3.1
2024-05-18,Adolis García,666969,663776,2,46,24.02,66.83,26,104.7,TEX,745013,-0.49,2.77
2024-05-18,Jo Adell,666176,600917,0,48,177.7,46.91,30,101.7,TEX,745013,0.28,2.18
2024-05-18,Nolan Gorman,669357,676710,1,15,227.34,86.44,26,105.2,STL,745177,0.01,2.94
2024-05-18,Rafael Devers,646240,571945,1,27,145.52,25.46,23,106.6,STL,745177,-0.01,1
2024-05-18,Luis Matos,682641,621389,2,8,71.57,35.94,26,104.3,SF,745339,-0.22,2.48
2024-05-18,Bryson Stott,681082,669022,1,49,181.05,59.91,36,103.1,PHI,745581,0.51,2.86
2024-05-18,Kody Clemens,665019,640448,2,70,165.45,36.64,23,106.6,PHI,745581,-0.52,2.45
2024-05-18,Jose Trevino,624431,641745,1,19,24.41,98.17,19,103.2,NYY,745744,-0.51,3.09
2024-05-18,Giancarlo Stanton,519317,641745,1,28,172.68,52.08,20,113.5,NYY,745744,0.43,2.16
2024-05-18,Juan Soto,665742,641745,0,40,211.1,42.98,31,110.2,NYY,745744,0.42,2.07
2024-05-18,Juan Soto,665742,641745,1,9,197.02,45.6,24,112.5,NYY,745744,-0.21,2.34
2024-05-18,Jazz Chisholm Jr.,665862,622663,1,25,167.34,36.89,27,106.4,MIA,746067,0.21,2.25
2024-05-18,Josh Bell,605137,621242,1,85,114.65,26.02,26,107.9,MIA,746067,0.01,1.93
2024-05-18,Seth Brown,664913,607625,1,14,118.35,18.77,23,109.2,KC,746308,-0.28,2.39
2024-05-18,Kyle Isbel,664728,668674,0,58,166.57,37.41,29,102.7,KC,746308,-0.1,2.35
2024-05-18,William Contreras,661388,434378,2,35,93.05,28.82,22,109.3,HOU,746389,0.16,3.22
2024-05-18,Jake Meyers,676694,669060,1,39,32.56,90.98,23,102,HOU,746389,-0.61,2.61
2024-05-18,José Ramírez,608070,641927,1,7,223.27,97.7,25,92.9,CLE,746642,-0.23,2.56
2024-05-18,Gunnar Henderson,683002,662253,2,75,66.48,44.05,27,107.3,BAL,747036,-0.42,2.49
2024-05-19,Daniel Vogelbach,596129,650644,1,12,171.02,46.19,32,106.4,TOR,744937,0.19,2.26
2024-05-19,Isaac Paredes,670623,647315,2,66,36.38,88.39,37,97.7,TOR,744937,-0.25,3.31
2024-05-19,Corey Seager,608369,667755,1,24,220.58,75.01,39,101.9,TEX,745012,0.47,2.03
2024-05-19,Tyler O'Neill,641933,669461,2,3,73.83,28.79,36,110.2,STL,745179,0.3,2.92
2024-05-19,Lars Nootbaar,663457,601713,1,31,193.07,32.84,29,106.3,STL,745179,0.33,3.42
2024-05-19,Rafael Devers,646240,681676,2,47,151.32,37.65,37,106.8,STL,745179,0.01,2.57
2024-05-19,David Hamilton,666152,687798,1,70,225.25,73.7,23,103.8,STL,745179,0.13,2.77
2024-05-19,Ryan McMahon,641857,663855,2,3,57.06,62.9,24,103.5,SF,745336,-0.51,2.5
2024-05-19,Heliot Ramos,671218,680767,0,47,127.54,33.52,31,102.5,SF,745336,-0.49,2.59
2024-05-19,Eddie Rosario,592696,605400,1,27,228.22,99.05,34,98.2,PHI,745577,1.11,2.38
2024-05-19,Jesse Winker,608385,605400,1,35,178.59,43.18,38,107.1,PHI,745577,0,2.89
2024-05-19,Alec Bohm,664761,663432,2,72,31.29,65.42,32,105,PHI,745577,-0.61,2.57
2024-05-19,Jon Berti,542932,623167,2,35,187.73,64.76,29,96.6,NYY,745745,0.7,2.64
2024-05-19,Aaron Judge,592450,623167,0,42,209.96,90.39,28,98.9,NYY,745745,0.7,2.62
2024-05-19,Corey Julks,667452,607074,1,9,49.24,57.47,30,106.6,NYY,745745,-0.45,2.71
2024-05-19,Dane Myers,667472,640455,1,20,33.18,74.74,34,104.7,MIA,746064,-0.26,2.69
2024-05-19,Christian Bethancourt,542194,518617,0,58,220.33,85.12,33,97.4,MIA,746064,0.13,2.14
2024-05-19,Brandon Nimmo,607043,669622,2,72,207.88,61.34,33,102.7,MIA,746064,0.39,2.27
2024-05-19,Andy Pages,681624,668881,1,28,23.01,96.79,23,104.7,LAD,746144,0,2.48
2024-05-19,Brent Rooker,667670,669422,2,75,6.63,69.81,27,111.7,KC,746306,-0.17,2.2
2024-05-19,Kyle Tucker,663656,600986,1,53,188.45,54.25,22,107.2,HOU,746392,0.09,2.07
2024-05-19,Jose Altuve,514888,607067,0,6,53.2,70.19,36,97,HOU,746392,-0.22,2.59
2024-05-19,Kyle Tucker,663656,669952,2,70,60.26,79.09,23,99.2,HOU,746392,-0.51,3.17
2024-05-19,Jose Miranda,669304,676440,1,17,47.65,66.82,36,98.8,CLE,746636,-0.29,3.09
2024-05-19,Andrés Giménez,665926,663978,0,5,160.66,35.75,23,106.3,CLE,746636,-0.11,2.31
2024-05-19,Will Brennan,686823,661395,2,67,221.27,96.12,36,96.8,CLE,746636,0.51,1.8
2024-05-19,Jack Suwinski,669261,592791,1,9,225.1,88.71,34,99.8,CHC,746880,0.64,2.11
2024-05-19,Ryan O'Hearn,656811,669923,0,25,206.02,58.29,28,101.6,BAL,747035,0.5,3.33
2024-05-19,Gunnar Henderson,683002,669923,0,4,152.44,30.1,30,106,BAL,747035,0.6,1.85
2024-05-19,Jake Cronenworth,630105,693821,2,4,213.39,77.28,28,101.3,ATL,747120,0.17,2.04
2024-05-19,Luis Campusano,669134,678061,0,40,17.78,97.85,21,109.1,ATL,747120,-0.36,2.4
2024-05-19,Ha-Seong Kim,673490,678061,1,56,52.3,57.68,28,100.7,ATL,747120,-0.45,2.04
2024-05-19,Spencer Torkelson,679529,656756,0,20,90.42,29.14,29,106.5,AZ,747198,0.09,2.58
2024-05-20,Luis García Jr.,671277,641154,0,13,221.88,78.8,29,101.1,WSH,744857,0.54,2.2
2024-05-20,Jesse Winker,608385,641154,0,26,102.73,37.58,23,107.3,WSH,744857,-0.43,1.97
2024-05-20,Carlos Correa,621043,680730,0,44,56.42,39.87,25,105.7,WSH,744857,-0.7,1.71
2024-05-20,Daulton Varsho,662139,607200,2,16,177.28,46.19,23,105.1,TOR,744935,0.02,1.23
2024-05-20,Paul DeJong,657557,621244,0,50,169.97,42.37,26,104,TOR,744935,0.45,2.1
2024-05-20,Danny Jansen,643376,673929,2,58,40.04,72.64,26,103.7,TOR,744935,0.21,2.4
2024-05-20,Rafael Devers,646240,671737,1,23,44.29,67.54,29,104.5,TB,745093,0.3,2.47
2024-05-20,Ceddanne Rafaela,678882,671737,1,31,194.24,61.58,28,99.8,TB,745093,0.58,2.49
2024-05-20,Michael Siani,672279,665152,1,31,208.68,61.13,25,103,STL,745181,0.45,2.81
2024-05-20,Gunnar Henderson,683002,543243,0,45,100.17,32.15,31,105.3,STL,745181,-0.38,2.57
2024-05-20,Dominic Canzone,686527,573186,1,57,131.03,26.8,32,108.4,NYY,745746,0.03,2.7
2024-05-20,Andruw Monasterio,655316,677960,2,30,108.59,34.32,31,101.5,MIA,746066,-0.02,2.31
2024-05-20,Enrique Hernández,571771,677944,0,21,113.25,37.7,23,102.1,LAD,746146,0.26,2.36
2024-05-20,Freddie Freeman,518692,677944,0,25,147.49,32.68,34,104.9,LAD,746146,0.24,2.02
2024-05-20,Will Smith,669257,677944,0,26,71.73,52.8,24,101.8,LAD,746146,-0.47,2.6
2024-05-20,Lourdes Gurriel Jr.,666971,622694,1,60,20.82,85.04,32,100.9,LAD,746146,-0.6,2.82
2024-05-20,Jake McCarthy,664983,622694,1,61,224.9,69.69,28,106.6,LAD,746146,0.18,2.83
2024-05-20,Michael Massey,686681,681857,0,11,205,48.45,31,102.3,KC,746307,0.45,1.85
2024-05-20,Kerry Carpenter,681481,608379,1,28,54.44,39.85,30,106.8,KC,746307,-0.12,2.68
2024-05-20,Salvador Perez,521692,666214,0,43,65.78,32.49,25,109.1,KC,746307,-0.02,1.88
2024-05-20,Jose Altuve,514888,672282,2,18,38.27,63.22,35,105.1,HOU,746390,-0.12,3.02
2024-05-20,Mauricio Dubón,643289,672282,1,33,23.39,87.72,32,98.4,HOU,746390,-0.11,1.7
2024-05-20,Nolan Schanuel,694384,664285,1,40,204.29,72.11,31,95.7,HOU,746390,0.59,2.18
2024-05-20,Logan O'Hoppe,681351,664285,2,44,14.55,71.43,26,109.7,HOU,746390,-0.26,2.72
2024-05-20,Jo Adell,666176,664285,2,45,210.82,66.74,26,105.6,HOU,746390,0.28,2.98
2024-05-20,Zach Neto,687263,606160,0,50,32.69,69.14,23,106.4,HOU,746390,-0.02,3.87
2024-05-20,Tomás Nido,621512,594902,2,19,60.81,48.6,34,101.8,CLE,746637,0.14,2.81
2024-05-20,Marcell Ozuna,542303,656302,0,22,60.86,45.53,35,105.6,ATL,747119,0.02,3.15
2024-05-20,Matt Olson,621566,656302,0,23,235.44,70.46,27,113.4,ATL,747119,0.43,1.89
2024-05-20,Marcell Ozuna,542303,681190,1,41,31.11,62.03,23,107.2,ATL,747121,-0.44,2.71
2024-05-21,Jose Miranda,669304,571578,2,19,36.77,57.92,30,105,WSH,744860,0.33,3.18
2024-05-21,Byron Buxton,621439,571578,2,37,152.47,29.54,23,109.5,WSH,744860,-0.07,2.29
2024-05-21,Willi Castro,650489,606930,2,53,199.42,64.01,33,98,WSH,744860,0.21,2.99
2024-05-21,Byron Buxton,621439,571578,0,8,185.53,53.65,26,103.1,WSH,744860,0.3,2.19
2024-05-21,Jarren Duran,680776,641793,0,39,107.46,36.75,24,110.9,TB,745090,0.18,1.81
2024-05-21,Reese McGuire,624512,541640,1,64,199.11,58.67,24,105.8,TB,745090,0.23,1.58
2024-05-21,Nolan Gorman,669357,669211,2,47,197.6,50.49,32,103.9,STL,745180,0.23,1.79
2024-05-21,Thairo Estrada,642731,527048,0,36,47.23,58.62,30,103.1,PIT,745503,-0.54,2.5
2024-05-21,Matt Chapman,656305,682847,1,55,148.13,32.96,23,104.8,PIT,745503,0.48,2.69
2024-05-21,Bryce Harper,547180,656641,0,44,122.1,28.39,25,109,PHI,745578,-0.38,2.93
2024-05-21,Corey Seager,608369,656546,1,56,184.59,57.61,24,103.3,PHI,745578,0.04,3.01
2024-05-21,J.D. Davis,605204,615698,0,23,38.97,58.59,26,105.8,OAK,745662,-0.63,2.68
2024-05-21,Ryan McMahon,641857,605156,1,3,209.14,62.77,22,109.1,OAK,745662,0.22,1.31
2024-05-21,Ezequiel Tovar,678662,605156,1,35,64.22,30.17,27,107.2,OAK,745662,0.18,1.96
2024-05-21,Ezequiel Tovar,678662,518397,1,51,69.74,42.45,25,104.2,OAK,745662,0.08,0.92
2024-05-21,Seth Brown,664913,664875,1,57,128.68,31.64,19,109.6,OAK,745662,-0.21,2.32
2024-05-21,Abraham Toro,647351,641755,0,63,221.92,69.64,21,107.9,OAK,745662,0.42,1.59
2024-05-21,Dylan Moore,664238,657376,1,16,44,65.72,22,104.1,NYY,745742,0.8,2.68
2024-05-21,Ty France,664034,642701,0,44,53.61,53.03,24,107.3,NYY,745742,-0.47,2.27
2024-05-21,Gleyber Torres,650402,663423,2,54,63.39,53.35,32,103.9,NYY,745742,-0.24,2.81
2024-05-21,Luke Raley,670042,677076,0,56,203.03,76.77,25,95.2,NYY,745742,0.88,2.6
2024-05-21,Dylan Moore,664238,595897,0,66,187.37,63.57,30,99,NYY,745742,0.63,2.1
2024-05-21,Christian Walker,572233,694813,0,39,3.27,82.55,25,111.5,LAD,746145,-0.3,2.04
2024-05-21,Joc Pederson,592626,675627,1,53,183.17,43.7,23,107.8,LAD,746145,-0.09,1.72
2024-05-21,Bobby Witt Jr.,677951,663554,1,17,95.13,11.65,25,111,KC,746309,-0.21,2.11
2024-05-21,Bobby Witt Jr.,677951,671345,0,54,104.33,28.26,23,108.6,KC,746309,-0.49,2.06
2024-05-21,Hunter Renfroe,592669,666214,1,63,47.37,57.69,37,105.3,KC,746309,-0.26,3.6
2024-05-21,Luis Rengifo,650859,664299,0,2,203.21,69.14,31,98.1,HOU,746385,0.23,2.18
2024-05-21,Jon Singleton,572138,608334,1,54,116.34,24.34,25,109.2,HOU,746385,-0.04,2.09
2024-05-21,Kevin Pillar,607680,650556,2,60,59.21,74.51,28,92.3,HOU,746385,0.27,2.46
2024-05-21,Kyle Tucker,663656,472610,1,63,217.94,61.6,31,104.8,HOU,746385,0.54,2.36
2024-05-21,Kyle Tucker,663656,656288,1,8,36.9,93.67,35,96.2,HOU,746385,-0.43,2.27
2024-05-21,Yordan Alvarez,670541,656288,1,9,202.87,76.3,34,94.8,HOU,746385,0.16,1.38
2024-05-21,Mark Vientos,668901,675540,1,33,146.25,26.2,22,111,CLE,746633,0.04,2.99
2024-05-21,José Ramírez,608070,605288,2,43,197.3,62.71,37,101.5,CLE,746633,0.02,3.56
2024-05-21,Jeff McNeil,643446,656529,2,48,168.38,50.18,34,95.9,CLE,746633,0.59,2.04
2024-05-21,David Fry,681807,518617,0,51,219.32,88.44,40,93.8,CLE,746633,0.55,3.01
2024-05-21,Starling Marte,516782,605130,1,64,10.79,75.61,29,105.9,CLE,746633,-0.7,1.87
2024-05-21,Orlando Arcia,606115,665871,1,12,91.23,32.45,37,100.7,CHC,746875,0.27,3.11
2024-05-21,Michael Harris II,671739,665871,0,30,52.09,58.68,22,106.3,CHC,746875,-0.49,2.42
2024-05-22,Carlos Correa,621043,663623,2,41,17.82,77.92,29,103.2,WSH,744856,0.06,1.81
2024-05-22,Joey Meneses,608841,661395,0,67,33.17,68.9,35,101.3,WSH,744856,-1.04,2.35
2024-05-22,Max Kepler,596146,663623,0,8,202.91,51.73,32,105.6,WSH,744856,0.36,2.32
2024-05-22,Bo Bichette,666182,680897,2,21,111.45,30.87,25,103.4,TOR,744933,0.57,2.51
2024-05-22,Tommy Pham,502054,650893,0,67,173.54,47.6,25,106.2,TOR,744933,0.36,3.05
2024-05-22,Wilyer Abreu,677800,687330,1,50,168,36.44,25,107.1,TB,745089,0.15,2.27
2024-05-22,Yandy Díaz,650490,677161,0,77,80.43,31.97,23,107.8,TB,745089,-0.59,1.83
2024-05-22,Masyn Winn,691026,608344,0,57,21.76,87.67,21,99.8,STL,745173,-0.69,0.88
2024-05-22,Bryan Reynolds,668804,663546,1,33,212.55,68.44,30,100.1,PIT,745502,0.3,2.89
2024-05-22,Matt Chapman,656305,683003,1,49,47.97,47.13,32,106.2,PIT,745502,0.41,3.52
2024-05-22,Leody Taveras,665750,592836,2,12,146.57,19.36,24,109.4,PHI,745576,0.11,2.51
2024-05-22,J.T. Realmuto,592663,641540,1,26,32.08,72.87,39,106.3,PHI,745576,0.25,3.42
2024-05-22,Edmundo Sosa,624641,642546,1,35,199.73,62.82,26,104.5,PHI,745576,-0.12,1.94
2024-05-22,Corey Seager,608369,642397,1,61,67.09,47.66,27,107,PHI,745576,-0.09,2.62
2024-05-22,Bryce Harper,547180,681982,2,74,236.62,83.2,34,99.5,PHI,745576,0.86,2.74
2024-05-22,JJ Bleday,668709,596295,1,31,173.46,47.65,28,102.4,OAK,745661,-0.12,2.56
2024-05-22,Elias Díaz,553869,687765,2,4,88.97,41,31,103.7,OAK,745661,-0.04,2.92
2024-05-22,Ryan McMahon,641857,666205,1,88,193.38,51.13,28,101,OAK,745661,-0.2,2.43
2024-05-22,Juan Soto,665742,682243,1,24,55.7,49.66,27,107.6,NYY,745743,-0.54,2.14
2024-05-22,Juan Soto,665742,682243,0,42,30.56,83.56,25,107.2,NYY,745743,-0.63,2.73
2024-05-22,Cal Raleigh,663728,596133,1,60,215,82.56,22,108.8,NYY,745743,-0.26,1.89
2024-05-22,Alex Verdugo,657077,608723,0,64,198.39,44.54,35,106.6,NYY,745743,0.41,2.62
2024-05-22,Aaron Judge,592450,682243,1,7,205.7,70.36,36,103.5,NYY,745743,0.41,2.45
2024-05-22,Jazz Chisholm Jr.,665862,642547,0,4,213.74,75.02,24,109.4,MIA,746063,-0.48,2.7
2024-05-22,Christian Walker,572233,622694,0,44,81.41,35.92,30,106.3,LAD,746143,-0.14,2.68
2024-05-22,Ketel Marte,606466,642232,0,58,40.02,113.51,24,110.3,LAD,746143,-0.14,3.45
2024-05-22,Nelson Velázquez,676369,669373,0,29,79.29,31.02,27,110.2,KC,746304,-0.34,2.69
2024-05-22,Kyren Paris,677347,686613,1,33,59.75,56.27,29,106.9,HOU,746386,-0.14,2.52
2024-05-22,Jeff McNeil,643446,663474,0,10,201.76,66.53,20,103.9,CLE,746634,0.08,1.77
2024-05-22,Pete Alonso,624413,663474,1,2,187.55,58.17,32,103.5,CLE,746634,0.25,2.66
2024-05-22,Harrison Bader,664056,663474,1,26,23.28,72.02,29,100.6,CLE,746634,-0.05,2.53
2024-05-22,Andrés Giménez,665926,500779,2,46,147.81,33.9,32,101.1,CLE,746634,-0.19,2.9
2024-05-22,Luis Arraez,650333,607259,0,1,219.28,79.24,31,96.5,CIN,746712,0.12,2.52
2024-05-22,Jeimer Candelario,600869,650633,2,7,167.43,48.04,22,104.9,CIN,746712,0.02,2.47
2024-05-22,Adam Duvall,594807,657006,0,14,124.65,27.69,26,103.2,CHC,746876,-0.07,3.4
2024-05-22,Marcell Ozuna,542303,621016,2,49,77.1,47.41,37,107.6,CHC,746876,-0.04,2.79
2024-05-22,Matt Olson,621566,621016,2,50,213.28,62.02,25,105.1,CHC,746876,0.28,2.75
2024-05-23,Joey Bart,663698,696131,2,32,121.72,23.13,28,109.7,PIT,745500,0.22,2.09
2024-05-23,Andrew McCutchen,457705,669062,0,4,74.61,47.91,35,104.3,PIT,745500,0.23,2.25
2024-05-23,Heliot Ramos,671218,669796,1,52,11.04,78.15,29,105.1,PIT,745500,-0.22,2.49
2024-05-23,Bryan Reynolds,668804,592426,1,57,188.7,49.4,32,104.7,PIT,745500,0.35,1.78
2024-05-23,Matt Chapman,656305,676702,0,63,104.1,35.94,25,102.7,PIT,745500,0.26,3.78
2024-05-23,J.T. Realmuto,592663,571760,0,22,233.58,92.23,30,99.8,PHI,745573,0.32,3.24
2024-05-23,Nick Castellanos,592206,622786,2,60,60.43,61.54,31,96.5,PHI,745573,0.07,1.8
2024-05-23,Adolis García,666969,554430,0,8,48.87,53.65,29,105.4,PHI,745573,-0.15,2.85
2024-05-23,J.D. Davis,605204,641755,1,62,53.72,54.5,22,106.4,OAK,745660,-0.23,2.59
2024-05-23,Daz Cameron,663662,656222,0,68,74.79,37.04,25,104.9,OAK,745660,-0.43,2.06
2024-05-23,JJ Bleday,668709,571863,0,91,152.15,35.52,21,105.5,OAK,745660,-0.17,2.8
2024-05-23,Giancarlo Stanton,519317,622491,0,11,137.43,19.02,27,112.1,NYY,745741,0.16,2.12
2024-05-23,Aaron Judge,592450,622491,1,21,152.31,33.62,35,110.9,NYY,745741,0.04,2.58
2024-05-23,Daulton Varsho,662139,656427,1,46,186.52,54.46,36,100.7,DET,746474,-0.12,1.42
2024-05-23,Vladimir Guerrero Jr.,665489,669438,2,66,105.9,29.11,27,106.4,DET,746474,-0.5,2.99
2024-05-23,Nick Martini,605361,660853,0,53,200.24,56.54,32,100.2,CIN,746714,0.7,2.42
2024-05-23,Anthony Santander,623993,605182,0,29,201.85,69.64,24,100.7,CWS,746792,-0.18,2.14
2024-05-23,Jorge Mateo,622761,605182,2,34,71.28,47.32,19,108.6,CWS,746792,-0.48,2.49
2024-05-23,Jarred Kelenic,672284,669713,0,32,183.59,47.01,33,109,CHC,746874,0.24,2.42
2024-05-24,J.P. Crawford,641487,669022,0,1,92.29,41.47,23,104.9,WSH,744853,0.11,2.27
2024-05-24,Luis García Jr.,671277,669923,1,28,56.37,61.9,30,103.4,WSH,744853,0.18,2.41
2024-05-24,Keibert Ruiz,660688,669923,2,46,208.63,56.3,30,102.7,WSH,744853,-0.01,2.89
2024-05-24,Eddie Rosario,592696,608723,0,59,222.74,79.61,31,99.4,WSH,744853,1.57,2.33
2024-05-24,Michael Massey,686681,641302,2,39,192.42,55.78,24,100.6,TB,745087,-0.2,2.28
2024-05-24,Bobby Witt Jr.,677951,641302,0,53,116.62,23.79,25,107.5,TB,745087,0.43,2.94
2024-05-24,Juan Soto,665742,506433,2,18,205.01,46.36,28,107.9,SD,745415,-0.19,3.01
2024-05-24,Aaron Judge,592450,506433,2,19,36.8,58.73,26,104.9,SD,745415,0.13,2.26
2024-05-24,Giancarlo Stanton,519317,506433,2,21,22.94,64.19,26,110.9,SD,745415,0.11,2.37
2024-05-24,Gleyber Torres,650402,506433,0,26,105.67,34.2,20,108.7,SD,745415,-0.09,2.58
2024-05-24,Jared Triolo,669707,670241,1,42,78.12,33.9,28,102.5,PIT,745501,-0.58,2.74
2024-05-24,Ronald Acuña Jr.,660670,663559,1,67,162.11,42.74,27,103.6,PIT,745501,-0.07,2.33
2024-05-24,Jake Meyers,676694,548389,1,31,4.06,88.42,28,107.4,OAK,745663,-0.32,2.61
2024-05-24,JJ Bleday,668709,434378,0,45,219.11,70.36,25,103.6,OAK,745663,0.52,2.91
2024-05-24,Jorge Soler,624585,681035,2,11,107.49,33.63,31,103.2,NYM,745822,0.36,2.5
2024-05-24,J.D. Martinez,502110,690986,2,40,59.83,40.4,27,109.3,NYM,745822,-0.52,2.81
2024-05-24,Mark Vientos,668901,690986,2,41,176.69,49.75,28,98.4,NYM,745822,1.09,3.13
2024-05-24,Pete Alonso,624413,687014,1,55,41.98,64.49,35,106.1,NYM,745822,0.22,3.5
2024-05-24,Patrick Bailey,672275,657585,2,64,199.33,44.2,27,104.8,NYM,745822,0.23,1.96
2024-05-24,Mike Yastrzemski,573262,605347,1,70,219.33,67.22,37,104,NYM,745822,-0.13,2.76
2024-05-24,Corey Seager,608369,641927,0,2,137.47,30.63,24,107.1,MIN,745905,0.14,3.44
2024-05-24,Alex Kirilloff,666135,570632,0,35,217.33,64.78,33,107.1,MIN,745905,-0.49,2.47
2024-05-24,José Ramírez,608070,663776,0,21,103.69,30.34,26,105.2,LAA,746227,0.12,3.29
2024-05-24,José Ramírez,608070,663776,2,35,110.35,36.39,29,100.6,LAA,746227,0.07,1.94
2024-05-24,Josh Naylor,647304,663776,2,36,180.09,46.88,26,102.5,LAA,746227,0.1,2.1
2024-05-24,David Fry,681807,660761,2,37,37.79,75.58,30,97.7,LAA,746227,-0.08,2.65
2024-05-24,Luis Rengifo,650859,671106,1,5,65.08,42.95,21,109.2,LAA,746227,0.05,1.79
2024-05-24,Jo Adell,666176,671106,1,59,65.68,33.07,25,110.6,LAA,746227,-0.24,1.99
2024-05-24,Logan O'Hoppe,681351,658648,2,74,142.52,30.88,31,105.7,LAA,746227,0.25,2.5
2024-05-24,Colt Keith,690993,666201,2,13,188.63,49.79,23,105.2,DET,746475,-0.08,2.17
2024-05-24,Kerry Carpenter,681481,666201,2,41,199.54,49.81,37,106.3,DET,746475,-0.19,2.82
2024-05-24,Nick Castellanos,592206,621389,0,29,86.32,22.98,30,108.1,COL,746558,-0.37,2.97
2024-05-24,Edmundo Sosa,624641,621389,1,31,29.28,74.34,23,107,COL,746558,-0.43,1.94
2024-05-24,Jacob Stallings,607732,621237,2,69,55.93,40.58,29,102.1,COL,746558,-0.37,2.28
2024-05-24,Will Smith,669257,668933,1,40,196.55,67.69,31,99.3,CIN,746713,0.37,2.24
2024-05-24,Stuart Fairchild,656413,572020,0,45,18.15,99.18,41,100.5,CIN,746713,-0.8,2.8
2024-05-24,Jonathan India,663697,681911,2,52,20.17,93.38,24,105.6,CIN,746713,-0.47,2.77
2024-05-24,Spencer Steer,668715,572020,1,8,76.16,49.62,29,101.1,CIN,746713,0.18,2.24
2024-05-24,Teoscar Hernández,606192,608718,0,81,211.53,88.29,33,100.5,CIN,746713,0.39,2.86
2024-05-24,Gunnar Henderson,683002,623167,2,35,67.26,43.14,26,103.9,CWS,746793,-0.37,3.21
2024-05-24,Andrew Vaughn,683734,666974,1,58,177.61,39.95,25,109.1,CWS,746793,-0.35,2.39
2024-05-24,William Contreras,661388,676710,1,19,16.01,80.39,22,111.8,BOS,746956,-0.18,2.48
2024-05-24,Dominic Smith,642086,669060,1,51,126.88,33.42,33,103.3,BOS,746956,-0.38,2.91
2024-05-24,Jake Burger,669394,668678,0,26,,,30,110.8,AZ,747200,-0.29,2.74
2024-05-25,Julio Rodríguez,677594,592866,0,29,101.84,25.33,28,106.9,WSH,744851,-0.63,2.08
2024-05-25,Jonathan Aranda,666018,663903,0,30,227.52,60.88,33,107.3,TB,745086,0.36,2.04
2024-05-25,Nelson Velázquez,676369,650644,1,8,69.75,45.92,35,101.3,TB,745086,-0.36,3.15
2024-05-25,Aaron Judge,592450,656302,1,3,40.32,47.29,24,113.7,SD,745411,-0.17,2.49
2024-05-25,Fernando Tatis Jr.,665487,596133,1,61,118.7,35.1,35,110.6,SD,745411,0.18,2.49
2024-05-25,Starling Marte,516782,663855,1,12,43.79,67.19,26,102.7,NYM,745823,0.27,2.54
2024-05-25,Brett Baty,683146,663546,1,52,239.13,74.85,27,111.8,NYM,745823,0.68,1.83
2024-05-25,Ezequiel Duran,677649,663978,1,35,24.58,75.35,38,106.6,MIN,745901,-0.94,2.18
2024-05-25,Alex Kirilloff,666135,502085,1,65,78.09,46.82,33,103.9,MIN,745901,0.2,1.31
2024-05-25,José Ramírez,608070,667755,2,19,217.07,68.39,31,96.1,LAA,746226,-0.03,1.98
2024-05-25,Taylor Ward,621493,676440,2,25,25.7,78.48,28,102,LAA,746226,0.07,3.05
2024-05-25,Kerry Carpenter,681481,621244,2,8,212.33,86.84,28,97.3,DET,746470,0.24,2.18
2024-05-25,Bryce Harper,547180,595928,2,73,16.97,92.81,43,98.7,COL,746556,-0.87,2.9
2024-05-25,Will Benson,666181,621111,2,17,64.7,44.26,25,104.7,CIN,746710,-0.19,2.72
2024-05-25,Spencer Steer,668715,621111,2,7,47.53,75.28,29,94.9,CIN,746710,0.41,2.15
2024-05-25,Ryan O'Hearn,656811,673929,1,60,184.97,55.55,33,103.2,CWS,746794,0.21,2.29
2024-05-25,Anthony Santander,623993,656629,1,62,207.27,61.07,26,103.1,CWS,746794,-0.6,3.07
2024-05-25,Jordan Westburg,676059,656629,2,64,182.84,52.51,21,106.2,CWS,746794,0.02,2.11
2024-05-25,Brice Turang,668930,677161,2,64,171.47,47.77,25,102.1,BOS,746958,0.51,2.35
2024-05-26,Julio Rodríguez,677594,571578,0,23,76.89,34.97,22,108.8,WSH,744855,-0.7,2.74
2024-05-26,Ty France,664034,571578,0,25,31.1,71.13,31,104.9,WSH,744855,-0.1,2.52
2024-05-26,Joey Gallo,608336,693433,2,38,157.76,43.41,31,100.2,WSH,744855,0.27,1.99
2024-05-26,CJ Abrams,682928,592773,2,56,,,32,104.7,WSH,744855,0.45,1.97
2024-05-26,Bobby Witt Jr.,677951,542888,0,35,37.15,76.52,18,110.7,TB,745088,-0.3,2.73
2024-05-26,Paul Goldschmidt,502671,665871,1,23,18.74,63.78,27,110,STL,745172,-0.22,2.56
2024-05-26,Paul Goldschmidt,502671,665871,1,39,9.79,85.26,28,104.3,STL,745172,-0.27,1.83
2024-05-26,Ian Happ,664023,552640,1,53,185.65,44.51,26,107.1,STL,745172,0.07,1.46
2024-05-26,Ian Happ,664023,664854,0,70,127.68,27.02,29,107.1,STL,745172,0.4,1.86
2024-05-26,Alex Verdugo,657077,663158,0,72,37.4,87.53,27,99.3,SD,745413,-0.31,2.35
2024-05-26,Matt Olson,621566,547973,0,57,234.02,66.3,36,107.8,PIT,745498,1.03,2.3
2024-05-26,Adam Duvall,594807,547973,1,59,60.97,38.06,27,107.1,PIT,745498,0.15,2.35
2024-05-26,Kyle Tucker,663656,605156,2,31,207.96,57.5,33,105.1,OAK,745653,0.8,2.2
2024-05-26,Max Schuemann,680474,669854,0,47,51.22,53.76,30,105.4,OAK,745653,-0.07,2.77
2024-05-26,Shea Langeliers,669127,623352,1,72,103.15,34.22,25,105.3,OAK,745653,0.17,1.95
2024-05-26,Brett Wisely,689172,640455,0,17,185.36,47.76,22,103.3,NYM,745824,0.42,2.03
2024-05-26,Corey Seager,608369,641154,2,18,193.23,49.82,23,108.9,MIN,745902,-0.17,2.3
2024-05-26,Corey Seager,608369,641154,0,37,220.57,80.61,27,98.3,MIN,745902,0.73,2.41
2024-05-26,Matt Thaiss,642136,594902,2,40,196.58,58.75,26,108.9,LAA,746230,0.33,1.82
2024-05-26,Spencer Torkelson,679529,579328,1,30,31.79,64.11,32,104.7,DET,746469,-0.01,3.21
2024-05-26,Cavan Biggio,624415,663554,1,35,202.92,55.22,27,99.7,DET,746469,-0.14,2.69
2024-05-26,Carson Kelly,608348,670950,0,48,54.81,64.94,36,97.6,DET,746469,-0.5,2.5
2024-05-26,Matt Vierling,663837,647315,1,60,28.36,88.29,24,99.7,DET,746469,-1.6,2.45
2024-05-26,Isiah Kiner-Falefa,643396,663947,2,66,54.38,66.23,21,102.7,DET,746469,-0.11,2.3
2024-05-26,Daulton Varsho,662139,671345,2,77,215.18,73.81,31,99.4,DET,746469,-0.14,2.6
2024-05-26,Matt Vierling,663837,605447,2,94,47.18,52.87,27,105.9,DET,746469,-0.26,1.92
2024-05-26,Ryan McMahon,641857,624133,1,6,181.39,49.73,37,100.2,COL,746557,1.21,2.63
2024-05-26,Adley Rutschman,668939,676979,1,37,38.03,62.42,32,102.9,CWS,746789,-0.21,2.36
2024-05-26,Colton Cowser,681297,647336,0,51,45.54,70.49,24,102.3,CWS,746789,-0.33,2.12
2024-05-26,Danny Mendick,664901,543056,0,56,22.12,73.2,24,108.1,CWS,746789,0.04,2.28
2024-05-27,Kyle Schwarber,656941,605483,1,21,198.15,49.68,33,107,SF,745338,0.38,2.42
2024-05-27,Donovan Solano,456781,669432,2,13,48.19,67.96,34,97.6,SD,745416,-0.2,2.75
2024-05-27,Jazz Chisholm Jr.,665862,650633,2,18,192.53,43.86,30,107.7,SD,745416,0.18,2.38
2024-05-27,Jose Miranda,669304,679525,1,19,91.46,25.42,23,107.4,MIN,745904,0.16,2.31
2024-05-27,Trevor Larnach,663616,679525,2,35,183.29,29.39,24,109.1,MIN,745904,0.08,2.91
2024-05-27,Willy Adames,642715,669713,1,58,109.64,22.21,26,107.1,MIL,745986,-0.02,1.56
2024-05-27,Charlie Blackmon,453568,675540,1,38,208.05,64.32,23,103.4,COL,746549,0.15,1.82
2024-05-27,Paul Goldschmidt,502671,666157,2,3,38.17,78.12,33,94.3,CIN,746708,-0.26,2.04
2024-05-27,Jeimer Candelario,600869,458681,2,7,221.89,77.34,29,92.4,CIN,746708,0.04,2.85
2024-05-27,George Springer,543807,680897,2,13,48.61,58.11,31,99.2,CWS,746788,0.26,2.92
2024-05-27,Bo Bichette,666182,680897,0,26,142.14,30.41,24,105.7,CWS,746788,-0.18,2.49
2024-05-27,Gavin Sheets,657757,657024,0,63,223.28,94.76,32,94.2,CWS,746788,-0.01,3.01
2024-05-27,Davis Schneider,676914,605154,2,72,51.43,72.37,32,93.6,CWS,746788,-0.17,1.86
2024-05-27,CJ Abrams,682928,450203,1,14,212.78,85.16,41,102.2,ATL,747118,0.4,2.57
2024-05-27,Adam Duvall,594807,680730,1,57,35.82,73.64,39,108.6,ATL,747118,0.56,3.29
2024-05-28,Corey Seager,608369,694297,1,40,203.54,62.12,25,102.4,TEX,745017,0.39,2.03
2024-05-28,Miguel Andujar,609280,641793,2,38,23.09,95.05,20,105.8,TB,745091,0.02,2.8
2024-05-28,Alex Bregman,608324,622491,1,27,38.45,85.6,34,94.6,SEA,745258,-0.18,1.54
2024-05-28,Jurickson Profar,595777,666200,1,7,93.97,38.83,25,107,SD,745412,-0.08,2.39
2024-05-28,Will Smith,669257,500779,1,2,42.43,73.57,32,98.3,NYM,745816,-0.52,3.01
2024-05-28,Miguel Vargas,678246,500779,2,42,20.79,94.59,25,107.4,NYM,745816,-0.21,2.28
2024-05-28,Francisco Lindor,596019,607192,1,22,202.9,58.16,37,103.4,NYM,745818,0.26,2.83
2024-05-28,Freddie Freeman,518692,605347,1,73,211.1,69.13,25,109,NYM,745818,0.64,2.39
2024-05-28,Michael Busch,683737,642547,0,13,130.75,33,37,108.7,MIL,745987,-0.2,1.83
2024-05-28,Kevin Pillar,607680,641482,2,10,33.23,75.71,31,96,LAA,746229,-0.5,2.55
2024-05-28,Juan Soto,665742,656288,1,2,,,31,113.1,LAA,746229,0.53,3.09
2024-05-28,Kris Bryant,592178,663474,2,27,16.4,63.46,37,105.1,COL,746552,-0.76,2.42
2024-05-28,José Ramírez,608070,663372,1,3,189.22,53.6,34,95,COL,746552,-0.09,1.96
2024-05-28,Elehuris Montero,660707,663474,0,37,20.67,76.07,26,98.8,COL,746552,-0.1,2.31
2024-05-28,Josh Naylor,647304,663372,1,43,217.19,66.42,42,104.7,COL,746552,0.06,3.06
2024-05-28,David Fry,681807,571539,1,63,20.52,74.2,32,97.5,COL,746552,-0.49,2.16
2024-05-28,Josh Naylor,647304,571539,2,75,239.61,61.33,33,105.9,COL,746552,0.7,2.85
2024-05-28,Nolan Arenado,571448,671096,1,24,32.39,71.19,21,107.5,CIN,746709,-0.45,1.94
2024-05-28,Will Benson,666181,502043,0,42,217.96,85.58,27,100.3,CIN,746709,0.26,2.1
2024-05-28,Nolan Gorman,669357,671096,0,48,195.71,45.94,28,104.7,CIN,746709,0.32,2.74
2024-05-28,Wilyer Abreu,677800,680570,1,2,212.94,76.14,29,95,BAL,747033,-0.27,1.7
2024-05-28,Rob Refsnyder,608701,669211,2,74,55.04,44.66,29,105.1,BAL,747033,-0.24,2.39
2024-05-28,Marcell Ozuna,542303,606930,0,44,58.9,45.51,27,106.7,ATL,747115,-0.04,2.39
2024-05-29,Corey Seager,608369,669194,2,42,215.66,72.26,27,97.7,TEX,745011,0.81,2.67
2024-05-29,Dominic Canzone,686527,434378,1,35,184.88,43.36,29,108.8,SEA,745250,-0.11,3.12
2024-05-29,Kyle Schwarber,656941,690986,0,1,57.58,60.78,24,107.3,SF,745333,-0.6,2.6
2024-05-29,Nick Castellanos,592206,690986,0,41,58.12,67.93,36,95.9,SF,745333,0.56,3.4
2024-05-29,Ha-Seong Kim,673490,666129,0,26,59.16,60.95,31,99.7,SD,745414,0.35,2.33
2024-05-29,Jesús Sánchez,660821,660853,1,52,229.68,67.32,31,110.6,SD,745414,0.21,2.8
2024-05-29,Tomás Nido,621512,622694,0,40,83.63,42.85,22,105.2,NYM,745817,0.36,3.2
2024-05-29,Will Smith,669257,493603,0,64,68.94,45.51,31,99.2,NYM,745817,-0.24,2.57
2024-05-29,Shohei Ohtani,660271,605347,2,71,54.12,63.01,34,103,NYM,745817,-0.42,2.71
2024-05-29,Jason Heyward,518792,677020,1,79,173.45,49.04,27,99.9,NYM,745817,-0.09,2.43
2024-05-29,Will Smith,669257,656849,0,8,26.42,70.27,31,104.2,NYM,745817,-0.13,1.57
2024-05-29,Nelson Velázquez,676369,641927,2,24,101.99,23.57,27,109.3,MIN,745900,-0.12,2.96
2024-05-29,Salvador Perez,521692,641927,1,39,90.84,27.77,28,110.7,MIN,745900,0.28,3.04
2024-05-29,Nelson Velázquez,676369,641927,2,41,45.75,60.97,30,102.6,MIN,745900,-0.1,2.94
2024-05-29,Ian Happ,664023,669060,1,10,216.93,81.3,26,98.6,MIL,745988,-0.25,2.52
2024-05-29,Blake Perkins,663368,684007,2,29,78.6,46.56,26,100.5,MIL,745988,0.09,2.59
2024-05-29,Christian Yelich,592885,684007,1,6,184.57,29.87,28,110.5,MIL,745988,0.17,2.63
2024-05-29,Willy Adames,642715,543294,2,64,57.79,47.85,24,104.9,MIL,745988,0.14,1.91
2024-05-29,Alex Verdugo,657077,542881,0,26,246.83,92.5,27,101.2,LAA,746228,0.53,2.92
2024-05-29,Logan O'Hoppe,681351,661563,1,55,168.83,50.88,30,103.7,LAA,746228,0.41,2.34
2024-05-29,Matt Vierling,663837,683003,1,40,30.88,81.13,23,102.6,DET,746467,0.16,2.57
2024-05-29,Andrew McCutchen,457705,672456,1,18,69.75,54.2,24,105.9,DET,746468,0.07,3.39
2024-05-29,Nick Gonzales,693304,672456,0,26,36.16,83.65,35,102.1,DET,746468,-0.16,3.3
2024-05-29,Matt Vierling,663837,694973,2,47,52.24,67.31,31,101.6,DET,746468,-0.07,2.04
2024-05-29,Brendan Rodgers,663898,671106,2,22,44.85,64.69,20,108.9,COL,746551,-0.25,2.74
2024-05-29,Matt Carpenter,572761,593423,0,14,164.11,43.86,31,104.7,CIN,746706,0.07,1.99
2024-05-29,Nolan Gorman,669357,608718,1,60,175.55,54.8,40,104.8,CIN,746706,0.85,2.37
2024-05-29,Korey Lee,686676,605447,2,71,78.17,44.06,36,107.3,CWS,746790,-0.13,3.46
2024-05-29,Gunnar Henderson,683002,676710,2,18,190.39,40.29,25,109.2,BAL,747031,0.29,3.37
2024-05-29,Ramón Urías,602104,502624,0,54,84.78,38.33,31,102.9,BAL,747031,0.49,2.51
2024-05-29,Lane Thomas,657041,680885,1,36,32.28,73.98,28,104.1,ATL,747117,-0.38,2.25
2024-05-30,Jose Siri,642350,663687,0,14,40.28,47.49,33,109,TB,745081,-0.2,3.04
2024-05-30,Shea Langeliers,669127,641302,2,25,61.1,47.65,33,101.7,TB,745081,-0.55,2.73
2024-05-30,Jose Siri,642350,695243,1,70,31.03,63.54,34,105,TB,745081,-0.8,2.16
2024-05-30,Isaac Paredes,670623,663687,2,8,28.23,86.27,27,95.8,TB,745081,0.19,1.19
2024-05-30,Alex Bregman,608324,669302,2,26,42.36,80.68,20,102.8,SEA,745249,-0.08,1.5
2024-05-30,Victor Caratini,605170,669302,0,32,186.26,49.58,30,104,SEA,745249,-0.28,2.95
2024-05-30,Francisco Lindor,596019,676714,0,23,75.37,31.67,26,105.7,NYM,745819,0.18,3.49
2024-05-30,J.D. Martinez,502110,657044,1,61,121.29,25.02,22,109.4,NYM,745819,-0.41,2.24
2024-05-30,MJ Melendez,669004,663978,2,26,238.01,71.71,29,109,MIN,745898,0.27,2.18
2024-05-30,Ryan Jeffers,680777,663738,0,29,77.33,41.02,24,103.4,MIN,745898,-0.26,2.16
2024-05-30,Vinnie Pasquantino,686469,663978,1,3,201.19,47.56,33,106.1,MIN,745898,0.03,1.85
2024-05-30,Ryan Jeffers,680777,663738,2,42,87.03,39.46,20,108.4,MIN,745898,0.2,3.43
2024-05-30,Cody Bellinger,641355,607067,2,3,211.11,77.4,22,102.3,MIL,745985,0.38,3.51
2024-05-30,Seiya Suzuki,673548,663542,1,50,56.35,58.25,29,102.6,MIL,745985,-0.55,1.58
2024-05-30,Christopher Morel,666624,663542,2,60,179.22,47.97,28,104.3,MIL,745985,0.48,2.15
2024-05-30,Gary Sánchez,596142,668338,2,65,100.62,30.04,31,107.5,MIL,745985,0.86,2.72
2024-05-30,Logan O'Hoppe,681351,607074,1,11,16.13,75.56,28,108.4,LAA,746225,0.16,2.95
2024-05-30,Aaron Judge,592450,663776,0,22,47.86,41.51,34,110,LAA,746225,-0.12,2.28
2024-05-30,Akil Baddoo,668731,601713,1,27,63.09,50.18,23,107.1,BOS,746954,-0.34,1.92
2024-05-30,Riley Greene,682985,455119,1,52,61.19,72.13,39,103.1,BOS,746954,0.08,3
2024-05-30,Gio Urshela,570482,455119,2,54,60.84,58.24,25,99.8,BOS,746954,-0.62,2.54
2024-05-31,Davis Schneider,676914,693312,2,103,201.88,70.01,29,102.2,TOR,744928,0.56,2.61
2024-05-31,Jo Adell,666176,642048,2,52,37.01,83.32,37,106.5,SEA,745253,-0.55,2.08
2024-05-31,Ty France,664034,519043,1,63,38.2,54.3,31,108,SEA,745253,0.17,2.76
2024-05-31,Aaron Judge,592450,663855,1,20,56.27,57.24,27,104.4,SF,745331,-0.5,2.2
2024-05-31,Aaron Judge,592450,663855,0,38,137.31,26.87,32,112.3,SF,745331,-0.49,2.62
2024-05-31,Edmundo Sosa,624641,571945,2,14,105.52,22.22,29,110,PHI,745574,0.21,2.56
2024-05-31,Brandon Crawford,543063,605400,0,16,176.79,41,30,102.2,PHI,745574,-0.12,3.44
2024-05-31,Nolan Arenado,571448,605400,0,46,21.36,100.75,30,92.6,PHI,745574,-0.32,2.07
2024-05-31,Eugenio Suárez,553993,622663,1,54,210.97,85.05,42,102,NYM,745820,0.47,2.55
2024-05-31,J.D. Martinez,502110,663531,0,58,213.4,71.31,23,105.3,NYM,745820,0.75,2.84
2024-05-31,Joc Pederson,592626,657585,2,81,234.8,71.91,25,110.3,NYM,745820,-0.2,3.01
2024-05-31,Christian Walker,572233,657585,2,82,22.82,85.45,26,101.9,NYM,745820,-0.83,3.04
2024-05-31,Paul DeJong,657557,668964,0,18,102.83,31.73,31,103.4,MIL,745983,0.07,2.84
2024-05-31,Nick Gordon,624503,570632,1,12,147.04,40.38,30,101.1,MIA,746059,-0.72,2.46
2024-05-31,Josh Smith,669701,664350,2,28,166.47,44.34,34,101.9,MIA,746059,-0.31,2.32
2024-05-31,Jesús Sánchez,660821,622786,1,55,86.53,34.67,25,109.8,MIA,746059,0.1,2.58
2024-05-31,Ezequiel Tovar,678662,621111,2,30,86.91,37.86,30,102.9,LAD,746140,-0.01,2.04
2024-05-31,Nelson Velázquez,676369,663568,0,76,132.37,26.96,28,104.4,KC,746303,0.27,3.26
2024-05-31,Alex Bregman,608324,641154,0,29,21.42,103.72,36,96.2,HOU,746387,-0.32,2.87
2024-05-31,Trevor Larnach,663616,669854,1,37,187,47.15,27,101.7,HOU,746387,0.21,2.73
2024-05-31,Carlos Santana,467793,666208,0,58,177.25,43.15,30,102.4,HOU,746387,0.16,1.6
2024-05-31,David Fry,681807,676395,2,58,73.98,49.09,35,104.4,CLE,746635,0.21,3.16
2024-05-31,Ian Happ,664023,668933,0,12,58.51,68.13,26,100.1,CHC,746877,-0.6,2.7
2024-05-31,Santiago Espinal,669289,592767,0,54,73.14,52.43,26,98.9,CHC,746877,0.37,2.28
2024-05-31,Ceddanne Rafaela,678882,628317,2,33,40.63,81.31,42,101,BOS,746955,-0.18,2
2024-05-31,Ceddanne Rafaela,678882,666214,1,50,68.37,75.54,28,99.5,BOS,746955,-0.87,2.12
2024-05-31,Colt Keith,690993,669711,2,66,201.94,62.72,28,101.4,BOS,746955,0.33,2.65
2024-06-01,Ke'Bryan Hayes,663647,579328,2,5,70.53,45.05,20,107.8,TOR,744932,-0.22,2.64
2024-06-01,Bryan Reynolds,668804,663893,2,68,146.73,26.4,27,109.3,TOR,744932,-0.52,2.52
2024-06-01,J.P. Crawford,641487,672282,2,34,212.22,81.88,27,95.5,SEA,745251,0.21,2.92
2024-06-01,Luke Raley,670042,608334,0,47,75.23,43.81,30,106.5,SEA,745251,-0.17,2.31
2024-06-01,Casey Schmitt,669477,547001,0,22,63.2,49.79,27,103.6,SF,745332,-0.71,2.07
2024-06-01,Aaron Judge,592450,657277,1,3,68.88,39.04,25,115.7,SF,745332,-0.2,2.15
2024-06-01,Giancarlo Stanton,519317,676254,2,59,22.3,96.51,27,100,SF,745332,-0.59,3.08
2024-06-01,Bryce Harper,547180,667463,2,56,243.25,76.72,28,109.2,PHI,745575,0.47,2.47
2024-06-01,Christian Walker,572233,640455,2,20,19.79,92.7,38,103.5,NYM,745812,-0.07,2.68
2024-06-01,Mark Vientos,668901,677944,0,36,42.89,40.41,23,110.4,NYM,745812,-0.04,2.85
2024-06-01,Pete Alonso,624413,676714,2,81,63.42,54.31,32,98.6,NYM,745812,-0.62,2.66
2024-06-01,Andrew Benintendi,643217,688107,0,15,197.48,54.77,33,99.4,MIL,745980,0.07,1.86
2024-06-01,Gavin Sheets,657757,688107,1,27,194.25,47.3,23,104.4,MIL,745980,0.47,2.92
2024-06-01,Fernando Tatis Jr.,665487,679525,1,2,159.76,31.43,31,108.2,KC,746305,0.21,2.19
2024-06-01,Vinnie Pasquantino,686469,681190,1,7,204.99,53.16,21,109,KC,746305,0.05,2.94
2024-06-01,Kyle Higashioka,543309,623433,0,71,23.66,99.24,40,100.5,KC,746305,-0.06,2.86
2024-06-01,José Abreu,547989,657746,2,15,195.25,63.37,29,100.5,HOU,746384,0.84,2.97
2024-06-01,Kyle Tucker,663656,657746,1,21,194.82,54.19,27,103.1,HOU,746384,0,2.66
2024-06-01,Yordan Alvarez,670541,657746,2,37,198.8,58.8,19,113.8,HOU,746384,-0.05,2.51
2024-06-01,Yordan Alvarez,670541,657746,1,6,221.47,78.07,25,109.5,HOU,746384,0.48,2.86
2024-06-01,Seiya Suzuki,673548,668881,2,22,52.15,69.45,32,106.9,CHC,746870,-0.45,2.2
2024-06-01,Dansby Swanson,621020,608371,1,72,66.85,61.85,30,97.7,CHC,746870,-0.41,2.85
2024-06-01,Enmanuel Valdez,665839,681857,0,13,193.07,51.91,21,106.4,BOS,746952,0.34,2.5
2024-06-01,Enmanuel Valdez,665839,681857,1,44,219.56,110.19,31,86.5,BOS,746952,0.21,1.83
2024-06-01,Gio Urshela,570482,641745,1,67,36.03,66.21,25,108.9,BOS,746952,-0.81,2.03
2024-06-01,Anthony Santander,623993,671737,2,10,238.06,79.84,31,102.2,BAL,747029,0.95,1.34
2024-06-01,Jordan Westburg,676059,671737,0,19,135.39,31.87,24,107.4,BAL,747029,0.29,3.7
2024-06-01,Ryan Mountcastle,663624,671737,1,46,107.65,25.57,27,106.6,BAL,747029,-0.02,2.57
2024-06-01,Ryan Mountcastle,663624,671737,2,9,150.17,39.15,28,105.4,BAL,747029,-0.52,2.81
2024-06-01,Miguel Andujar,609280,519242,1,16,94.31,35.17,20,105.4,ATL,747111,-0.2,2.84
2024-06-01,Brent Rooker,667670,519242,2,34,30.47,56.76,29,111.4,ATL,747111,-0.63,1.72
2024-06-01,Matt Olson,621566,519008,1,48,199.46,64.83,30,95.6,ATL,747111,0.76,1.45
2024-06-01,Marcell Ozuna,542303,605156,1,9,138.39,28.13,29,105.6,ATL,747111,0.03,3.12
2024-06-02,Luke Raley,670042,656288,2,31,209.47,82.38,20,110.8,SEA,745252,-0.13,2.58
2024-06-02,Juan Soto,665742,605483,1,2,188.3,36.04,26,108.7,SF,745330,-0.3,2.9
2024-06-02,Heliot Ramos,671218,641482,0,24,108.49,36.12,37,108.2,SF,745330,-0.09,2.22
2024-06-02,Casey Schmitt,669477,641482,1,33,15.58,85.3,36,104.2,SF,745330,-0.5,1.99
2024-06-02,Juan Soto,665742,666808,1,75,205.44,58.59,26,108.2,SF,745330,0,2.51
2024-06-02,Alec Burleson,676475,592836,0,21,222.51,73.31,27,105,PHI,745572,-0.15,3.05
2024-06-02,Nolan Gorman,669357,592836,2,4,231.65,98.76,45,108.6,PHI,745572,0.18,2.94
2024-06-02,Ketel Marte,606466,500779,0,1,105.25,31.89,30,104.9,NYM,745813,0.04,1.76
2024-06-02,Lourdes Gurriel Jr.,666971,500779,1,3,33.47,63.94,39,105.7,NYM,745813,-0.12,3.42
2024-06-02,Ketel Marte,606466,518617,0,67,109.89,21.64,24,106.1,NYM,745813,-0.4,1.89
2024-06-02,Jackson Chourio,694192,680897,2,19,31.64,74.64,34,102.5,MIL,745984,-0.1,2.65
2024-06-02,Paul DeJong,657557,642547,0,28,179.49,49.36,26,102.4,MIL,745984,0.75,3.13
2024-06-02,Adolis García,666969,669432,0,39,43.63,61.48,29,108.2,MIA,746061,0.25,2.86
2024-06-02,Mookie Betts,605141,596295,0,5,23.94,97.72,32,95.8,LAD,746141,-0.67,1.32
2024-06-02,Freddie Freeman,518692,596295,1,7,112.22,39.56,34,104.1,LAD,746141,-0.11,3.19
2024-06-02,Trevor Larnach,663616,686613,0,1,173.09,38.41,31,106.9,HOU,746383,0.53,2.41
2024-06-02,Victor Caratini,605170,680573,2,16,192.04,43.27,28,105.2,HOU,746383,0.12,1.98
2024-06-02,Alex Bregman,608324,680573,1,23,49.33,58.38,29,102,HOU,746383,0.4,2.24
2024-06-02,Jose Miranda,669304,686613,1,41,67.52,45.16,22,106.9,HOU,746383,0.32,2.93
2024-06-02,TJ Friedl,670770,676962,2,15,198.79,64.89,21,103.7,CHC,746871,0.08,2.12
2024-06-02,Rafael Devers,646240,656412,1,67,87.68,38.24,27,105.3,BOS,746953,-0.1,1.78
2024-06-02,Gunnar Henderson,683002,641793,0,5,227.77,61.69,24,109.1,BAL,747030,0.9,2.46
2024-06-02,José Caballero,676609,608344,0,56,35.07,62.51,33,103.9,BAL,747030,0.26,3.19
2024-06-02,Zack Gelof,680869,669276,0,47,80.15,28.28,33,106.2,ATL,747110,0.05,1.91
2024-06-03,Mark Vientos,668901,669022,0,28,82.83,34.45,35,104.7,WSH,744854,-0.32,3.11
2024-06-03,Joey Gallo,608336,656731,2,38,201,52,26,106.4,WSH,744854,0.28,2.67
2024-06-03,Austin Hays,669720,592332,2,28,55.13,65.68,33,105.7,TOR,744930,-0.42,2.15
2024-06-03,Vladimir Guerrero Jr.,665489,680570,0,30,129.51,31.15,23,109.2,TOR,744930,0.21,2.63
2024-06-03,Austin Hays,669720,592332,0,49,179.92,44.37,28,107.6,TOR,744930,0.18,2.53
2024-06-03,Ramón Urías,602104,621114,1,67,70.89,45.1,31,105,TOR,744930,0.05,2.46
2024-06-03,Anthony Santander,623993,592332,0,8,220.61,88.04,20,105.4,TOR,744930,-0.47,3.58
2024-06-03,Jake Rogers,668670,543135,2,17,29.84,78.76,37,98.4,TEX,745009,0.03,2.99
2024-06-03,Marcus Semien,543760,669373,0,4,38.56,68.09,26,100.7,TEX,745009,0.27,2.19
2024-06-03,Jake Rogers,668670,600917,2,56,25.97,76.13,28,106.4,TEX,745009,0.08,2.2
2024-06-03,David Dahl,621311,669060,1,30,212.07,80.07,25,105.4,PHI,745569,0.53,1.79
2024-06-03,Rhys Hoskins,656555,554430,2,48,52.6,70.85,27,98.9,PHI,745569,-0.14,3.27
2024-06-03,Manny Machado,592518,542881,2,3,77.18,28.29,23,112.9,LAA,746224,0.15,3.16
2024-06-03,Alec Burleson,676475,434378,1,2,234.4,98.27,21,100.6,HOU,746382,0.27,2.61
2024-06-03,Yordan Alvarez,670541,502043,2,27,229.08,83.65,34,98.3,HOU,746382,0.1,2.37
2024-06-03,Nolan Gorman,669357,434378,1,38,196.01,54.02,28,103.4,HOU,746382,-0.33,2.19
2024-06-03,Nolan Gorman,669357,434378,2,4,170.08,40.15,26,106.1,HOU,746382,-0.07,1.61
2024-06-03,Alex Bregman,608324,668941,0,66,28.76,61.39,27,105.8,HOU,746382,0.25,2.37
2024-06-03,Yainer Diaz,673237,668941,2,70,7.78,90.73,28,105.8,HOU,746382,-0.48,1.73
2024-06-03,Jeimer Candelario,600869,663372,2,21,207.33,53.04,33,99.4,COL,746548,0.47,2.14
2024-06-03,Brendan Rodgers,663898,671096,1,24,77.61,33.64,33,102.3,COL,746548,-0.07,2.2
2024-06-03,Tyler Stephenson,663886,683409,2,76,217.82,62.36,30,100.3,COL,746548,0.28,2.98
2024-06-03,Lourdes Gurriel Jr.,666971,675921,0,11,39.51,69.57,24,100.9,AZ,747194,0.4,2.85
2024-06-03,Heliot Ramos,671218,669194,1,46,166.42,33.63,29,105.8,AZ,747194,0.64,2.45
2024-06-03,Pavin Smith,656976,678495,1,67,142,28.08,33,105.7,AZ,747194,-0.1,2.57
2024-06-04,Harrison Bader,664056,687792,1,27,77.07,43.49,31,99.3,WSH,744850,0.26,2.7
2024-06-04,Pete Alonso,624413,640448,1,70,16.92,53.47,25,111.7,WSH,744850,-0.69,2.3
2024-06-04,Ryan Mountcastle,663624,670102,2,20,23.58,92.69,31,92.9,TOR,744931,-0.38,2.59
2024-06-04,Ryan Mountcastle,663624,670102,1,37,103.83,20.73,25,108.1,TOR,744931,0.13,3.47
2024-06-04,George Springer,543807,669203,2,57,53.08,48.99,24,106.1,TOR,744931,0.21,3.31
2024-06-04,Connor Norby,681393,663878,1,61,45.67,72.34,29,98.2,TOR,744931,0.11,2.34
2024-06-04,Riley Greene,682985,641540,2,33,233.49,96.46,28,102.8,TEX,745010,0.65,1.88
2024-06-04,Zach McKinstry,656716,641540,1,9,229.34,95.89,28,98.9,TEX,745010,0.6,2.02
2024-06-04,Jack Suwinski,669261,607192,1,23,218.95,78.68,23,104.3,PIT,745497,0.53,3.22
2024-06-04,Alec Bohm,664761,665625,0,59,103.2,30.63,24,104.9,PHI,745568,-0.61,3.36
2024-06-04,Gleyber Torres,650402,641927,2,14,184.92,71.34,32,95.9,NYY,745739,0.7,2.49
2024-06-04,Royce Lewis,668904,592454,1,48,75.3,33.07,24,110.1,NYY,745739,-0.48,2.82
2024-06-04,Giancarlo Stanton,519317,573204,2,60,16.82,67.16,33,110.4,NYY,745739,-0.86,2.09
2024-06-04,Brandon Lowe,664040,666200,1,29,231.01,94.64,26,108.7,MIA,746060,0.04,2.74
2024-06-04,Bryan De La Cruz,650559,686752,1,6,85.02,36.31,31,105.9,MIA,746060,0.38,2.79
2024-06-04,Alec Burleson,676475,681293,1,2,78.28,47.91,30,103.7,HOU,746380,-0.13,2.78
2024-06-04,Yainer Diaz,673237,669467,1,30,222.71,94.62,34,98.1,HOU,746380,0.34,2.63
2024-06-04,Masyn Winn,691026,656786,0,53,36.37,81.05,24,97.8,HOU,746380,-0.62,2.54
2024-06-04,Nolan Gorman,669357,661527,0,61,205.19,82.21,35,91.8,HOU,746380,0.13,2.56
2024-06-04,Elly De La Cruz,682829,621389,2,17,133.98,17.66,24,109.2,COL,746550,0.05,2.53
2024-06-04,Hunter Renfroe,592669,663474,0,14,198.92,60.83,35,101.1,CLE,746630,0.28,3.35
2024-06-04,Bobby Witt Jr.,677951,663474,1,17,87.93,27.15,34,106.3,CLE,746630,0.01,2.77
2024-06-04,Bobby Witt Jr.,677951,663474,2,29,93.27,34.51,26,107.4,CLE,746630,0.24,3.44
2024-06-04,Josh Naylor,647304,607625,1,34,92.04,32.94,24,107.8,CLE,746630,-0.84,2.41
2024-06-04,Tyler Freeman,671289,607625,0,57,74.82,44.51,32,102.3,CLE,746630,-0.06,1.3
2024-06-04,Lenyn Sosa,672820,684007,2,27,49.12,53.2,22,108,CHC,746872,-0.22,2.38
2024-06-04,Christopher Morel,666624,605121,2,49,70.52,45.62,27,99.4,CHC,746872,-0.37,2.64
2024-06-04,Patrick Wisdom,621550,621383,2,51,101.05,36.67,24,102.1,CHC,746872,0.5,2.1
2024-06-04,Luis Robert Jr.,673357,669713,2,55,94.43,20.16,28,109.8,CHC,746872,0.68,2.62
2024-06-04,Dominic Smith,642086,608331,1,19,57.89,74.1,36,97.8,BOS,746949,-0.49,2.71
2024-06-04,Ozzie Albies,645277,676710,1,44,169.66,42.91,26,104.4,BOS,746949,-0.31,2.7
2024-06-04,Orlando Arcia,606115,502624,1,52,192.5,62.32,28,101.1,BOS,746949,0.4,2.58
2024-06-04,Mike Yastrzemski,573262,686826,2,70,229.57,91.02,29,98,AZ,747196,-0.43,2.75
2024-06-05,Luis Torrens,620443,571578,2,15,188.47,50.37,27,103,WSH,744852,0.48,2.54
2024-06-05,Luis Torrens,620443,571578,0,34,147.14,24.62,25,101.6,WSH,744852,0.7,3.52
2024-06-05,Francisco Lindor,596019,571578,0,35,90.77,29.39,23,109.3,WSH,744852,0.33,1.93
2024-06-05,Anthony Santander,623993,621244,0,9,226.6,52.87,29,106.4,TOR,744927,0.25,1.38
2024-06-05,Josh Smith,669701,666214,0,22,223.96,99.04,40,96,TEX,745007,0.26,2.06
2024-06-05,Jonah Heim,641680,669438,2,26,223.31,75.84,30,103.5,TEX,745007,-0.33,2.31
2024-06-05,Justyn-Henry Malloy,669234,570632,0,41,76.1,39.4,38,105.9,TEX,745007,-0.44,2.33
2024-06-05,Shohei Ohtani,660271,694973,2,25,124.18,26.02,32,105.6,PIT,745494,0.13,3.04
2024-06-05,Andy Pages,681624,694973,0,37,46.13,61.61,37,101.8,PIT,745494,0.11,2.27
2024-06-05,Nick Castellanos,592206,676879,2,36,73.13,45.26,25,103.1,PHI,745570,-0.03,1.96
2024-06-05,Zack Gelof,680869,669302,1,17,169.08,23.84,23,107.2,OAK,745654,0.57,2.6
2024-06-05,Julio Rodríguez,677594,695243,0,58,146.18,37.84,31,103.3,OAK,745654,0.01,3.32
2024-06-05,Carlos Santana,467793,607074,1,41,207.35,73.86,27,96.9,NYY,745740,0.87,3.47
2024-06-05,Royce Lewis,668904,642701,0,53,19.34,90.95,31,100.3,NYY,745740,-0.36,2.39
2024-06-05,Zach Neto,687263,656302,2,14,63.67,46.62,31,105.4,LAA,746221,0.41,2.52
2024-06-05,Nolan Schanuel,694384,656302,0,4,158.65,47.26,36,101.4,LAA,746221,-0.29,3.04
2024-06-05,Yainer Diaz,673237,571945,1,36,214.96,91.69,34,97.3,HOU,746379,-0.12,2.96
2024-06-05,Trey Cabbage,663550,571945,1,37,182.47,43.05,34,106.9,HOU,746379,-0.22,2.08
2024-06-05,Nolan Arenado,571448,669854,1,42,44.14,63.25,28,98.4,HOU,746379,0.01,2.63
2024-06-05,Jeimer Candelario,600869,641712,2,23,194.89,51.83,38,100.5,COL,746544,-0.15,2.66
2024-06-05,TJ Friedl,670770,641712,1,39,178.53,31.22,30,99.2,COL,746544,-0.11,2.22
2024-06-05,Elias Díaz,553869,607259,1,45,29.46,86.63,36,92.5,COL,746544,-0.2,2.25
2024-06-05,Spencer Steer,668715,656222,2,78,43.38,57.89,30,105.7,COL,746544,-0.21,3.33
2024-06-05,Jonathan India,663697,683409,2,82,36.95,73.77,31,99.8,COL,746544,-0.21,2.55
2024-06-05,Corey Julks,667452,592791,0,1,37.91,58.67,32,102.3,CHC,746873,-0.2,3.08
2024-06-05,Paul DeJong,657557,669713,0,67,20.29,71.52,25,105.8,CHC,746873,0.1,2.05
2024-06-05,Mike Tauchman,643565,656629,0,79,96.55,40.71,23,100.8,CHC,746873,0.39,2.72
2024-06-05,Rafael Devers,646240,680885,0,11,42.19,80.58,34,100.3,BOS,746950,0.14,1.23
2024-06-05,Rafael Devers,646240,678061,0,55,51.44,73.23,32,97.4,BOS,746950,-0.27,2.68
2024-06-05,Jarren Duran,680776,623474,1,64,194.24,52.41,39,104.6,BOS,746950,0.59,2.63
2024-06-05,Heliot Ramos,671218,656756,0,21,102.09,28.92,35,108.4,AZ,747195,-0.24,2.04
2024-06-05,Wilmer Flores,527038,656756,0,25,27.96,72.44,31,100,AZ,747195,-0.22,1.87
2024-06-05,Pavin Smith,656976,663546,0,51,232.51,65.08,28,104.7,AZ,747195,0.54,2.95
2024-06-05,Jorge Soler,624585,676714,1,74,21.22,59.99,35,108.2,AZ,747195,-0.61,2
2024-06-06,CJ Abrams,682928,625643,0,39,186.57,43.63,28,102.8,WSH,744844,0.13,3.25
2024-06-06,Lane Thomas,657041,625643,0,40,48.68,51.68,21,107.8,WSH,744844,0.42,2.79
2024-06-06,Adam Duvall,594807,680730,1,47,74.86,43.81,33,102,WSH,744844,0.68,2.46
2024-06-06,Marcell Ozuna,542303,640451,2,57,63.92,30.68,31,104.8,WSH,744844,0.23,2.6
2024-06-06,Vladimir Guerrero Jr.,665489,700249,2,23,209.04,81.29,33,103.3,TOR,744923,0.58,2.96
2024-06-06,Adley Rutschman,668939,579328,1,42,67.71,53.87,37,101.3,TOR,744923,-0.17,2.05
2024-06-06,Adley Rutschman,668939,647315,2,61,207.27,51.78,26,109.3,TOR,744923,-0.02,2.93
2024-06-06,Ryan O'Hearn,656811,554340,2,70,191.67,48.72,29,104.3,TOR,744923,0.49,2.34
2024-06-06,Eugenio Suárez,553993,681190,0,12,125.62,34.27,30,107.2,SD,745408,0.31,1.81
2024-06-06,Gabriel Moreno,672515,681190,0,13,16.54,85.03,24,106.8,SD,745408,0.11,1.94
2024-06-06,Kyle Higashioka,543309,677944,0,40,18.48,90.11,24,103.8,SD,745408,-0.47,3.23
2024-06-06,Freddie Freeman,518692,663559,0,3,224.49,71.02,25,109.7,PIT,745495,0.53,2.28
2024-06-06,Nick Gonzales,693304,621111,2,31,24.25,90.68,25,102.1,PIT,745495,-0.4,3.35
2024-06-06,Teoscar Hernández,606192,663559,0,44,204.88,62.13,32,103.5,PIT,745495,0.09,2.53
2024-06-06,Mookie Betts,605141,621294,1,50,128.69,33.34,26,101.3,PIT,745495,-0.14,2.22
2024-06-06,Oneil Cruz,665833,623465,2,83,196.7,25.14,24,117.7,PIT,745495,-0.12,2.59
2024-06-06,Mitch Garver,641598,519008,0,61,87.36,40.71,34,103.1,OAK,745657,0.15,2.52
2024-06-06,Trent Grisham,663757,641154,2,17,201.03,62.82,23,105.8,NYY,745738,-0.1,2.57
2024-06-06,Christian Vázquez,543877,573186,0,19,75.1,43.5,26,101.4,NYY,745738,0.41,1.96
2024-06-06,Carlos Correa,621043,573186,2,3,203.31,64.45,24,106,NYY,745738,0.48,2.66
2024-06-06,José Ramírez,608070,663903,0,25,239.27,69.25,27,106.1,CLE,746631,-0.1,3.01
2024-06-06,Seiya Suzuki,673548,668881,1,19,28.03,66.73,29,103.9,CIN,746707,-0.05,1.88
2024-06-06,Elly De La Cruz,682829,665871,0,24,222.78,81.22,22,114.7,CIN,746707,0.73,2.01
2024-06-06,Christopher Morel,666624,668881,0,44,126.82,31.2,29,103.9,CIN,746707,-0.32,2.72
2024-06-06,Jarren Duran,680776,663765,0,1,218.82,62.18,20,112.2,CWS,746784,0.19,2.2
2024-06-06,Enmanuel Valdez,665839,663765,0,30,161.12,40.68,23,103.7,CWS,746784,0.12,2
2024-06-06,Jamie Westbrook,642197,694363,1,62,65.95,53.95,25,100.6,CWS,746784,-0.02,1.45
2024-06-06,Andrew Vaughn,683734,656557,1,70,35.6,67.37,37,101.8,CWS,746784,-0.88,2.5
2024-06-07,Wilmer Flores,527038,547179,0,25,23.09,79.6,29,105.5,TEX,745008,0.01,2.47
2024-06-07,Michael Conforto,624424,502085,1,54,178.48,45.33,25,104.5,TEX,745008,0.01,2.33
2024-06-07,Wilmer Flores,527038,547179,1,9,61.81,56.29,32,99.7,TEX,745008,0.06,2.55
2024-06-07,Jose Siri,642350,608344,1,15,78,44.52,34,105.1,TB,745083,0.13,2.78
2024-06-07,Ryan Mountcastle,663624,650644,1,37,226.31,102.02,37,100.7,TB,745083,-0.36,2.57
2024-06-07,Jordan Westburg,676059,606965,1,63,206.49,73.04,27,101,TB,745083,0.43,2.69
2024-06-07,Anthony Santander,623993,650644,0,8,210.72,78,34,96,TB,745083,-0.1,3.8
2024-06-07,Ha-Seong Kim,673490,694297,1,52,136.98,34.38,23,104.2,SD,745406,0.33,2.65
2024-06-07,Ketel Marte,606466,593974,1,59,41.39,84.08,25,95.7,SD,745406,-0.92,2.16
2024-06-07,Lourdes Gurriel Jr.,666971,593974,1,60,40.84,79.91,22,104,SD,745406,0.28,3.66
2024-06-07,Fernando Tatis Jr.,665487,694297,1,7,113.18,31.61,28,105.3,SD,745406,-0.55,2.41
2024-06-07,Jurickson Profar,595777,694297,1,8,230.74,98.21,26,100.7,SD,745406,-0.13,1.5
2024-06-07,Oneil Cruz,665833,657746,0,12,205.85,47.57,34,114.2,PIT,745496,0.37,2.6
2024-06-07,Connor Joe,656582,643377,2,60,45.41,54.53,24,102.7,PIT,745496,0.29,2.7
2024-06-07,JJ Bleday,668709,643338,0,62,219.54,82.18,33,100.8,OAK,745655,0.1,2.67
2024-06-07,Brayan Rocchio,677587,677960,1,18,38.46,65.9,27,104.6,MIA,746053,0.33,2.87
2024-06-07,Bryan De La Cruz,650559,671106,2,24,168.25,28.94,27,106.8,MIA,746053,0.36,2.89
2024-06-07,Josh Bell,605137,671106,2,25,33.93,63.54,23,107.1,MIA,746053,-0.28,2.07
2024-06-07,Kevin Pillar,607680,664285,0,13,18.65,70.55,34,105.7,LAA,746220,0.25,2.43
2024-06-07,Yainer Diaz,673237,519326,2,52,28.04,83.28,33,100.5,LAA,746220,-0.31,2.78
2024-06-07,José Abreu,547989,672710,1,59,163.7,41.28,24,105.5,LAA,746220,0.25,1.96
2024-06-07,MJ Melendez,669004,682243,1,39,227.74,68.64,23,108.7,KC,746302,-0.07,2.52
2024-06-07,Ryan Bliss,669208,663738,2,9,44.36,48.52,25,106,KC,746302,-0.3,2.11
2024-06-07,Dansby Swanson,621020,666157,2,44,176.16,48.04,25,102,CIN,746704,0.61,2.5
2024-06-07,Gavin Sheets,657757,669711,0,46,226.05,83.13,23,104.8,CWS,746785,0.4,1.99
2024-06-07,Andrew Vaughn,683734,669711,0,47,157.12,39.62,30,104.4,CWS,746785,-0.77,2.06
2024-06-07,Luis Robert Jr.,673357,681867,2,7,133.87,25.23,20,111.7,CWS,746785,-0.01,1.72
2024-06-08,Nick Senzel,669222,669276,0,51,69.14,45.19,35,101.7,WSH,744848,0.19,3.33
2024-06-08,Sean Murphy,669221,571882,0,55,157.96,36.95,28,105.2,WSH,744848,0.77,3.24
2024-06-08,Heliot Ramos,671218,571760,1,20,37.41,63.52,26,109.2,TEX,745001,-0.37,2.01
2024-06-08,Ryan O'Hearn,656811,671737,0,23,205.62,76.46,35,98.4,TB,745082,0.38,2.35
2024-06-08,Gunnar Henderson,683002,664208,0,62,221.47,81.45,25,103,TB,745082,1.01,2.09
2024-06-08,Ezequiel Tovar,678662,502043,0,37,21.64,77.59,30,102.8,STL,745166,0.03,1.58
2024-06-08,Ezequiel Tovar,678662,552640,1,54,46.35,52.73,27,98.9,STL,745166,-0.89,2.12
2024-06-08,Matt Carpenter,572761,680767,1,58,134.01,22.66,29,101.8,STL,745166,-0.36,3.28
2024-06-08,Ha-Seong Kim,673490,669194,0,14,61.49,55.34,21,103.8,SD,745410,-0.37,2.2
2024-06-08,Jake Cronenworth,630105,663531,1,34,137.47,28.66,26,104.2,SD,745410,-0.16,2.31
2024-06-08,Kyle Higashioka,543309,600986,1,59,120.62,36.2,28,103.4,SD,745410,0.1,3.02
2024-06-08,Rowdy Tellez,642133,680573,1,51,139.44,36.64,30,101.2,PIT,745492,-0.39,2.97
2024-06-08,Kevin Kiermaier,595281,665622,0,32,190.49,48.03,35,105.8,OAK,745652,0.23,3.19
2024-06-08,Teoscar Hernández,606192,641482,1,10,85.12,35.52,29,107.4,NYY,745735,-0.41,2.93
2024-06-08,Aaron Judge,592450,694813,1,24,56.97,58.7,19,108.1,NYY,745735,0.19,3.01
2024-06-08,Enrique Hernández,571771,641482,1,34,210.79,87.44,36,97.7,NYY,745735,0.59,2.39
2024-06-08,Teoscar Hernández,606192,592454,1,63,82.88,32.91,31,104.7,NYY,745735,-0.41,1.8
2024-06-08,Aaron Judge,592450,642232,2,82,177.57,54.67,35,105.2,NYY,745735,-0.52,2.94
2024-06-08,Bryce Harper,547180,640455,1,25,221,72.08,36,107.2,NYM,745814,0.28,2.71
2024-06-08,Whit Merrifield,593160,640455,2,30,53.22,66.02,25,101.5,NYM,745814,-0.51,2.35
2024-06-08,Nick Castellanos,592206,664849,1,63,35.98,56.35,33,113.1,NYM,745814,-0.13,3.38
2024-06-08,José Ramírez,608070,682610,2,3,198.73,53.73,27,101.5,MIA,746057,-0.38,2.9
2024-06-08,Steven Kwan,680757,682610,0,33,210.82,67.93,29,96.5,MIA,746057,0.7,2.64
2024-06-08,Yordan Alvarez,670541,542881,1,39,206.75,67.6,33,98.1,LAA,746223,-0.12,1.9
2024-06-08,Nolan Schanuel,694384,606160,2,57,187.71,62.84,26,98.9,LAA,746223,-0.06,3.8
2024-06-08,J.P. Crawford,641487,679525,0,1,196.77,51.71,27,102.4,KC,746300,-0.11,2.69
2024-06-08,Adam Frazier,624428,622491,1,14,222.92,87.46,26,98.6,KC,746300,-0.19,3.13
2024-06-08,Mitch Garver,641598,679525,1,30,11.55,84.6,43,104.4,KC,746300,-0.85,2.86
2024-06-08,TJ Friedl,670770,676962,1,25,222.96,74.5,34,98.8,CIN,746703,-0.08,2.45
2024-06-08,Jeimer Candelario,600869,676962,2,9,211.68,71.78,32,95.8,CIN,746703,0.26,2.32
2024-06-08,Bobby Dalbec,666915,680897,0,31,221.19,87.95,32,97.5,CWS,746786,0.48,2.83
2024-06-08,Gavin Sheets,657757,678394,2,42,217.16,64.88,29,105.6,CWS,746786,-0.23,2.4
2024-06-08,Paul DeJong,657557,502624,1,60,46.56,56.99,23,106.8,CWS,746786,0.04,2.99
2024-06-09,Keibert Ruiz,660688,694462,2,33,212.4,67.15,33,100.2,WSH,744849,0.58,1.96
2024-06-09,Jarred Kelenic,672284,607179,0,75,169.21,37.7,23,107.8,WSH,744849,-0.23,2.88
2024-06-09,Marcus Semien,543760,676775,1,16,26.35,94.16,42,100.3,TEX,745003,-0.24,2.89
2024-06-09,Mike Yastrzemski,573262,543135,2,31,232.38,85.62,35,103,TEX,745003,0.03,2.97
2024-06-09,Anthony Santander,623993,641793,0,23,197.07,56.62,20,106,TB,745085,-0.03,1.51
2024-06-09,Adley Rutschman,668939,664208,2,64,200.07,59.51,33,99.6,TB,745085,0.57,1.17
2024-06-09,Alec Burleson,676475,621389,0,22,179.72,46.74,32,103.3,STL,745167,0.17,3.36
2024-06-09,Jake McCarthy,664983,800049,2,19,219.47,91.73,27,94.9,SD,745407,0.96,2.82
2024-06-09,Jurickson Profar,595777,674072,1,31,30.02,75.98,26,102.5,SD,745407,-0.23,2.03
2024-06-09,Fernando Tatis Jr.,665487,543518,1,9,120.87,33.34,22,109.9,SD,745407,0.64,2.62
2024-06-09,David Dahl,621311,673380,0,57,203,53.51,37,104.3,PHI,745571,0.34,2.45
2024-06-09,Brent Rooker,667670,663878,1,43,60.77,34.69,24,110,OAK,745651,0.09,2.4
2024-06-09,Oswaldo Cabrera,665828,607192,0,19,232.89,101.29,21,105.2,NYY,745736,0.66,2.53
2024-06-09,Teoscar Hernández,606192,661563,2,43,65.31,42.54,29,102.3,NYY,745736,-0.7,1.99
2024-06-09,Trent Grisham,663757,607192,1,48,209.63,64.2,24,107.7,NYY,745736,0.03,2.43
2024-06-09,Aaron Judge,592450,670990,0,63,13.03,62.88,36,107.6,NYY,745736,-0.61,2.81
2024-06-09,Gabriel Arias,672356,669432,2,10,181.44,45.48,21,108.5,MIA,746054,0.59,1.99
2024-06-09,Jazz Chisholm Jr.,665862,471911,0,26,151.48,22.45,32,108.1,MIA,746054,-0.43,2.93
2024-06-09,Tyler Freeman,671289,640462,1,51,30.11,74.01,33,101.1,MIA,746054,-0.87,2.01
2024-06-09,Jake Burger,669394,661403,2,71,203.11,64.41,30,104.6,MIA,746054,0.11,3.08
2024-06-09,Jose Altuve,514888,519326,2,51,88.86,39.04,26,103.2,LAA,746216,0.31,2.44
2024-06-09,Logan O'Hoppe,681351,623352,1,85,29.19,87.29,34,96.4,LAA,746216,-0.24,1.64
2024-06-09,J.P. Crawford,641487,666142,0,1,181.71,34.07,25,105.1,KC,746297,-0.16,2.97
2024-06-09,MJ Melendez,669004,657508,2,68,244.34,68.62,28,106,KC,746297,0,2.1
2024-06-09,Hunter Renfroe,592669,608723,0,77,46.36,61.74,32,100.4,KC,746297,-0.24,2.94
2024-06-09,Jake Rogers,668670,571948,1,46,216.9,78.91,33,98.3,DET,746463,0.91,2.38
2024-06-09,Luke Maile,571912,684007,0,27,20.47,84.14,27,103.3,CIN,746705,-0.11,3.19
2024-06-09,Paul DeJong,657557,686580,0,29,44.54,77.06,40,96.7,CWS,746787,-0.33,2.43
2024-06-09,David Hamilton,666152,623167,0,33,205.29,76.09,23,101,CWS,746787,0.03,2.76
2024-06-10,Gunnar Henderson,683002,686752,0,1,108.4,25.89,28,106.2,TB,745080,-0.24,2.87
2024-06-10,Alex Jackson,656577,669203,2,17,170.33,30.01,27,105.3,TB,745080,0.89,2.84
2024-06-10,James McCann,543510,686752,0,19,49.68,55.3,23,106.1,TB,745080,0.14,2.13
2024-06-10,Luis Robert Jr.,673357,669302,2,39,8.02,76.47,31,111.9,SEA,745248,-0.72,3.61
2024-06-10,Corey Julks,667452,621199,0,53,30.74,89.31,22,102.8,SEA,745248,-0.82,2.98
2024-06-10,Dominic Canzone,686527,607200,0,60,154.49,34.5,26,110.5,SEA,745248,0.01,2.53
2024-06-10,Cal Raleigh,663728,673929,1,79,225.4,78.97,27,108,SEA,745248,-0.06,2.58
2024-06-10,Jake Cronenworth,630105,683155,2,27,193.52,41.58,27,107.6,SD,745409,0.07,2.72
2024-06-10,Fernando Tatis Jr.,665487,683155,0,43,201.7,69.41,19,106.2,SD,745409,1.01,2.77
2024-06-10,Tyler Soderstrom,691016,656302,0,9,171.75,41.81,31,105.2,SD,745409,0.23,2.84
2024-06-10,Royce Lewis,668904,683232,1,58,73.54,30.69,31,107.5,MIN,745897,-0.04,2.75
2024-06-10,Alejandro Kirk,672386,607067,1,16,10.43,80.95,23,110.1,MIL,745982,-0.45,2.63
2024-06-10,Jackson Chourio,694192,621244,1,20,71.57,55.27,20,100.9,MIL,745982,0.21,1.96
2024-06-10,Willy Adames,642715,621244,1,27,71.29,38.95,27,105.6,MIL,745982,0.09,2.03
2024-06-11,Christopher Morel,666624,621107,0,24,56.5,48.64,31,103.1,TB,745077,-0.5,2.32
2024-06-11,Brandon Lowe,664040,593576,2,76,186.98,46.35,28,99.2,TB,745077,-0.63,2.28
2024-06-11,Nolan Gorman,669357,670280,0,64,180.97,42.03,36,107,STL,745170,0.42,2.28
2024-06-11,Andrew Vaughn,683734,646242,1,22,28.94,90.02,22,109,SEA,745244,-0.32,1.94
2024-06-11,Paul DeJong,657557,646242,1,23,208.3,73.33,35,99.9,SEA,745244,0.75,2.86
2024-06-11,Brett Wisely,689172,669854,1,21,220.64,74.52,23,103.7,SF,745327,0.83,2.13
2024-06-11,Abraham Toro,647351,681190,0,1,159.04,34.37,25,105,SD,745404,-0.51,2.34
2024-06-11,Tyler Soderstrom,691016,660853,1,62,103.47,30.18,30,106.9,SD,745404,-0.19,2.86
2024-06-11,Kyle Higashioka,543309,518397,0,74,18.19,97.55,23,103.9,SD,745404,0.53,2.6
2024-06-11,Ezequiel Tovar,678662,573204,0,41,53.97,58.29,23,107,MIN,745899,-0.26,2.77
2024-06-11,Byron Buxton,621439,680767,0,53,120.49,21.33,27,109.5,MIN,745899,0.11,3.21
2024-06-11,Ryan McMahon,641857,663485,2,59,234.27,55.41,30,113,MIN,745899,0.76,2.73
2024-06-11,Carlos Santana,467793,641755,2,72,222.46,78.18,35,99.8,MIN,745899,0.14,1.66
2024-06-11,Shohei Ohtani,660271,681982,1,51,174.39,30.4,23,114.2,LAD,746139,-0.05,2.95
2024-06-11,Freddie Freeman,518692,681982,1,52,78.21,52.02,27,102.4,LAD,746139,-0.11,2.47
2024-06-11,Teoscar Hernández,606192,681982,1,54,73.06,52.13,30,103.8,LAD,746139,0.08,2.17
2024-06-11,Jason Heyward,518792,681982,2,57,227.26,64,32,107.7,LAD,746139,0.03,2.57
2024-06-11,Ezequiel Duran,677649,675627,2,61,66.72,47.76,24,108.8,LAD,746139,0.25,2.52
2024-06-11,Will Smith,669257,641540,1,7,75.15,56.33,40,102.2,LAD,746139,0.26,2.29
2024-06-11,Austin Wells,669224,663903,1,29,107.94,31.16,33,103.5,KC,746296,0.1,2.74
2024-06-11,Aaron Judge,592450,623433,0,55,100.33,24.24,36,112.1,KC,746296,-0.1,2.81
2024-06-11,Giancarlo Stanton,519317,623433,1,57,135.15,18.28,26,111.2,KC,746296,-0.46,2.18
2024-06-11,Freddy Fermin,666023,676760,1,69,21.55,90.57,25,103.6,KC,746296,0.29,2.49
2024-06-11,Josh Naylor,647304,518585,0,59,210.51,48.3,25,108.9,CIN,746702,0.27,1.68
2024-06-11,Kyle Schwarber,656941,676710,0,1,192.57,51.2,31,112.4,BOS,746951,0.05,2.56
2024-06-11,Kyle Schwarber,656941,676710,0,34,210.38,47.22,33,110,BOS,746951,-0.09,2.46
2024-06-11,Jorge Mateo,622761,608331,0,15,83.78,41.95,26,101.3,BAL,747027,-0.27,2.86
2024-06-11,Randal Grichuk,545341,660761,2,28,56.82,47.97,35,105.2,AZ,747190,-0.39,2.21
2024-06-11,Taylor Ward,621493,656756,0,47,25.79,75.29,26,105.5,AZ,747190,0.19,2.8
2024-06-12,Seiya Suzuki,673548,650644,0,26,137.01,34.46,27,104.8,TB,745079,0.48,2.46
2024-06-12,Jose Siri,642350,665871,0,30,60.88,35.04,31,104.8,TB,745079,-0.23,2.44
2024-06-12,Cody Bellinger,641355,664076,2,56,187.96,46.09,26,102.2,TB,745079,-0.17,2.12
2024-06-12,José Caballero,676609,593576,1,74,83.11,38.55,24,105.2,TB,745079,-0.08,2.45
2024-06-12,Henry Davis,680779,552640,0,59,86.87,37.1,24,104.8,STL,745171,0.31,1.72
2024-06-12,Luke Raley,670042,686563,1,48,201.58,66.92,33,101.7,SEA,745246,0.22,2.1
2024-06-12,Luis Robert Jr.,673357,657508,0,57,27.38,86.51,21,106.3,SEA,745246,-0.29,2.78
2024-06-12,Yordan Alvarez,670541,657277,0,47,94.43,38.14,25,106.3,SF,745328,-0.36,1.4
2024-06-12,Donovan Solano,456781,663687,0,12,50.21,53.94,27,103.6,SD,745405,-0.39,2
2024-06-12,Jackson Merrill,701538,663687,0,35,128.65,34.91,29,108,SD,745405,0.27,1.99
2024-06-12,Donovan Solano,456781,668674,2,68,103.43,40.69,31,100.9,SD,745405,-0.64,2.65
2024-06-12,Jackson Merrill,701538,695243,1,75,230.53,90.98,30,99.6,SD,745405,0.67,1.81
2024-06-12,Starling Marte,516782,666129,2,47,43.3,43.24,30,106.4,NYM,745811,-0.6,2.03
2024-06-12,Harrison Bader,664056,666129,0,5,71.57,50.19,23,107.5,NYM,745811,0.1,2.08
2024-06-12,Francisco Lindor,596019,572143,0,71,142.42,32.51,23,107.6,NYM,745811,0.43,2.11
2024-06-12,Ryan McMahon,641857,641154,0,29,155.63,28.83,31,106.4,MIN,745896,0.22,1.82
2024-06-12,Willi Castro,650489,596295,0,34,63.14,36.46,25,108.5,MIN,745896,-0.13,1.83
2024-06-12,Royce Lewis,668904,683409,2,54,40.21,49.52,27,105.7,MIN,745896,-0.47,2.49
2024-06-12,Davis Schneider,676914,668964,1,2,174.51,44.25,26,104.5,MIL,745978,0.33,2.07
2024-06-12,Willy Adames,642715,641835,2,51,141.95,18.85,31,105.9,MIL,745978,-0.06,2.98
2024-06-12,Corey Seager,608369,621111,1,37,201.31,45.01,24,111,LAD,746137,0.05,2.77
2024-06-12,Shohei Ohtani,660271,592351,1,6,164.2,31.41,26,105.2,LAD,746137,0.06,2.18
2024-06-12,Giancarlo Stanton,519317,663738,1,36,39.79,38.11,24,111.6,KC,746294,0.19,3.33
2024-06-12,Gleyber Torres,650402,663738,2,57,20.61,66.87,32,105.5,KC,746294,-0.6,1.85
2024-06-12,Jose Trevino,624431,663738,2,8,24.06,67.53,22,106.6,KC,746294,-0.25,2.21
2024-06-12,CJ Abrams,682928,681857,2,19,190.23,48.64,36,104.3,DET,746462,-0.09,2.37
2024-06-12,Matt Vierling,663837,663623,0,5,45.02,76.4,26,94.6,DET,746462,0.25,2.64
2024-06-12,Riley Greene,682985,640448,1,82,26.76,96.3,37,96.9,DET,746462,-0.5,2.52
2024-06-12,Jeimer Candelario,600869,676440,1,50,216.46,87.65,34,96.9,CIN,746701,-0.12,1.8
2024-06-12,Jeimer Candelario,600869,676440,2,6,158.84,39.1,28,104.1,CIN,746701,-0.2,3.1
2024-06-12,David Hamilton,666152,605513,0,54,195.98,53.19,27,104.2,BOS,746948,0.17,2.21
2024-06-12,Matt Olson,621566,669211,1,59,213.27,50.85,24,110.3,BAL,747028,0.15,3.14
2024-06-12,Colton Cowser,681297,641729,1,64,164.81,45.38,37,108.1,BAL,747028,-0.42,2.62
2024-06-12,Jo Adell,666176,677944,0,26,49.1,43.51,25,108.1,AZ,747193,-0.03,2.72
2024-06-12,Christian Walker,572233,667755,0,63,93.93,18.7,24,112,AZ,747193,-0.19,2.25
2024-06-12,Ketel Marte,606466,519043,1,74,17.02,72.62,28,103.7,AZ,747193,-1.08,2.52
2024-06-12,Zach Neto,687263,677944,0,9,23.49,90.5,32,94.4,AZ,747193,-0.68,3.42
2024-06-13,Paul Goldschmidt,502671,656605,2,22,161.12,39.63,33,102.2,STL,745168,0.42,2.45
2024-06-13,Brendan Donovan,680977,656605,0,50,226.41,85.84,37,98.4,STL,745168,0.36,3.13
2024-06-13,Andrew Vaughn,683734,676106,2,17,148.16,38.13,26,104.8,SEA,745245,0.02,2.23
2024-06-13,Luis Robert Jr.,673357,676106,2,18,102.07,33.6,20,109.7,SEA,745245,0.18,2.39
2024-06-13,Tyler Locklear,682988,676979,1,36,57.59,67.68,38,99.2,SEA,745245,-0.61,1.59
2024-06-13,Julio Rodríguez,677594,656629,1,65,194.09,45.21,28,109.3,SEA,745245,0.46,3.53
2024-06-13,Jake Burger,669394,622663,1,40,212.12,76.15,30,102.4,NYM,745809,0.43,2.28
2024-06-13,Jazz Chisholm Jr.,665862,622098,1,48,150.42,28.06,24,107.6,NYM,745809,-0.28,2.16
2024-06-13,J.D. Martinez,502110,656945,1,67,175.09,42.99,24,106.9,NYM,745809,-0.3,1.64
2024-06-13,Carlos Correa,621043,656794,2,57,39.39,77.34,40,106.5,MIN,745894,-0.26,2.29
2024-06-13,Tyler Soderstrom,691016,657746,0,8,116.58,24.76,21,112.1,MIN,745894,-0.22,2.24
2024-06-13,Andy Pages,681624,547179,1,53,19.69,92.74,27,102.9,LAD,746136,0.09,2.09
2024-06-13,Anthony Rizzo,519203,670167,0,51,210.01,72.03,42,102.9,KC,746299,0.39,3.05
2024-06-13,Justyn-Henry Malloy,669234,571882,2,47,21.17,70.56,33,107.9,DET,746465,-0.05,3
2024-06-13,Tyler O'Neill,641933,605400,2,41,92.7,29.91,26,108.4,BOS,746944,0.63,2.08
2024-06-13,Kyle Stowers,669065,572955,2,59,160.64,24.51,27,108.7,BAL,747026,0.1,1.78
2024-06-13,Christian Walker,572233,656288,2,25,55.53,23.76,28,113,AZ,747192,-0.17,2.44
2024-06-13,Joc Pederson,592626,472610,0,59,193.57,38.22,31,107.3,AZ,747192,-0.94,2.54
2024-06-13,Christian Walker,572233,656288,1,9,10.55,81.43,34,107,AZ,747192,-0.76,2.74
2024-06-14,Lane Thomas,657041,641312,0,25,12.94,93.68,32,100.5,WSH,744847,-0.72,2.73
2024-06-14,Will Brennan,686823,592332,2,26,36.87,89.32,29,93.8,TOR,744924,-0.6,2.49
2024-06-14,Mitch Garver,641598,571760,2,10,94.96,41.47,34,105.4,SEA,745247,-0.31,2.25
2024-06-14,Zach Neto,687263,678495,1,37,65.54,42.23,30,106.7,SF,745326,-0.1,2.67
2024-06-14,Heliot Ramos,671218,672710,1,79,134.22,28.63,23,108.5,SF,745326,-0.19,2.21
2024-06-14,Jackson Merrill,701538,640455,2,33,153.08,41.01,30,101.8,NYM,745810,-0.45,3.05
2024-06-14,Max Kepler,596146,687765,1,49,154.49,28.89,25,105.6,MIN,745892,-0.24,2.07
2024-06-14,Shea Langeliers,669127,680573,2,6,60.07,47.38,27,102.8,MIN,745892,-0.17,2.35
2024-06-14,TJ Friedl,670770,642547,1,19,222.11,75.54,24,101,MIL,745979,0.22,3.01
2024-06-14,William Contreras,661388,668881,1,23,155.26,32.94,32,108.3,MIL,745979,0.15,2.63
2024-06-14,Jeimer Candelario,600869,642547,0,39,172.79,34.32,30,105.5,MIL,745979,0.45,1.94
2024-06-14,Salvador Perez,521692,694813,1,22,34.14,46.67,31,113.3,LAD,746134,0.23,2.51
2024-06-14,Miguel Rojas,500743,666142,1,36,13.73,86.66,26,102.2,LAD,746134,-0.95,2.83
2024-06-14,Chris Taylor,621035,666142,2,38,50.41,57.15,35,102.6,LAD,746134,-0.13,1.73
2024-06-14,Mauricio Dubón,643289,669373,2,46,40.25,75.34,22,104.7,HOU,746378,-0.19,1.64
2024-06-14,Bryan Reynolds,668804,663372,1,2,239.14,64.1,35,106.8,COL,746545,0.77,2.71
2024-06-14,Andrew McCutchen,457705,663372,1,41,135.2,17.48,25,107.4,COL,746545,0.45,2.48
2024-06-14,Jack Suwinski,669261,663372,2,50,201.52,49.4,30,107.3,COL,746545,-0.03,2.54
2024-06-14,Charlie Blackmon,453568,670280,2,71,210.88,54.66,33,100.4,COL,746545,-0.01,3.28
2024-06-14,Pedro Pagés,686780,669713,0,51,65.09,65.8,32,102.5,CHC,746869,0,3.5
2024-06-14,Alex Verdugo,657077,678394,2,4,106.01,35.94,25,104,BOS,746947,0.32,2.09
2024-06-14,Jose Trevino,624431,502624,1,71,61.75,53.9,28,101.1,BOS,746947,0.05,2.44
2024-06-14,Kyle Schwarber,656941,680694,0,1,199.01,51.51,35,103.2,BAL,747025,0.25,2.36
2024-06-14,Rafael Marchán,665561,680694,2,35,186.74,56.91,28,101.6,BAL,747025,0.03,1.7
2024-06-14,Anthony Santander,623993,621381,2,60,38.63,62.03,26,103.6,BAL,747025,0.54,3.73
2024-06-14,Austin Riley,663586,641793,2,23,38.81,51.46,35,107.3,ATL,747112,-0.36,2.37
2024-06-14,Marcell Ozuna,542303,641793,0,9,201.84,64.4,33,101.3,ATL,747112,0.21,2.39
2024-06-14,Eugenio Suárez,553993,623167,0,32,63.11,52.17,32,97.6,AZ,747191,-0.35,2.64
2024-06-14,Joc Pederson,592626,647336,0,58,244.97,72.76,35,106.5,AZ,747191,0.44,2.37
2024-06-15,Lane Thomas,657041,669432,2,20,163.38,51.2,32,100.6,WSH,744846,0.35,2.58
2024-06-15,Joey Meneses,608841,677053,2,59,17.51,96.26,33,94.7,WSH,744846,-1.09,1.68
2024-06-15,Julio Rodríguez,677594,543135,1,22,78,39.45,29,106.4,SEA,745241,0.03,2.94
2024-06-15,Josh Rojas,668942,642546,0,55,172.02,45.98,23,104.8,SEA,745241,0.17,2.28
2024-06-15,Mickey Moniak,666160,676775,2,14,115.56,27.99,27,105.9,SF,745329,0.06,1.84
2024-06-15,Logan O'Hoppe,681351,676775,1,47,63.72,19.72,26,110.1,SF,745329,-0.32,2.39
2024-06-15,Heliot Ramos,671218,663776,0,6,47.58,44.11,24,107.7,SF,745329,-0.15,1.53
2024-06-15,J.D. Martinez,502110,666745,2,35,183.18,51.47,25,105.1,NYM,745805,-0.11,2.01
2024-06-15,Jackson Merrill,701538,500779,1,38,164.38,37.18,22,106.1,NYM,745805,0.47,2.9
2024-06-15,J.D. Martinez,502110,660853,0,54,175.74,52.85,26,102.2,NYM,745805,-0.59,2.61
2024-06-15,Joey Ortiz,687401,671096,0,37,72.72,46.97,24,101.2,MIL,745976,0.13,2.12
2024-06-15,MJ Melendez,669004,595014,2,46,213.42,68.39,36,103.2,LAD,746135,0.15,3.08
2024-06-15,Riley Greene,682985,681293,1,15,220.71,64.38,25,108.8,HOU,746381,-0.12,3.43
2024-06-15,Matt Vierling,663837,681293,1,2,80.63,38.85,26,104.7,HOU,746381,0.09,2.4
2024-06-15,Riley Greene,682985,681293,1,3,59.22,77.51,41,101.5,HOU,746381,0.25,2.37
2024-06-15,Carson Kelly,608348,663321,2,55,41.6,71.45,35,97.5,HOU,746381,0.45,3.22
2024-06-15,Chas McCormick,676801,669438,2,72,98.45,27.93,30,106.5,HOU,746381,-0.12,2.73
2024-06-15,Colt Keith,690993,605463,0,85,183.79,57.05,29,98.4,HOU,746381,0.32,1.52
2024-06-15,Hunter Goodman,696100,683003,0,18,149.94,22.37,26,104.5,COL,746547,0.26,2.9
2024-06-15,Nick Gonzales,693304,621389,1,23,138.66,25.65,28,103.7,COL,746547,-0.3,2.24
2024-06-15,Andrew McCutchen,457705,664129,1,58,24.74,54.84,27,104.7,COL,746547,0.01,2.99
2024-06-15,Hunter Goodman,696100,677865,2,66,105.51,23.95,21,106.8,COL,746547,0.5,1.59
2024-06-15,Michael Toglia,669911,642701,1,77,42.57,74.64,39,96.3,COL,746547,-0.5,3.06
2024-06-15,Ian Happ,664023,667463,2,58,75.31,55.87,34,100.8,CHC,746865,-0.48,1.48
2024-06-15,Juan Soto,665742,686580,2,59,85.27,45.86,29,105.1,BOS,746946,-0.69,2.75
2024-06-15,Anthony Santander,623993,592836,0,29,184.6,37.42,27,106.9,BAL,747024,-0.19,2.4
2024-06-15,Anthony Santander,623993,614179,0,63,220.72,80.54,34,106.5,BAL,747024,-0.05,2.58
2024-06-15,Edmundo Sosa,624641,680570,0,9,208,73.62,34,100.5,BAL,747024,0.85,2.47
2024-06-15,Jarred Kelenic,672284,686752,2,39,201.62,59.35,20,108.6,ATL,747113,0.3,2.62
2024-06-15,Marcell Ozuna,542303,686752,2,41,140.06,30.61,31,105.8,ATL,747113,-0.12,2.53
2024-06-15,Matt Olson,621566,686752,2,42,212.28,63.05,22,109.1,ATL,747113,0.31,2.1
2024-06-15,Austin Riley,663586,664076,2,60,160.28,30.36,27,108,ATL,747113,0.31,2.68
2024-06-15,Randy Arozarena,668227,678061,0,72,39.07,60.49,34,103.1,ATL,747113,-0.47,1.49
2024-06-15,Paul DeJong,657557,600986,0,27,172.44,39.38,29,102.4,AZ,747187,0.2,2.35
2024-06-15,Andrew Vaughn,683734,686826,2,38,195.51,62.57,33,101.8,AZ,747187,-0.47,1.95
2024-06-15,Lenyn Sosa,672820,674072,2,60,26.75,97.96,27,98.4,AZ,747187,-0.91,2.48
2024-06-15,Korey Lee,686676,674072,2,74,54.16,47.13,31,105.4,AZ,747187,-0.35,1.72
2024-06-16,Jacob Young,696285,666200,0,37,48.69,55.04,35,102.4,WSH,744839,-0.25,3
2024-06-16,Lane Thomas,657041,666200,1,6,97.4,42.96,30,102.4,WSH,744839,-0.29,2.13
2024-06-16,Ernie Clement,676391,594902,1,17,57.37,55.81,26,102.8,TOR,744926,-0.32,2.65
2024-06-16,Daulton Varsho,662139,680704,0,43,187.22,50.02,35,103,TOR,744926,-0.56,3.06
2024-06-16,Daniel Schneemann,682177,621244,2,53,39.08,84.36,37,97.1,TOR,744926,0,2.27
2024-06-16,Brayan Rocchio,677587,554340,1,75,170.19,47.41,28,102.3,TOR,744926,0.03,2.24
2024-06-16,Tyler Locklear,682988,600917,0,49,18.9,81.52,25,105.7,SEA,745242,-0.25,2.19
2024-06-16,Nolan Schanuel,694384,702352,1,11,138.4,33.87,32,101.2,SF,745321,0.29,2.98
2024-06-16,Jorge Soler,624585,519326,2,39,51.75,65.5,39,102.1,SF,745321,0.06,3.6
2024-06-16,Austin Slater,596103,608334,0,61,114.86,31.7,31,101.2,SF,745321,-0.82,2.06
2024-06-16,Pete Alonso,624413,656302,0,10,75.04,50.11,38,110.2,NYM,745807,-0.01,2.53
2024-06-16,Francisco Lindor,596019,656302,0,7,218.38,67.22,31,104.9,NYM,745807,0.51,2.19
2024-06-16,Luis Torrens,620443,669093,0,72,100.78,38.22,29,99.1,NYM,745807,-0.04,2.75
2024-06-16,Trevor Larnach,663616,683155,0,21,230.78,85.67,23,107.5,MIN,745891,0.25,1.96
2024-06-16,JJ Bleday,668709,663978,0,25,200,64.24,34,98.2,MIN,745891,0.77,2.44
2024-06-16,Tyler Soderstrom,691016,663978,1,27,114.41,29.2,26,105.9,MIN,745891,-0.49,3.02
2024-06-16,Royce Lewis,668904,683155,1,6,64.72,37.16,26,104.6,MIN,745891,-0.06,2.1
2024-06-16,Jose Miranda,669304,666204,1,74,26.01,56.78,33,105.6,MIN,745891,-0.25,2.02
2024-06-16,Carlos Correa,621043,676664,0,36,21.66,69.54,38,109.5,MIN,745895,-0.65,2.56
2024-06-16,Carlos Correa,621043,676664,0,5,69.17,50.67,32,100.6,MIN,745895,-0.26,3.52
2024-06-16,Daz Cameron,663662,641927,1,56,42.25,76.86,41,93.6,MIN,745895,-0.27,2.09
2024-06-16,Royce Lewis,668904,676664,0,6,206.01,67.59,25,101.9,MIN,745895,0.46,2.99
2024-06-16,Carlos Santana,467793,669620,2,62,169.16,40.84,26,102.7,MIN,745895,0.73,2.71
2024-06-16,Spencer Steer,668715,607067,0,24,48.83,57.73,32,103.7,MIL,745977,0.03,2.81
2024-06-16,Willy Adames,642715,608371,0,45,97.63,31.09,27,104.5,MIL,745977,-0.03,1.76
2024-06-16,Elly De La Cruz,682829,657649,0,61,39.75,75.33,22,112.7,MIL,745977,-0.63,2.44
2024-06-16,Shohei Ohtani,660271,663903,1,20,93.71,18.88,27,114.3,LAD,746130,-0.06,2.17
2024-06-16,Shohei Ohtani,660271,663903,0,40,211.82,61.24,39,110.7,LAD,746130,0.46,2.03
2024-06-16,Freddie Freeman,518692,663903,0,41,191.2,50.25,40,108.3,LAD,746130,0.41,2.07
2024-06-16,Jose Altuve,514888,628317,2,16,89.52,40.39,34,101.9,HOU,746377,0.29,1.46
2024-06-16,Pedro Pagés,686780,592791,1,11,66.85,63.37,36,93.6,CHC,746866,0.82,2.65
2024-06-16,Aaron Judge,592450,676710,2,3,58.9,60.83,45,114.2,BOS,746945,-0.1,3.17
2024-06-16,Jose Trevino,624431,676710,0,41,38.02,68.01,31,101.5,BOS,746945,-0.42,3.2
2024-06-16,Colton Cowser,681297,554430,1,17,142.14,20.31,25,110,BAL,747023,0.07,2.14
2024-06-16,Adley Rutschman,668939,554430,0,23,149.85,34.02,33,103.4,BAL,747023,0.22,2.1
2024-06-16,Jordan Westburg,676059,554430,0,47,182.26,57.21,29,101.1,BAL,747023,-0.03,2.92
2024-06-16,Gunnar Henderson,683002,554430,0,6,94.37,32.27,27,106.3,BAL,747023,0.14,2.72
2024-06-16,Travis d'Arnaud,518595,621107,1,16,125.26,26.02,27,106.1,ATL,747109,-0.06,1.9
2024-06-16,Brandon Lowe,664040,694462,2,21,189.82,36.84,38,101.9,ATL,747109,0.91,3.02
2024-06-16,Ben Rortvedt,666163,694462,1,30,231.38,97.97,42,102.7,ATL,747109,0.74,2.69
2024-06-16,Austin Riley,663586,592094,1,64,157.02,25.16,31,102.6,ATL,747109,0.52,2.36
2024-06-16,Jose Siri,642350,628452,1,69,71.57,39.5,23,105.7,ATL,747109,-0.18,1.32
2024-06-16,Jarred Kelenic,672284,621107,0,7,201.24,50.97,31,101.2,ATL,747109,-0.03,2.28
2024-06-16,Christian Walker,572233,689672,1,8,62.49,35.53,23,110.4,AZ,747189,-0.31,1.87
2024-06-17,Ceddanne Rafaela,678882,579328,0,19,46.96,48.06,31,107.9,TOR,744918,-0.34,1.57
2024-06-17,Tyler O'Neill,641933,579328,2,22,88.54,41.57,35,105.1,TOR,744918,0.47,2.52
2024-06-17,Tyler O'Neill,641933,579328,2,3,22.58,66.37,32,108.4,TOR,744918,-0.4,1.95
2024-06-17,Rafael Devers,646240,579328,2,4,58.06,41.04,26,111.1,TOR,744918,-0.66,2.64
2024-06-17,Justin Turner,457759,601713,1,50,54.49,42.06,26,106.2,TOR,744918,0.06,1.9
2024-06-17,Davis Schneider,676914,601713,2,62,15.49,83.53,40,105.8,TOR,744918,-0.3,2.43
2024-06-17,DJ Stewart,621466,592351,2,18,225.61,71.56,41,104.8,TEX,745005,0.22,3.07
2024-06-17,Robbie Grossman,543257,656849,2,30,20.82,81.88,33,101.6,TEX,745005,-0.65,1.68
2024-06-17,Brandon Nimmo,607043,592351,0,33,203.52,64.35,23,106.1,TEX,745005,0.86,2.43
2024-06-17,Kyle Schwarber,656941,681190,0,20,165.17,24.51,33,108.1,PHI,745567,-0.04,2.68
2024-06-17,Alec Bohm,664761,681190,0,40,51.74,75.18,38,95.2,PHI,745567,-0.06,2.82
2024-06-17,Kyle Schwarber,656941,670970,0,49,153.08,34.59,25,102.6,PHI,745567,-0.45,2.53
2024-06-17,Michael Siani,672279,666129,0,30,227.82,89.25,23,104,MIA,746055,0.45,2.21
2024-06-17,Bryan De La Cruz,650559,668941,2,64,177.85,41.89,29,104.8,MIA,746055,0.74,2.82
2024-06-17,Masyn Winn,691026,640462,1,88,43.72,66.04,23,103.9,MIA,746055,-0.23,2.09
2024-06-17,Zach Neto,687263,692230,2,33,65.56,46.76,25,103.2,LAA,746215,-0.24,3.5
2024-06-17,Brice Turang,668930,668676,2,37,186.23,40.88,24,105.5,LAA,746215,0.02,2.18
2024-06-17,Jake Bauers,641343,668676,0,8,205.27,77.24,31,99.1,LAA,746215,-0.61,2.87
2024-06-17,Jacob Stallings,607732,572020,0,17,112.25,27.12,27,101.3,COL,746543,-0.26,1.79
2024-06-17,Greg Jones,675659,656420,2,80,240.2,71.99,27,109.7,COL,746543,0.12,2.57
2024-06-17,Hunter Goodman,696100,656420,2,83,45.36,61.93,19,111,COL,746543,-0.18,2.99
2024-06-17,Michael Busch,683737,678495,2,53,107.02,39.78,34,102.6,CHC,746868,-0.21,2.37
2024-06-17,Heliot Ramos,671218,669713,0,55,197.9,61.66,25,105.7,CHC,746868,0.06,2.49
2024-06-17,Ian Happ,664023,669062,2,68,22.86,82.66,32,102.5,CHC,746868,-0.62,2.3
2024-06-17,Patrick Bailey,672275,643410,2,72,238.1,62.53,28,107.2,CHC,746868,0.29,3.1
2024-06-17,Thairo Estrada,642731,593576,1,80,56.68,66.53,43,98.7,CHC,746868,-0.38,1.92
2024-06-17,Ozzie Albies,645277,571946,2,63,220.93,63.53,38,107.9,ATL,747108,0.01,2.8
2024-06-18,Ketel Marte,606466,663623,0,2,172.68,38.05,20,106.2,WSH,744843,-0.29,2.09
2024-06-18,Tyler O'Neill,641933,663893,0,62,134.11,34.42,32,105.8,TOR,744917,0.12,2.27
2024-06-18,Mark Vientos,668901,547179,2,10,31.72,61.83,24,113.2,TEX,745004,-0.19,2.84
2024-06-18,Josh Smith,669701,622663,1,40,202.08,70.05,29,97.3,TEX,745004,0.29,2.35
2024-06-18,Wyatt Langford,694671,622663,2,42,71.4,40.25,28,107.1,TEX,745004,-0.37,2.12
2024-06-18,Brandon Nimmo,607043,547179,0,44,193.96,68.44,35,99.5,TEX,745004,-0.44,2.64
2024-06-18,Santiago Espinal,669289,663559,1,31,34.14,77.21,27,97.9,PIT,745488,-0.07,2.37
2024-06-18,Ke'Bryan Hayes,663647,666157,1,49,45.6,66.46,26,100.3,PIT,745488,-0.48,1.89
2024-06-18,Luis Campusano,669134,605400,0,42,130.27,34.14,31,102,PHI,745563,0.28,2.25
2024-06-18,Kyle Schwarber,656941,593974,2,65,227.38,72.96,29,105.2,PHI,745563,0.28,2.93
2024-06-18,Nick Loftin,679845,663687,2,12,93.56,42.96,29,102.5,OAK,745650,-0.24,2.45
2024-06-18,Zack Gelof,680869,679525,0,35,12.61,86.09,29,105,OAK,745650,-0.36,2.05
2024-06-18,Anthony Santander,623993,605280,0,70,231.63,83.97,20,111.2,NYY,745733,-0.46,2.22
2024-06-18,Brandon Lowe,664040,641154,0,41,154.69,28.47,28,104.3,MIN,745893,-0.23,2.5
2024-06-18,Josh Lowe,666139,543351,1,43,142.28,29.11,31,105.3,MIN,745893,0.85,1.7
2024-06-18,Max Kepler,596146,542888,0,46,140.33,29.98,29,103.4,MIN,745893,0.74,2.33
2024-06-18,Randy Arozarena,668227,641154,2,5,34.12,54.95,26,105.5,MIN,745893,0.01,2.65
2024-06-18,Jesús Sánchez,660821,458681,1,10,175.46,37.08,22,109.9,MIA,746049,0.29,1.19
2024-06-18,Brendan Donovan,680977,682610,2,16,220.4,79.65,25,98.3,MIA,746049,0.24,1.75
2024-06-18,Paul Goldschmidt,502671,682610,1,3,207.65,91.76,29,103.9,MIA,746049,0.49,2.68
2024-06-18,Alec Burleson,676475,682610,0,35,63.69,55.77,31,103.2,MIA,746049,-0.35,1.91
2024-06-18,Christian Bethancourt,542194,458681,1,58,37.31,68.99,25,102,MIA,746049,-0.61,2.4
2024-06-18,Christian Yelich,592885,656288,2,3,206.01,56.62,34,107.2,LAA,746217,0.46,3.61
2024-06-18,Andy Pages,681624,596295,1,12,47.71,65.26,34,93.3,COL,746542,0.42,2.55
2024-06-18,Elehuris Montero,660707,621111,1,17,60.66,42.74,27,98.7,COL,746542,-0.28,2.61
2024-06-18,Brenton Doyle,686668,621111,2,35,4.08,74.41,29,105.7,COL,746542,-0.55,2.37
2024-06-18,Shohei Ohtani,660271,596295,0,45,129.18,5.54,30,113,COL,746542,0.42,2.34
2024-06-18,Jason Heyward,518792,641755,1,75,241,91,30,99.5,COL,746542,0.56,2.1
2024-06-18,Teoscar Hernández,606192,680767,2,79,196.26,42.4,24,106.3,COL,746542,-0.05,2.23
2024-06-18,J.P. Crawford,641487,663474,0,19,137.51,36.93,39,105,CLE,746627,-0.32,1.88
2024-06-18,Luke Raley,670042,605130,1,39,45.26,72.32,37,100.1,CLE,746627,-0.39,2.81
2024-06-18,Dylan Moore,664238,671922,0,46,30.52,66.41,31,104.9,CLE,746627,0.05,2.38
2024-06-18,Dansby Swanson,621020,657277,1,13,169.75,42.95,35,103.1,CHC,746867,-0.35,2.11
2024-06-19,Jesse Winker,608385,694297,2,44,95.12,40.62,27,101.8,WSH,744842,-0.35,2.25
2024-06-19,Enmanuel Valdez,665839,592332,1,30,228.82,84.96,35,105.1,TOR,744920,0.41,2.54
2024-06-19,Jarren Duran,680776,592332,1,40,141.02,24.34,32,107.2,TOR,744920,-0.12,2.14
2024-06-19,Pete Alonso,624413,571760,1,41,146.03,27.08,30,108.5,TEX,745002,0.13,3.31
2024-06-19,Leody Taveras,665750,622098,2,58,193.21,49.25,27,107.8,TEX,745002,0.47,2.53
2024-06-19,Bryan Reynolds,668804,607259,2,57,98.73,32.69,33,101.1,PIT,745489,-0.62,3.15
2024-06-19,Jackson Merrill,701538,624133,2,13,200.7,54.8,29,99.6,PHI,745561,0.84,2.39
2024-06-19,Bryce Harper,547180,663362,2,24,65.46,52.59,30,103.6,PHI,745561,-0.18,2.31
2024-06-19,Bryce Harper,547180,669093,1,67,237.98,91.39,31,103.1,PHI,745561,0.04,1.94
2024-06-19,Zack Gelof,680869,656186,1,68,132.94,23.46,27,105.9,OAK,745646,0.42,2.61
2024-06-19,Ramón Urías,602104,676760,0,34,57.86,42.05,32,101.4,NYY,745732,-0.35,2.33
2024-06-19,Giancarlo Stanton,519317,666974,0,61,111.53,21.45,20,113.6,NYY,745732,0.25,2.98
2024-06-19,Isaac Paredes,670623,657746,2,20,24.59,94.22,26,95.5,MIN,745887,-0.91,1.78
2024-06-19,Royce Lewis,668904,671737,2,41,42.42,66.43,24,108.7,MIN,745887,0.2,2.73
2024-06-19,Nolan Gorman,669357,630023,0,10,114.08,22.83,26,111,MIA,746050,0.15,2.37
2024-06-19,Bryan De La Cruz,650559,669461,0,4,101.62,27.15,31,108.4,MIA,746050,-0.22,2.99
2024-06-19,Jesús Sánchez,660821,669461,0,5,122.5,30.29,23,108.5,MIA,746050,-0.22,2.42
2024-06-19,Michael Toglia,669911,676272,2,9,87.81,30.28,35,104,COL,746538,0.37,2.85
2024-06-19,Steven Kwan,680757,693433,2,17,229.53,96.45,33,96.9,CLE,746625,0.6,2.69
2024-06-19,Josh Naylor,647304,657508,2,41,224.13,70.86,30,102.7,CLE,746625,0.29,2.62
2024-06-19,Josh Naylor,647304,660825,1,56,155.7,38.23,29,99.5,CLE,746625,0.02,2.83
2024-06-19,Andrew Benintendi,643217,686613,1,32,224.49,92.71,31,98.8,CWS,746781,0.22,2.94
2024-06-19,Ian Happ,664023,702352,0,27,136.59,20.17,28,104.7,CHC,746864,-0.01,2.51
2024-06-19,Dansby Swanson,621020,702352,0,28,191,48,35,98.7,CHC,746864,-0.23,3.07
2024-06-19,Jorge Soler,624585,668338,2,68,7.77,61.44,24,108.7,CHC,746864,0.38,2.36
2024-06-19,Sean Murphy,669221,669373,2,28,179.46,42.97,25,106.8,ATL,747106,0.6,2.83
2024-06-19,Ramón Laureano,657656,669373,0,35,69.14,35.7,34,105.9,ATL,747106,-0.39,2.24
2024-06-19,Sean Murphy,669221,669438,0,47,49.18,45.3,31,108.7,ATL,747106,-0.22,2.36
2024-06-20,Lane Thomas,657041,669194,2,24,76.24,40.22,22,102.6,WSH,744841,-0.03,3.15
2024-06-20,Jesse Winker,608385,669194,2,51,106.09,37.01,37,104.4,WSH,744841,-0.38,2.82
2024-06-20,Christian Walker,572233,607179,2,67,30.57,61.03,24,106.4,WSH,744841,0.36,2.46
2024-06-20,Manny Machado,592518,669060,2,11,223.67,96.81,35,99.3,SD,745401,0.55,2.83
2024-06-20,Jackson Merrill,701538,669060,2,12,231.02,100.11,35,93.9,SD,745401,0.96,1.38
2024-06-20,Willy Adames,642715,800049,2,40,133.81,32.99,25,106.9,SD,745401,0.4,3.19
2024-06-20,Fernando Tatis Jr.,665487,669060,1,43,41.92,38.25,24,111.8,SD,745401,-0.18,1.99
2024-06-20,Jake Cronenworth,630105,606303,2,84,,,29,106.6,SD,745401,0.16,2.34
2024-06-20,Freddy Fermin,666023,687765,1,24,22.08,78.26,25,103.6,OAK,745645,0.22,2.6
2024-06-20,Zack Gelof,680869,607625,2,53,133.7,28.57,28,105.9,OAK,745645,0.69,2.47
2024-06-20,Bobby Witt Jr.,677951,657697,0,56,30.78,56.38,28,107.7,OAK,745645,-0.13,2.33
2024-06-20,Freddy Fermin,666023,687765,1,8,67,48.86,34,105.1,OAK,745645,0.23,2.66
2024-06-20,Cedric Mullins,656775,661563,0,10,208.01,82.53,30,98.6,NYY,745734,-0.35,2.06
2024-06-20,Gleyber Torres,650402,608344,2,23,191.54,68.29,29,97.6,NYY,745734,0.28,2.74
2024-06-20,Aaron Judge,592450,608344,2,35,186.82,59.53,24,110.6,NYY,745734,0.26,2.65
2024-06-20,Anthony Santander,623993,657612,2,48,196.47,66.43,25,97.8,NYY,745734,0.34,2.94
2024-06-20,Austin Hays,669720,624647,2,70,73.25,32.02,27,105.6,NYY,745734,-0.04,2.35
2024-06-20,Royce Lewis,668904,641793,2,24,32.12,79.9,23,101.8,MIN,745889,-0.55,2.89
2024-06-20,Jose Siri,642350,543351,0,66,35.76,62.09,30,102.9,MIN,745889,-0.32,2.94
2024-06-20,Yandy Díaz,650490,543351,1,69,81.34,26.67,19,111.8,MIN,745889,-0.43,1.74
2024-06-20,Carlos Santana,467793,606965,0,73,233.31,84.41,43,106.3,MIN,745889,0.02,3.16
2024-06-20,Jose Miranda,669304,664126,2,78,55.16,60.54,19,103,MIN,745889,-0.02,1.9
2024-06-20,Shohei Ohtani,660271,621389,0,1,123.13,25.97,29,101.5,COL,746539,-0.11,2.37
2024-06-20,Will Smith,669257,621389,2,30,97.28,18.52,32,102.8,COL,746539,0.16,3.47
2024-06-20,Freddie Freeman,518692,621389,2,31,133.47,24.98,27,106.7,COL,746539,0.06,2.31
2024-06-20,Ryan McMahon,641857,681911,0,68,182.16,19.82,28,110.9,COL,746539,0.83,2.54
2024-06-20,Will Brennan,686823,622491,1,15,197.64,53.27,26,103.4,CLE,746626,0.64,2.81
2024-06-20,Dylan Moore,664238,671106,0,2,,,32,108.1,CLE,746626,-0.34,3.3
2024-06-20,Andrés Giménez,665926,622491,2,42,164.56,36.46,27,105.4,CLE,746626,-0.18,2.06
2024-06-20,Will Brennan,686823,663423,2,65,197.07,68.37,29,102.3,CLE,746626,0.67,2.73
2024-06-20,Yordan Alvarez,670541,623167,2,3,189.69,32.58,32,109.6,CWS,746782,0.32,2.15
2024-06-21,Kyle Isbel,664728,543135,2,17,198.79,60.16,24,102.9,TEX,745006,0.7,1.83
2024-06-21,Luis Arraez,650333,607067,2,44,229.97,99.91,26,102.8,SD,745403,1,1.71
2024-06-21,Jake Cronenworth,630105,607067,1,50,215.86,75.56,31,98.5,SD,745403,-0.08,2.21
2024-06-21,Josh Lowe,666139,682847,2,20,209.23,54.36,25,104.9,PIT,745483,0.88,1.7
2024-06-21,Josh Lowe,666139,682847,2,53,76,44.34,31,103.2,PIT,745483,0.3,2.26
2024-06-21,Bryan Reynolds,668804,606965,0,68,183.12,30.47,29,107.3,PIT,745483,0.66,2.37
2024-06-21,Ben Rortvedt,666163,641726,2,76,216.01,79,25,104.6,PIT,745483,0.3,2.5
2024-06-21,Gabriel Moreno,672515,592836,1,18,119.65,22.42,25,104.6,PHI,745562,0.05,2.39
2024-06-21,Joc Pederson,592626,592836,1,19,159.78,39.16,38,103.3,PHI,745562,-1.13,3.15
2024-06-21,Trea Turner,607208,656756,2,26,42.26,45.87,24,110.6,PHI,745562,-0.03,1.94
2024-06-21,Nick Castellanos,592206,657044,1,70,16.72,88.5,28,100.8,PHI,745562,-0.23,1.55
2024-06-21,Lourdes Gurriel Jr.,666971,592836,1,8,9.38,78.71,28,107,PHI,745562,-0.68,2.58
2024-06-21,Royce Lewis,668904,683155,1,47,56.42,61.67,32,98.9,OAK,745649,0.62,2.92
2024-06-21,Willi Castro,650489,613534,1,56,235.27,95.55,39,102.4,OAK,745649,0.47,2.29
2024-06-21,Shea Langeliers,669127,661395,0,70,35.26,65.51,21,106.4,OAK,745649,-0.7,2.95
2024-06-21,Ozzie Albies,645277,607074,0,2,32.06,62.53,27,103.7,NYY,745729,-0.03,3.1
2024-06-21,Matt Olson,621566,607074,2,33,188.71,61.44,28,95.9,NYY,745729,-0.65,1.89
2024-06-21,Austin Riley,663586,607074,2,5,168.39,37.14,25,105.6,NYY,745729,0.43,2.44
2024-06-21,Bryan De La Cruz,650559,669923,2,42,132.22,36.4,24,106.4,MIA,746052,-0.08,3.33
2024-06-21,Josh Bell,605137,669923,2,43,147.11,33.1,33,109.6,MIA,746052,-0.41,2.72
2024-06-21,Shohei Ohtani,660271,519043,2,38,169.14,35.07,27,113.1,LAD,746131,-0.24,2.6
2024-06-21,Jake Meyers,676694,680570,2,47,16.52,85.85,28,100.8,HOU,746375,-0.72,1.97
2024-06-21,Gunnar Henderson,683002,663321,0,65,214.6,55.81,24,110.4,HOU,746375,0.62,1.67
2024-06-21,Jorge Mateo,622761,663321,1,75,34.67,82.3,19,102.2,HOU,746375,-0.01,2.09
2024-06-21,Gunnar Henderson,683002,663321,1,77,40.74,85.17,20,102.8,HOU,746375,-0.44,2.52
2024-06-21,Anthony Santander,623993,606160,2,81,222.75,79.98,24,104,HOU,746375,0.63,2.97
2024-06-21,Carson Kelly,608348,607200,1,17,36.33,57.79,27,103.9,DET,746460,-0.12,2.11
2024-06-21,Tommy Pham,502054,656427,2,36,17.47,94.7,19,112.4,DET,746460,-0.65,2.33
2024-06-21,Luis García Jr.,671277,641712,2,24,219.29,69.45,23,106.1,COL,746540,0.4,1.92
2024-06-21,Ezequiel Tovar,678662,687792,1,27,74.77,35.05,39,103.7,COL,746540,0.51,2.87
2024-06-21,Drew Millas,686452,641712,0,30,104.14,27,25,102,COL,746540,-0.33,2.68
2024-06-21,Nolan Jones,666134,687792,1,38,240.69,68.93,26,108.7,COL,746540,0.13,2.92
2024-06-21,Hunter Goodman,696100,687792,1,40,33.58,77.56,25,97.5,COL,746540,0.65,3.3
2024-06-21,Vladimir Guerrero Jr.,665489,471911,2,31,31.43,63.09,26,102.3,CLE,746624,-1.39,2.77
2024-06-21,Jonathan India,663697,676710,1,14,33.87,80.68,26,99.7,CIN,746698,0.21,2.49
2024-06-21,Jarren Duran,680776,671096,1,21,212.8,61.12,25,101.7,CIN,746698,0.69,2.15
2024-06-21,Jeimer Candelario,600869,676710,0,24,228.56,67.15,28,104.5,CIN,746698,-0.1,3.25
2024-06-21,Jeimer Candelario,600869,676710,2,7,210.36,73.39,22,107.6,CIN,746698,0.35,2.26
2024-06-21,Connor Wong,657136,671096,0,9,55.28,64.78,25,98,CIN,746698,0.42,1.97
2024-06-21,Francisco Alvarez,682626,684007,0,12,91.53,32.32,22,108.5,CHC,746861,0.24,3.47
2024-06-21,Brandon Nimmo,607043,684007,2,16,52.35,64.19,24,100.3,CHC,746861,-0.48,2.13
2024-06-21,J.D. Martinez,502110,684007,0,3,111.65,33.06,22,106.1,CHC,746861,-0.49,2.57
2024-06-22,Josh Smith,669701,608379,0,26,221.79,92.77,30,95.2,TEX,744997,0.91,2.26
2024-06-22,Wyatt Langford,694671,672582,1,59,27.52,61.75,26,108.5,TEX,744997,-0.62,2.29
2024-06-22,Paul Goldschmidt,502671,663855,1,10,95.42,34.93,37,106.5,STL,745163,-0.57,1.6
2024-06-22,Alec Burleson,676475,663855,2,39,182.58,44.02,24,105.1,STL,745163,0.45,2.43
2024-06-22,Alec Burleson,676475,663546,1,54,120.01,30.64,23,104,STL,745163,0.01,2.03
2024-06-22,Brendan Donovan,680977,592426,1,62,237,67.37,27,107.4,STL,745163,0.47,2.18
2024-06-22,Jackson Merrill,701538,692230,1,29,132.72,20.91,28,105.9,SD,745402,-0.18,2.82
2024-06-22,Ha-Seong Kim,673490,692230,2,31,47.99,69.21,24,97.5,SD,745402,0.2,2.13
2024-06-22,Kyle Higashioka,543309,596001,1,55,46.83,69.38,33,102.4,SD,745402,-0.44,2.33
2024-06-22,Brice Turang,668930,666745,2,70,26.28,86.31,35,93.7,SD,745402,-0.2,3.4
2024-06-22,Oneil Cruz,665833,621107,2,9,242.86,60.09,30,111.6,PIT,745486,0.2,2.28
2024-06-22,Bryce Harper,547180,674072,1,21,203.39,43.76,35,107.3,PHI,745564,0.38,2.44
2024-06-22,Alec Bohm,664761,674072,1,22,91.85,33.67,24,102.7,PHI,745564,-0.23,2.74
2024-06-22,Nick Castellanos,592206,543518,1,41,25,56.75,35,106.2,PHI,745564,-0.78,2.72
2024-06-22,David Dahl,621311,571466,2,68,230.73,91.18,32,98.5,PHI,745564,0.81,3.02
2024-06-22,Manuel Margot,622534,676664,0,14,73.09,37.6,24,106.4,OAK,745644,-0.56,2.63
2024-06-22,Tyler Soderstrom,691016,641927,0,24,97.45,34.42,27,104.1,OAK,745644,0.21,3.43
2024-06-22,JJ Bleday,668709,641927,1,9,237.42,80.4,28,107.4,OAK,745644,0.62,2.39
2024-06-22,Marcell Ozuna,542303,573186,2,3,173.07,46.95,26,101.1,NYY,745731,0.03,2
2024-06-22,Travis d'Arnaud,518595,573186,2,55,212.91,84.37,32,98.9,NYY,745731,0.37,2.39
2024-06-22,Trent Grisham,663757,445926,0,57,23.15,101.67,39,96.5,NYY,745731,-0.64,2.84
2024-06-22,Aaron Judge,592450,450203,1,7,196.06,68.69,26,101.5,NYY,745731,0.78,2.82
2024-06-22,Dominic Canzone,686527,608638,2,37,230.88,66.35,32,106.7,MIA,746048,-0.02,2.32
2024-06-22,Gavin Lux,666158,668676,0,17,195.97,58.28,37,104.2,LAD,746132,0.3,2.41
2024-06-22,Shohei Ohtani,660271,668676,0,19,182.05,20.97,24,115.5,LAD,746132,0.17,2.12
2024-06-22,Logan O'Hoppe,681351,607192,2,53,179.76,43.6,32,106.3,LAD,746132,0.36,2.35
2024-06-22,Yordan Alvarez,670541,669203,2,25,80.64,35,29,106.7,HOU,746376,0.02,1.83
2024-06-22,Chas McCormick,676801,669203,1,38,30.18,60.34,36,110.2,HOU,746376,-0.27,2.86
2024-06-22,Chas McCormick,676801,641329,0,57,204.77,79.26,28,100.7,HOU,746376,0.36,2.02
2024-06-22,Jordan Westburg,676059,669854,1,9,60.06,60.04,27,99.1,HOU,746376,-0.63,2.35
2024-06-22,Korey Lee,686676,666214,0,45,22.01,68.68,26,107.5,DET,746459,0.09,2.41
2024-06-22,Brendan Rodgers,663898,680730,1,28,101.37,24.05,28,102.7,COL,746541,-0.17,3.02
2024-06-22,CJ Abrams,682928,615698,0,38,185.88,43.64,33,97.3,COL,746541,-0.23,1.61
2024-06-22,Hunter Goodman,696100,606930,0,57,24.77,47.6,26,106.2,COL,746541,0.03,2.71
2024-06-22,Luis García Jr.,671277,664875,1,63,144.9,20.92,25,104.9,COL,746541,0.4,2.26
2024-06-22,Ryan McMahon,641857,640451,0,66,31.61,83.79,41,98,COL,746541,0,2.4
2024-06-22,Davis Schneider,676914,594902,2,10,195.72,63.01,36,101.4,CLE,746622,0.56,2.5
2024-06-22,Bo Naylor,666310,621244,1,14,153.34,24.95,28,105.1,CLE,746622,0.03,2.7
2024-06-22,Isiah Kiner-Falefa,643396,594902,2,19,48.18,61.02,31,96,CLE,746622,-0.25,1.96
2024-06-22,José Ramírez,608070,621244,1,23,217.46,76.28,22,107.1,CLE,746622,0,2.35
2024-06-22,Steven Kwan,680757,621244,0,37,210.67,79.34,25,97,CLE,746622,0.08,2.33
2024-06-22,Daniel Schneemann,682177,650893,0,47,168.23,47.57,22,103,CLE,746622,0.13,3.52
2024-06-22,Isiah Kiner-Falefa,643396,605130,0,59,26.6,93.36,33,93.5,CLE,746622,0.01,1.9
2024-06-22,Elly De La Cruz,682829,601713,1,21,208.16,55.87,35,104.3,CIN,746700,0.24,2.4
2024-06-22,Dominic Smith,642086,593423,1,33,127.81,29.57,37,103,CIN,746700,-0.08,3
2024-06-22,Spencer Steer,668715,601713,2,7,15.73,76.3,30,105.1,CIN,746700,-0.37,2.23
2024-06-22,Christopher Morel,666624,656731,1,25,102.2,19.6,25,109.1,CHC,746863,-0.23,2.3
2024-06-22,Francisco Alvarez,682626,592791,0,36,95.93,26.21,24,107,CHC,746863,-0.32,3.08
2024-06-23,Josh Smith,669701,669674,0,52,210.89,69.12,36,102.2,TEX,745000,0.33,2.55
2024-06-23,Patrick Bailey,672275,543243,2,49,246.91,74.32,31,103.9,STL,745165,0.84,2.07
2024-06-23,Yandy Díaz,650490,694973,0,1,190.95,108.2,32,98.4,PIT,745485,0.2,2.46
2024-06-23,Bryan Reynolds,668804,650644,0,29,210.46,80.12,39,90.4,PIT,745485,0.42,2.78
2024-06-23,Byron Buxton,621439,663687,1,10,36.96,47.76,27,112.7,OAK,745648,0.72,3.19
2024-06-23,Jarred Kelenic,672284,641482,2,17,173.41,51.89,36,98.4,NYY,745727,-0.27,2.91
2024-06-23,Jesús Sánchez,660821,682243,1,25,174.39,32.06,31,107.5,MIA,746051,-0.44,2.93
2024-06-23,Luke Raley,670042,667725,2,31,16.27,89.16,30,104.2,MIA,746051,-0.24,2.41
2024-06-23,Nick Gordon,624503,682243,2,9,209.63,76.4,30,97.7,MIA,746051,-0.28,2.72
2024-06-23,Jordan Westburg,676059,664285,1,50,51.69,70.76,28,96.1,HOU,746373,-0.97,2.73
2024-06-23,Jose Altuve,514888,544150,0,6,90.79,29.85,29,107.9,HOU,746373,-0.05,1.49
2024-06-23,Akil Baddoo,668731,686563,2,10,197.75,59.9,21,109.3,DET,746457,0.29,2.8
2024-06-23,Riley Greene,682985,694363,0,19,57.07,67.37,35,98.2,DET,746457,-0.27,2.61
2024-06-23,Colt Keith,690993,686563,0,5,65.04,58.49,34,98.6,DET,746457,-0.31,3.12
2024-06-23,Zach McKinstry,656716,641771,1,61,197.21,69.83,40,99.2,DET,746457,0.16,2.25
2024-06-23,Michael Toglia,669911,663623,1,14,241.25,49.83,28,110.9,COL,746536,0.54,2.28
2024-06-23,Spencer Horwitz,687462,663474,0,22,242.39,97.11,28,102.9,CLE,746621,0.24,1.89
2024-06-23,Vladimir Guerrero Jr.,665489,663474,1,3,79.97,28.39,24,107.4,CLE,746621,-0.14,3.1
2024-06-23,Steven Kwan,680757,647315,0,38,192.23,62.25,34,97.2,CLE,746621,0.41,2.57
2024-06-23,Josh Naylor,647304,663893,2,41,186.62,44.7,32,102.3,CLE,746621,0.48,2.82
2024-06-23,Spencer Horwitz,687462,670766,0,43,139.14,32.67,28,105.6,CLE,746621,-0.3,2.09
2024-06-23,Connor Wong,657136,666157,0,24,40.02,63.52,24,105,CIN,746699,-0.5,1.86
2024-06-23,Rob Refsnyder,608701,608718,2,49,93.88,38.75,35,102.8,CIN,746699,0.44,3.17
2024-06-23,Francisco Lindor,596019,665871,1,17,88.14,49.84,24,101.4,CHC,746862,-0.54,2.53
2024-06-23,Brandon Nimmo,607043,665871,1,18,62.43,59.55,23,101.3,CHC,746862,-0.34,3.06
2024-06-23,Christopher Morel,666624,673380,0,56,146.85,30.49,25,106.9,CHC,746862,0.35,2.81
2024-06-23,Mark Vientos,668901,668338,1,61,118.18,16.41,28,109.3,CHC,746862,-0.02,2.56
2024-06-24,Cal Raleigh,663728,671737,1,26,180.24,36.36,25,110.1,TB,745078,-0.19,2.52
2024-06-24,Mitch Garver,641598,606965,0,52,50.12,64.38,23,107.6,TB,745078,-0.11,2.96
2024-06-24,Austin Riley,663586,458681,0,32,108.92,29.34,26,104.3,STL,745160,0.66,3.16
2024-06-24,Matt Chapman,656305,657006,0,41,36.88,58.19,25,111.2,SF,745323,-0.02,2.65
2024-06-24,Nick Ahmed,605113,657006,0,50,25.52,79.07,36,104.2,SF,745323,-0.09,2.84
2024-06-24,Nick Senzel,669222,660853,2,74,68.46,57.19,28,97.9,SD,745397,-0.58,2.23
2024-06-24,Adolis García,666969,665625,0,41,171.33,48.02,22,104.7,MIL,745974,-0.25,2.45
2024-06-24,Rhys Hoskins,656555,656641,0,49,19.86,76.11,29,105.4,MIL,745974,-0.03,3.27
2024-06-24,Tyler Nevin,663527,656288,1,13,106.27,37.08,32,101.2,LAA,746218,-0.1,3.11
2024-06-24,Taylor Ward,621493,665622,1,7,182.63,58.87,23,103.6,LAA,746218,-0.15,2.56
2024-06-24,Vinnie Pasquantino,686469,682610,0,30,214.04,70.03,40,101.9,KC,746298,0.2,1.87
2024-06-24,Salvador Perez,521692,682610,0,31,74.75,42.66,29,99.1,KC,746298,0.63,1.73
2024-06-24,Hunter Renfroe,592669,682610,1,50,10.07,65.17,24,111.6,KC,746298,-0.06,2.73
2024-06-24,Alec Bohm,664761,663554,0,4,67.57,54.82,22,103.7,DET,746458,0.3,2.3
2024-06-24,Bryce Harper,547180,663947,2,49,231.59,89.28,23,108.4,DET,746458,0.22,2.23
2024-06-24,Elly De La Cruz,682829,641726,1,55,124.78,21.16,33,112.2,CIN,746696,-0.01,2.55
2024-06-24,Oneil Cruz,665833,518585,2,61,196.82,26.99,24,112.3,CIN,746696,0.61,3.56
2024-06-24,Rafael Devers,646240,605135,2,28,230.83,52.14,29,109.9,BOS,746941,0.08,2.26
2024-06-24,Vladimir Guerrero Jr.,665489,663462,2,52,70.32,15.72,26,113.1,BOS,746941,-0.27,2.85
2024-06-24,David Hamilton,666152,663878,1,64,220.93,64.04,27,105.4,BOS,746941,0.23,2.07
2024-06-24,José Ramírez,608070,700249,0,43,107.77,25.61,21,109.8,BAL,747021,0.24,2.15
2024-06-25,Ty France,664034,641793,1,33,68.74,35.7,33,104.8,TB,745076,0.35,2.88
2024-06-25,Ben Rortvedt,666163,657508,1,48,174.99,48.2,29,103.7,TB,745076,0,3.77
2024-06-25,Yandy Díaz,650490,622491,0,5,3.98,92.37,31,107.3,TB,745076,-0.91,2.61
2024-06-25,Mitch Garver,641598,664208,0,51,38.87,73.61,25,103.6,TB,745076,0.18,2.01
2024-06-25,Isaac Paredes,670623,675989,2,70,28.81,83.48,32,95.6,TB,745076,0.43,1.9
2024-06-25,Jesse Winker,608385,800049,2,21,185.94,53.63,37,102.9,SD,745399,0.67,2.83
2024-06-25,Jurickson Profar,595777,571882,1,52,230.92,100.79,21,107.3,SD,745399,0.24,2.23
2024-06-25,Manny Machado,592518,669022,1,6,59.01,54.5,38,104.1,SD,745399,-0.55,2.25
2024-06-25,Mark Vientos,668901,543037,0,17,69.08,55.26,40,108.8,NYM,745806,-0.42,3.02
2024-06-25,Harrison Bader,664056,543037,1,19,15.74,68.75,24,107.6,NYM,745806,0,2.84
2024-06-25,Mark Vientos,668901,543037,0,35,174.39,51.33,20,108.3,NYM,745806,0.6,3.37
2024-06-25,Brandon Nimmo,607043,543037,2,39,209.43,68.46,23,104,NYM,745806,-0.32,2.05
2024-06-25,Juan Soto,665742,656849,0,41,198.42,43.52,22,109.9,NYM,745806,0.29,2.17
2024-06-25,Aaron Judge,592450,657585,2,74,168.1,47.15,41,109.4,NYM,745806,0.22,2.77
2024-06-25,Joey Ortiz,687401,571760,0,36,27.04,86.03,36,103,MIL,745973,-0.54,2.01
2024-06-25,Mickey Moniak,666160,687765,0,36,189.41,61.1,20,107.9,LAA,746213,-0.13,2.17
2024-06-25,Brent Rooker,667670,542881,1,42,12.41,72.13,29,107.2,LAA,746213,-0.32,2.42
2024-06-25,Taylor Ward,621493,656794,1,62,13.06,77.71,33,108.7,LAA,746213,-0.69,2.15
2024-06-25,Michael Toglia,669911,623352,1,69,39.3,71.03,28,99.8,HOU,746372,-0.83,2.11
2024-06-25,Bryce Harper,547180,671345,0,63,51.08,78.52,28,97.3,DET,746454,-0.18,3.09
2024-06-25,Bryan Reynolds,668804,668881,0,2,217.51,69.66,36,106.3,CIN,746697,0.37,2.43
2024-06-25,Jared Triolo,669707,571656,2,43,34.21,85.09,21,107.1,CIN,746697,-0.43,2.55
2024-06-25,Shohei Ohtani,660271,623167,0,1,187.1,59.77,31,93.8,CWS,746775,-0.6,2.63
2024-06-25,Freddie Freeman,518692,623167,1,24,42.51,78.58,29,98.2,CWS,746775,-0.49,1.91
2024-06-25,Andrew Benintendi,643217,676272,0,6,237.67,81.88,27,105,CWS,746775,0.08,2.32
2024-06-25,Rafael Devers,646240,592332,0,10,192.73,21.28,27,111.2,BOS,746943,0.18,2.88
2024-06-25,George Springer,543807,678394,1,23,177.12,50.52,32,102.3,BOS,746943,0.33,2.76
2024-06-25,Tyler O'Neill,641933,592332,0,52,8.83,58.52,30,113.1,BOS,746943,-0.79,2.1
2024-06-25,José Ramírez,608070,608344,2,38,99.93,35.38,28,101.7,BAL,747022,-0.57,2.03
2024-06-25,James McCann,543510,671106,0,40,48.51,47.35,30,102.7,BAL,747022,0.19,2.16
2024-06-25,Colton Cowser,681297,671106,0,41,168.91,26.4,25,108.3,BAL,747022,-0.06,2.86
2024-06-25,Anthony Santander,623993,656529,2,77,224.58,92.01,31,95.9,BAL,747022,-0.03,3.07
2024-06-25,Gunnar Henderson,683002,671106,2,9,160.35,41.6,19,106.9,BAL,747022,0.17,2.44
2024-06-25,Byron Buxton,621439,694297,0,33,55.65,50.62,25,106.1,AZ,747188,0.23,2.85
2024-06-25,Ketel Marte,606466,657746,0,5,231.11,86.22,23,103.2,AZ,747188,0.51,2.93
2024-06-25,Ryan Jeffers,680777,694297,1,50,31.18,83.97,40,101.9,AZ,747188,0.14,2.23
2024-06-26,Cal Raleigh,663728,542888,2,40,230.32,62.66,30,109.9,TB,745073,0.31,2.22
2024-06-26,Jarred Kelenic,672284,681517,1,51,194.92,49.17,33,103.3,STL,745157,0.6,2.07
2024-06-26,Michael Conforto,624424,669713,2,16,195.67,47.63,32,103.7,SF,745325,0.3,1.99
2024-06-26,David Villar,681584,669713,2,17,114.3,24.07,30,102.6,SF,745325,0.2,3.53
2024-06-26,Seiya Suzuki,673548,806185,2,37,154,26.5,28,109,SF,745325,0.28,2.64
2024-06-26,Luis Matos,682641,592767,2,41,53.68,65.46,31,96.2,SF,745325,-0.01,2.63
2024-06-26,Kyle Higashioka,543309,687792,2,15,24.94,82.68,26,107.2,SD,745400,0.28,2.59
2024-06-26,Kyle Higashioka,543309,663432,2,62,22.44,78.52,34,104.2,SD,745400,-0.61,2.1
2024-06-26,Francisco Alvarez,682626,661563,2,25,193.48,60.46,20,104.7,NYM,745808,0.19,3.3
2024-06-26,Aaron Judge,592450,664849,0,49,28.26,69.01,25,112.3,NYM,745808,-0.22,2.83
2024-06-26,Tyrone Taylor,621438,672782,2,59,66.46,50.02,18,107,NYM,745808,-0.43,2.11
2024-06-26,Harrison Bader,664056,672782,0,65,68.17,50.38,25,103.9,NYM,745808,0.28,2.5
2024-06-26,Jake Bauers,641343,543135,2,27,128.82,19.09,27,108,MIL,745975,-0.31,2.32
2024-06-26,Nathaniel Lowe,663993,572971,0,30,81.05,46.88,31,103.6,MIL,745975,0.6,2.16
2024-06-26,Jonah Heim,641680,572971,0,31,58.92,46.43,28,107.4,MIL,745975,0.07,1.98
2024-06-26,Jackson Chourio,694192,543135,2,39,133.43,81.78,16,87.8,MIL,745975,0.6,1.97
2024-06-26,Brandon Marsh,669016,672456,0,26,52,74.3,34,100.6,DET,746456,-0.18,2.31
2024-06-26,Matt Vierling,663837,605513,0,7,45.86,51.82,24,106.1,DET,746456,-0.04,1.94
2024-06-26,Rowdy Tellez,642133,668933,0,24,46.03,76.21,23,102.3,CIN,746695,0.04,3.54
2024-06-26,Andrew McCutchen,457705,668933,0,34,126.69,28.43,30,104.6,CIN,746695,-0.02,2.85
2024-06-26,Shohei Ohtani,660271,607200,0,1,177.22,29.32,26,113.9,CWS,746777,-0.35,2.98
2024-06-26,George Springer,543807,601713,1,46,36.89,55.55,36,108.2,BOS,746942,-0.39,3.2
2024-06-26,Jarren Duran,680776,657024,1,61,70.56,47.59,22,102.8,BOS,746942,-0.78,2.28
2024-06-26,Jhonkensy Noel,678877,680570,2,12,104.54,33.29,32,106.5,BAL,747019,0.34,3.47
2024-06-26,Gabriel Arias,672356,680570,0,34,9.34,89.6,24,108.1,BAL,747019,-0.59,2
2024-06-26,Gunnar Henderson,683002,471911,1,40,168.09,32.5,31,105.6,BAL,747019,0.06,1.77
2024-06-26,Cedric Mullins,656775,675540,0,53,232.79,86.44,38,100.7,BAL,747019,0.08,1.78
2024-06-26,Ryan O'Hearn,656811,675540,0,60,206.74,64.2,39,103.4,BAL,747019,-0.11,2.48
2024-06-26,Willi Castro,650489,676714,2,44,14.59,64.86,29,107.1,AZ,747184,-0.94,2.02
2024-06-27,George Springer,543807,607074,0,10,14.6,84.85,36,104.7,TOR,744919,-0.52,2.7
2024-06-27,George Springer,543807,607074,1,23,78.81,33.68,28,109.1,TOR,744919,0.23,2.73
2024-06-27,Trent Grisham,663757,621244,1,40,37.61,93.79,38,95.6,TOR,744919,-0.48,2.62
2024-06-27,Vladimir Guerrero Jr.,665489,641360,2,54,61.64,63.52,42,107.1,TOR,744919,-0.87,2.61
2024-06-27,Nolan Arenado,571448,671096,2,31,26.39,86.44,22,105.5,STL,745162,0.32,2.39
2024-06-27,Spencer Steer,668715,571945,2,36,21.65,60.87,35,98.2,STL,745162,-0.14,2.21
2024-06-27,Nico Hoerner,663538,663855,1,17,30.13,86.58,26,97.9,SF,745324,-0.29,2.26
2024-06-27,Ian Happ,664023,592426,1,76,151.15,40.3,30,101.2,SF,745324,0.22,2.5
2024-06-27,Rafael Marchán,665561,669432,2,34,14.61,74.96,31,101.9,PHI,745565,-0.61,2.46
2024-06-27,Jake Burger,669394,656546,0,64,28.69,82.29,39,99.6,PHI,745565,-0.41,3.18
2024-06-27,Miguel Sanó,593934,656427,0,11,94.22,38.1,38,108.5,LAA,746210,-0.2,2.55
2024-06-27,Willie Calhoun,641432,656427,2,27,171.23,37.43,27,105,LAA,746210,-0.29,2.71
2024-06-27,Luis Rengifo,650859,656427,2,36,198.4,52.3,29,102.1,LAA,746210,-0.07,1.39
2024-06-27,Luis Robert Jr.,673357,519242,2,7,23.72,98.84,31,102.2,CWS,746816,-0.63,2.16
2024-06-27,Heston Kjerstad,677008,592351,2,26,126.61,31.06,35,103.7,BAL,747020,-0.05,2.52
2024-06-27,Adolis García,666969,669203,0,28,6.97,85.1,27,103.5,BAL,747020,0.24,2.04
2024-06-27,Cedric Mullins,656775,592351,0,33,224.84,80.52,31,96.9,BAL,747020,0.35,1.47
2024-06-27,Adley Rutschman,668939,642546,0,58,212.92,68.95,29,98.7,BAL,747020,0.18,1.69
2024-06-27,Colton Cowser,681297,656271,0,69,88.59,37.02,24,104.3,BAL,747020,-0.03,3.09
2024-06-27,Byron Buxton,621439,543518,1,35,102.66,15.42,24,110.3,AZ,747185,0.58,2.48
2024-06-27,Ketel Marte,606466,701581,0,38,180.04,44.57,20,105.1,AZ,747185,-0.03,2.63
2024-06-28,Juan Soto,665742,579328,0,44,220.22,81.97,32,104.5,TOR,744922,0.48,2.5
2024-06-28,Gleyber Torres,650402,663878,0,47,44.57,65.9,31,98.4,TOR,744922,-1.13,2.57
2024-06-28,Isiah Kiner-Falefa,643396,543859,2,53,60.06,58.41,34,99.5,TOR,744922,-0.42,2.81
2024-06-28,Vladimir Guerrero Jr.,665489,596133,1,59,175.36,42.61,26,107.3,TOR,744922,0.26,2.74
2024-06-28,Jose Siri,642350,680730,0,13,9.77,81.63,30,108.6,TB,745070,-0.74,1.62
2024-06-28,Jose Siri,642350,606930,0,47,90.36,29.32,25,107.1,TB,745070,0.59,3.12
2024-06-28,Carlos Correa,621043,669302,0,39,52.34,61.68,37,105.7,SEA,745238,-0.63,1.83
2024-06-28,Luis Matos,682641,689017,1,37,89.54,37.06,23,102.9,SF,745319,0.32,2.77
2024-06-28,Matt Chapman,656305,543339,1,47,11.85,74.66,26,110.5,SF,745319,-0.36,2.68
2024-06-28,Brett Wisely,689172,595014,0,70,215.43,62.8,34,103.5,SF,745319,0.51,2.12
2024-06-28,Jose Altuve,514888,500779,0,1,57.3,48.72,25,107.4,NYM,745804,0.18,2.14
2024-06-28,Tyrone Taylor,621438,669854,1,35,181.14,50.92,29,101.7,NYM,745804,0.33,2.57
2024-06-28,Pete Alonso,624413,669854,1,50,77.4,36.35,32,106.5,NYM,745804,0.53,2.13
2024-06-28,Jeff McNeil,643446,669854,2,54,222.31,96.59,21,101.2,NYM,745804,0.16,1.74
2024-06-28,Seiya Suzuki,673548,607067,1,23,7.36,86.53,23,105.6,MIL,745970,-0.17,2.61
2024-06-28,Jackson Chourio,694192,592791,2,33,42.63,67.48,24,98.4,MIL,745970,0.12,2.03
2024-06-28,Luis Rengifo,650859,628317,0,5,95.61,41.07,27,101,LAA,746214,-0.03,2
2024-06-28,Logan O'Hoppe,681351,571946,2,62,36.25,54.7,30,105,LAA,746214,-0.42,2.59
2024-06-28,Salvador Perez,521692,663474,0,11,35.67,40.88,27,106.7,KC,746292,0.2,3.41
2024-06-28,Hunter Renfroe,592669,663474,0,12,236.33,81.51,27,101.6,KC,746292,0.56,3.9
2024-06-28,José Ramírez,608070,679525,2,3,227.1,53.06,33,106.6,KC,746292,-0.04,2.42
2024-06-28,Kyle Isbel,664728,658648,1,33,195.88,54.35,22,100.9,KC,746292,0.26,1.17
2024-06-28,Vinnie Pasquantino,686469,670766,1,70,227.92,66.46,37,99.5,KC,746292,0.14,2.39
2024-06-28,Brenton Doyle,686668,689672,1,39,40.49,60.33,28,107.7,CWS,746776,-0.08,2.33
2024-06-28,Michael Toglia,669911,621383,1,52,127.01,25.38,22,108.5,CWS,746776,-0.07,2.29
2024-06-28,Kyle Higashioka,543309,601713,0,34,84.08,34.47,27,105.6,BOS,746939,0,2.26
2024-06-28,Jackson Merrill,701538,669711,0,41,111.57,45.47,23,105.2,BOS,746939,-0.46,2.71
2024-06-28,Rafael Devers,646240,593974,0,53,137.64,21.63,29,109.5,BOS,746939,0.22,2.65
2024-06-28,Colton Cowser,681297,453286,1,29,196.2,49.26,21,109.4,BAL,747017,0.03,2.46
2024-06-28,Austin Riley,663586,527048,0,13,140.84,28.4,29,107.2,ATL,747105,0.78,2.24
2024-06-28,Lourdes Gurriel Jr.,666971,676664,0,49,19.69,62.34,33,106,AZ,747183,-0.25,3.13
2024-06-28,Tyler Soderstrom,691016,657044,0,61,40.41,67.74,28,104.9,AZ,747183,-0.27,2.44
2024-06-28,Brent Rooker,667670,676714,0,73,136.2,49.89,24,110,AZ,747183,0.08,1.98
2024-06-28,Shea Langeliers,669127,676714,0,74,29.17,75.59,23,104.4,AZ,747183,-0.39,2.27
2024-06-28,Daz Cameron,663662,676714,1,76,31.42,67.77,24,104,AZ,747183,0.11,2.24
2024-06-29,Austin Wells,669224,621016,0,74,184.32,56.3,37,101.6,TOR,744921,0.22,2.34
2024-06-29,Vladimir Guerrero Jr.,665489,641482,1,8,172.19,42.83,23,106.5,TOR,744921,0.73,2.37
2024-06-29,CJ Abrams,682928,650644,0,1,184,41.27,26,102.7,TB,745071,-0.47,2.78
2024-06-29,Brandon Lowe,664040,663623,1,8,190.38,47.87,29,104.1,TB,745071,-0.28,3.06
2024-06-29,Paul Goldschmidt,502671,686730,2,55,115.4,34.91,34,103.6,STL,745159,-0.23,3.7
2024-06-29,Mitch Haniger,571745,641154,0,20,49.61,63.72,23,103.7,SEA,745239,-0.21,2.52
2024-06-29,Byron Buxton,621439,663423,2,44,71.42,42.71,24,107.8,SEA,745239,0.03,2.97
2024-06-29,Shohei Ohtani,660271,675921,1,18,118.19,32.65,35,109.7,SF,745317,0.24,2.99
2024-06-29,Nick Gordon,624503,605400,2,10,212.83,87.09,27,93.8,PHI,745559,-0.16,2.03
2024-06-29,Garrett Stubbs,596117,682610,0,21,226.89,81.83,32,98.2,PHI,745559,-0.05,1.97
2024-06-29,Jake Meyers,676694,656731,1,10,221.68,94.8,35,98.8,NYM,745801,0.08,2.18
2024-06-29,Mark Vientos,668901,664285,1,27,115.25,25.65,20,108.8,NYM,745801,0.23,2
2024-06-29,Michael Busch,683737,668964,0,2,124.14,32.05,28,102.9,MIL,745972,-0.46,3.06
2024-06-29,Ian Happ,664023,606303,0,61,185.15,50.77,27,102.6,MIL,745972,0.44,1.81
2024-06-29,Jake Rogers,668670,656288,2,49,70.78,27.85,29,106.9,LAA,746211,0.25,2.64
2024-06-29,Logan O'Hoppe,681351,676684,0,68,81.59,42.16,20,111.1,LAA,746211,0.14,1.95
2024-06-29,Michael Massey,686681,676440,0,14,214.65,72.33,34,95.3,KC,746289,0.48,3.17
2024-06-29,Jhonkensy Noel,678877,666142,2,27,15.39,87.2,22,115.4,KC,746289,-0.14,2.71
2024-06-29,José Ramírez,608070,519293,1,50,36.54,60.05,23,108,KC,746289,0.76,2.5
2024-06-29,Vinnie Pasquantino,686469,676440,2,9,198.74,64.9,38,100.7,KC,746289,0.25,3.25
2024-06-29,Nolan Jones,666134,686563,1,30,214.97,81.54,22,111.9,CWS,746778,0.33,2.27
2024-06-29,Lenyn Sosa,672820,615698,2,36,173.77,49.03,31,101.2,CWS,746778,-0.08,2.35
2024-06-29,Luis Robert Jr.,673357,615698,0,43,108.8,9.12,29,111.8,CWS,746778,-0.05,2.38
2024-06-29,Paul DeJong,657557,615698,1,46,47.6,60.18,34,101.3,CWS,746778,-0.26,2.75
2024-06-29,Korey Lee,686676,666207,1,64,68.2,54.67,20,101.7,CWS,746778,-0.07,2.01
2024-06-29,Brendan Rodgers,663898,686563,1,8,37.18,79.04,18,110.1,CWS,746778,-0.14,2.46
2024-06-29,Manny Machado,592518,656557,2,19,64.33,47.97,35,106.6,BOS,746940,-0.63,2.1
2024-06-29,Jackson Merrill,701538,656557,0,25,78.2,48.7,30,106.4,BOS,746940,-0.15,2.46
2024-06-29,Manny Machado,592518,656557,0,36,107.85,29.42,26,104.8,BOS,746940,-0.33,1.98
2024-06-29,Brett Sullivan,664954,690544,2,40,230.33,96.53,28,97.9,BOS,746940,0.44,2.7
2024-06-29,Jarren Duran,680776,650633,0,50,214.14,67.69,27,105.4,BOS,746940,0.37,2.14
2024-06-29,Anthony Santander,623993,547179,0,13,200.26,36.3,22,108.7,BAL,747018,0,2.72
2024-06-29,Corey Seager,608369,700249,1,2,234.17,68.65,28,104.2,BAL,747018,0.26,2.33
2024-06-29,Derek Hill,656537,700249,1,35,98.94,34.19,31,99.2,BAL,747018,0.35,2.97
2024-06-29,Heston Kjerstad,677008,547179,2,44,157.59,42.49,39,105,BAL,747018,0.79,2.8
2024-06-29,Nathaniel Lowe,663993,641329,2,49,81.68,47.92,23,105.5,BAL,747018,-0.34,3.56
2024-06-29,Adolis García,666969,657097,1,65,90.16,42.76,38,104.5,BAL,747018,0.21,3.44
2024-06-29,Jarred Kelenic,672284,694973,0,6,225.41,87.81,26,101.8,ATL,747104,-0.21,3.4
2024-06-30,Aaron Judge,592450,592332,1,3,129.75,27.62,36,109.8,TOR,744916,-0.36,2.97
2024-06-30,Isaac Paredes,670623,571578,0,11,62.92,43,25,105.8,TB,745072,0.84,2.38
2024-06-30,José Caballero,676609,571578,1,14,33.01,80.55,25,101.1,TB,745072,0.37,2.57
2024-06-30,Randy Arozarena,668227,607179,2,55,28.56,57.7,25,106.2,TB,745072,0.44,1.4
2024-06-30,Trevor Larnach,663616,592773,1,66,159.62,38.22,24,103.4,SEA,745243,-0.33,2.47
2024-06-30,Matt Chapman,656305,572020,1,37,21.32,96.9,21,110.8,SF,745320,-0.78,2.44
2024-06-30,Chris Taylor,621035,702352,1,41,105.24,30.74,31,101.7,SF,745320,0.44,2.77
2024-06-30,Bryan De La Cruz,650559,624133,2,26,203.64,75.82,31,97,PHI,745555,0.49,2.29
2024-06-30,Alec Bohm,664761,630023,1,8,84.03,31.31,19,106.8,PHI,745555,-0.81,2.23
2024-06-30,Jon Singleton,572138,622663,2,10,164.67,44.9,35,102.3,NYM,745802,0.13,2.45
2024-06-30,Brandon Nimmo,607043,650556,2,57,74.38,40.42,23,104.5,NYM,745802,-0.29,2.87
2024-06-30,Nico Hoerner,663538,642547,0,1,46.81,65.29,38,99.4,MIL,745971,-0.33,2.42
2024-06-30,Christian Yelich,592885,543294,0,28,143.14,32.89,24,107.4,MIL,745971,-0.25,2.68
2024-06-30,Brice Turang,668930,543294,2,35,203.64,65.7,20,107.8,MIL,745971,0.31,2.38
2024-06-30,Justyn-Henry Malloy,669234,542881,2,28,121.74,51.83,33,102.3,LAA,746209,-0.04,2.67
2024-06-30,Carson Kelly,608348,681806,2,37,155.93,36.99,32,104.3,LAA,746209,0.22,2.63
2024-06-30,Zach Neto,687263,571946,2,71,16.95,70.09,31,104.3,LAA,746209,-0.38,3.58
2024-06-30,Jo Adell,666176,571946,2,73,101.54,27.01,32,107.5,LAA,746209,0.11,2.72
2024-06-30,Salvador Perez,521692,658648,1,57,21.65,79.82,24,102.8,KC,746290,0.23,1.54
2024-06-30,Andrew Vaughn,683734,607536,0,28,35.23,69.52,27,105.5,CWS,746779,-0.79,2.45
2024-06-30,Jarren Duran,680776,663362,0,37,226.58,93.21,22,109.6,BOS,746938,0.74,2.43
2024-06-30,Rafael Devers,646240,663362,2,7,36.12,82.58,37,97.7,BOS,746938,-0.58,2.6
2024-06-30,Derek Hill,656537,608344,2,11,70.61,40.52,26,103,BAL,747016,-0.49,2.15
2024-06-30,Derek Hill,656537,663989,1,43,93.75,25.33,30,107.5,BAL,747016,-0.21,2.01
2024-06-30,Wyatt Langford,694671,640454,0,69,10.19,82.03,23,107.4,BAL,747016,-0.82,3.19
2024-06-30,Oneil Cruz,665833,680885,2,37,188.54,47.58,24,117.3,ATL,747101,0.3,2.38
2024-06-30,Rowdy Tellez,642133,680885,2,39,,,25,108.9,ATL,747101,0.59,2.81
2024-06-30,Zack Gelof,680869,694297,0,33,186.49,57.46,34,100.7,AZ,747182,0.74,2.19
2024-07-01,J.D. Martinez,502110,640451,0,75,115.29,29.59,26,107.6,WSH,744840,-0.06,1.88
2024-07-01,Jose Iglesias,578428,607179,2,80,98.47,40.01,22,104.3,WSH,744840,0.2,1.65
2024-07-01,Jeremy Peña,665161,684320,2,30,28.32,78.13,23,104,TOR,744914,-0.14,2.77
2024-07-01,Yordan Alvarez,670541,647315,1,62,87.88,42.91,27,106.7,TOR,744914,-0.01,2.18
2024-07-01,Ernie Clement,676391,623352,2,67,69.8,45.53,28,102.6,TOR,744914,0.51,2.54
2024-07-01,Brenton Doyle,686668,669060,2,14,121.5,18.7,25,107.1,COL,746535,0.05,2.65
2024-07-01,Charlie Blackmon,453568,669060,1,20,170.07,30.03,25,104.1,COL,746535,-0.22,2.17
2024-07-01,William Contreras,661388,596295,2,37,218.63,70.85,22,104.9,COL,746535,0.71,2.8
2024-07-01,Brenton Doyle,686668,665625,2,70,216.99,73.52,31,100.8,COL,746535,0.08,2.76
2024-07-02,Francisco Lindor,596019,687792,0,41,34.44,63.21,31,100.5,WSH,744838,-0.51,2.67
2024-07-02,Pete Alonso,624413,676395,2,76,41.62,66.97,28,98,WSH,744838,-0.36,2.05
2024-07-02,Spencer Horwitz,687462,681293,2,22,225.75,82.59,34,101.6,TOR,744913,0.58,1.78
2024-07-02,George Springer,543807,681293,2,25,33.09,76.25,28,102.7,TOR,744913,-0.25,2.13
2024-07-02,Yordan Alvarez,670541,621244,2,42,222.43,74.4,30,104.4,TOR,744913,-0.71,1.94
2024-07-02,Nathaniel Lowe,663993,656302,0,22,54.16,61.38,28,101.5,TEX,744999,0.35,2.04
2024-07-02,Nathaniel Lowe,663993,656302,1,6,205.21,70.21,32,97.9,TEX,744999,-0.53,3.73
2024-07-02,Alec Burleson,676475,656605,1,18,227.22,89.13,38,101.7,PIT,745482,-0.19,3.56
2024-07-02,Nolan Gorman,669357,656605,0,27,74.39,38.84,31,103.5,PIT,745482,-0.69,2.69
2024-07-02,Jack Suwinski,669261,502043,1,42,192.26,29.54,31,107.5,PIT,745482,0.2,2.17
2024-07-02,Andrew McCutchen,457705,502043,2,44,145.94,35.8,25,101.7,PIT,745482,0.45,3.06
2024-07-02,Brent Rooker,667670,667755,1,27,157.48,38.42,34,108.7,OAK,745647,0.3,1.97
2024-07-02,Lawrence Butler,671732,667755,2,31,23.72,103.6,27,98.3,OAK,745647,-0.1,2.88
2024-07-02,Will Benson,666181,661563,0,34,140.43,33.17,30,104.7,NYY,745730,0.03,2.71
2024-07-02,Elly De La Cruz,682829,657571,0,36,91.41,30.4,21,114.1,NYY,745730,-0.61,2.07
2024-07-02,Aaron Judge,592450,594580,2,62,32.53,75.78,25,112.5,NYY,745730,-0.16,2.33
2024-07-02,Justyn-Henry Malloy,669234,680573,0,31,36.44,62.22,41,106.4,MIN,745886,-0.82,2.44
2024-07-02,Ryan Kreidler,668952,680573,1,34,42.26,67.43,28,103.4,MIN,745886,-0.52,2.47
2024-07-02,Manuel Margot,622534,669373,2,39,77.14,42.07,31,103.2,MIN,745886,0.26,2.1
2024-07-02,Carlos Correa,621043,689225,0,60,51.47,45.46,34,104.6,MIN,745886,0.22,2.63
2024-07-02,Ceddanne Rafaela,678882,678368,1,28,53.71,63.58,37,103.8,MIA,746047,0.28,2.75
2024-07-02,Jake Burger,669394,676710,0,37,49.57,55.02,27,104.6,MIA,746047,0.27,2.3
2024-07-02,Jesús Sánchez,660821,677161,0,56,141.1,17.81,24,112.5,MIA,746047,-0.19,2.55
2024-07-02,Jarren Duran,680776,608638,2,64,173.44,29.78,25,107.5,MIA,746047,0.45,2.43
2024-07-02,Christian Walker,572233,676272,0,27,107.57,37.69,32,107.1,LAD,746133,0.13,2.81
2024-07-02,Shohei Ohtani,660271,679885,0,60,182.52,32.5,37,112,LAD,746133,0.42,3.22
2024-07-02,Joc Pederson,592626,623465,1,74,229.74,83.89,24,107.5,LAD,746133,0.12,3.46
2024-07-02,Bobby Witt Jr.,677951,687330,1,46,8.61,86.3,24,108,KC,746282,-0.54,1.67
2024-07-02,Brandon Lowe,664040,623433,0,68,221.17,50.71,31,108,KC,746282,0.04,2.07
2024-07-02,Brenton Doyle,686668,572971,0,15,16.85,96.45,27,95.1,COL,746537,-0.57,2.11
2024-07-02,Daniel Schneemann,682177,623167,2,22,,,28,108.3,CLE,746623,0.47,2.64
2024-07-02,Andrew Vaughn,683734,471911,2,3,81.64,35.86,34,103.5,CLE,746623,-0.26,2.58
2024-07-02,Luis Robert Jr.,673357,471911,0,39,31.3,86.06,28,96.7,CLE,746623,-0.63,2.79
2024-07-02,Tyler Freeman,671289,623167,2,47,19.02,97.83,29,95.9,CLE,746623,0.35,1.85
2024-07-02,Trea Turner,607208,669713,0,19,71.39,36.9,20,108.5,CHC,746860,-0.19,2.37
2024-07-02,Trea Turner,607208,669713,0,36,50.3,37.61,27,107.3,CHC,746860,-0.42,2.59
2024-07-02,Seiya Suzuki,673548,614179,0,69,97.66,46.8,40,104.9,CHC,746860,-0.23,2.29
2024-07-02,Austin Riley,663586,806185,1,14,22.92,69.15,36,108.3,ATL,747102,-0.15,3.3
2024-07-02,Sean Murphy,669221,806185,1,15,79.54,30.82,23,107.9,ATL,747102,0.21,2.34
2024-07-02,Jorge Soler,624585,625643,0,34,36.71,66.34,21,109,ATL,747102,-0.45,2.93
2024-07-02,LaMonte Wade Jr.,664774,625643,0,35,196.44,33.8,31,105.4,ATL,747102,-0.02,1.56
2024-07-02,Heliot Ramos,671218,445926,1,70,230.6,93.32,26,98,ATL,747102,-0.09,3.29
2024-07-03,Tyrone Taylor,621438,680730,0,14,8.85,77.04,36,108.8,WSH,744837,-0.57,2.74
2024-07-03,Mark Vientos,668901,680730,2,24,127.79,23.02,31,106,WSH,744837,0.16,3.17
2024-07-03,Francisco Lindor,596019,680730,2,33,69.53,44.59,22,107,WSH,744837,0.04,1.6
2024-07-03,Luis García Jr.,671277,681035,2,47,218.27,66.54,29,104.4,WSH,744837,0.25,2.37
2024-07-03,Luis García Jr.,671277,686654,1,63,117.53,28.04,22,107.1,WSH,744837,0.24,2.2
2024-07-03,Yordan Alvarez,670541,579328,0,40,224.35,96.14,24,109.6,TOR,744915,0.79,2.75
2024-07-03,Manny Machado,592518,592351,2,19,76.69,69.58,21,106,TEX,744998,0.43,2.29
2024-07-03,David Peralta,444482,641540,1,61,169.57,31.66,21,106.9,TEX,744998,0.22,2.09
2024-07-03,Ryan O'Hearn,656811,669302,1,36,218.36,75.93,27,100.1,SEA,745234,0.61,2.44
2024-07-03,Cal Raleigh,663728,669211,1,48,82.1,33.37,27,104.9,SEA,745234,0.56,2.46
2024-07-03,Rowdy Tellez,642133,606149,0,50,26.27,103.91,26,95.7,PIT,745487,0.05,2.64
2024-07-03,Willson Contreras,575929,670059,1,58,88.16,32.38,24,104.2,PIT,745487,-0.41,2.15
2024-07-03,Max Schuemann,680474,669721,1,36,25.47,83.85,42,102.7,OAK,745643,-0.54,3.06
2024-07-03,Brent Rooker,667670,669721,0,42,38.25,67.72,22,110.4,OAK,745643,-0.19,2.66
2024-07-03,Noelvi Marte,682622,607074,1,10,2.81,94.43,25,111.5,NYY,745728,-0.49,2.21
2024-07-03,Stuart Fairchild,656413,607074,0,33,18.58,98.06,34,97.3,NYY,745728,-0.04,2.24
2024-07-03,Carson Kelly,608348,701581,2,21,38.31,68.63,40,103.5,MIN,745888,-0.06,3.68
2024-07-03,Wenceel Pérez,672761,701581,2,22,168.64,38.57,26,102.6,MIN,745888,0.06,2.84
2024-07-03,Christian Vázquez,543877,672456,0,25,88.36,39.14,25,101.5,MIN,745888,-0.03,2.71
2024-07-03,Riley Greene,682985,701581,0,39,226.87,57.44,26,111.8,MIN,745888,0.35,2.31
2024-07-03,Matt Vierling,663837,681892,2,72,44.76,65.08,21,108.9,MIN,745888,-0.64,2.37
2024-07-03,Teoscar Hernández,606192,691441,0,10,66.51,53.29,36,104.4,LAD,746128,-0.71,3.08
2024-07-03,Gabriel Moreno,672515,694813,2,28,167.84,47.84,33,103.3,LAD,746128,0.17,2.47
2024-07-03,Christian Walker,572233,642232,2,37,45.37,68.68,27,97.5,LAD,746128,-0.43,2.3
2024-07-03,Lourdes Gurriel Jr.,666971,670990,2,54,30.78,51.79,31,107.1,LAD,746128,-0.98,2.55
2024-07-03,Christian Walker,572233,656848,2,81,65.49,49.88,37,108.6,LAD,746128,-0.28,2.7
2024-07-03,Freddie Freeman,518692,691441,0,9,149.08,40.11,31,106.4,LAD,746128,-0.32,2.18
2024-07-03,Isaac Paredes,670623,608379,2,3,6.83,88.49,29,105.4,KC,746283,-0.06,2.68
2024-07-03,Christian Yelich,592885,641712,2,3,217.02,70.01,23,111.9,COL,746534,-0.01,2.85
2024-07-03,Brayan Rocchio,677587,605121,2,61,218.94,81.33,23,102.6,CLE,746617,-0.1,2.12
2024-07-03,Martín Maldonado,455117,682120,0,64,16.27,93.81,30,95.8,CLE,746617,-0.76,1.99
2024-07-03,Rafael Marchán,665561,684007,1,18,75.56,39.14,28,102.8,CHC,746858,-0.23,2.13
2024-07-03,Alec Bohm,664761,684007,0,43,93.67,35.18,29,103.7,CHC,746858,-0.37,1.62
2024-07-04,Jesse Winker,608385,605288,1,56,179.85,43.32,26,103.4,WSH,744834,0.46,2.2
2024-07-04,Jeremy Peña,665161,670950,1,58,17.71,88.49,32,99.8,TOR,744912,-0.09,2.06
2024-07-04,Jurickson Profar,595777,453286,1,39,219.84,86.4,22,107.9,TEX,744996,0.16,1.93
2024-07-04,Gunnar Henderson,683002,682243,0,17,44.28,69.22,24,104.4,SEA,745236,0.21,3.28
2024-07-04,Julio Rodríguez,677594,669203,0,36,104.72,27.02,25,108.6,SEA,745236,-0.65,2.02
2024-07-04,Mitch Garver,641598,669211,2,58,86.42,41.51,25,101.5,SEA,745236,-0.24,3.44
2024-07-04,Jordan Westburg,676059,663423,2,62,100.55,38.22,27,107.9,SEA,745236,-0.25,2.81
2024-07-04,Bryan Reynolds,668804,669467,0,26,124.44,26.08,28,107.8,PIT,745484,0.17,1.94
2024-07-04,Lawrence Butler,671732,665896,2,67,101.88,38.97,28,106.6,OAK,745641,0.09,2.46
2024-07-04,Nick Martini,605361,573186,2,10,168.27,48.72,25,100.7,NYY,745726,0.6,2.57
2024-07-04,Jonathan India,663697,573186,1,16,54.55,53.91,34,103.3,NYY,745726,0.06,2.37
2024-07-04,Spencer Steer,668715,573186,2,37,216.11,92.49,24,98.4,NYY,745726,0.53,2.37
2024-07-04,Austin Wells,669224,593423,0,39,171.62,33.97,28,103.6,NYY,745726,0.34,2.31
2024-07-04,Ben Rice,700250,593423,2,42,213.98,59.15,26,105.6,NYY,745726,0.38,2.36
2024-07-04,Juan Soto,665742,607259,2,62,100.55,26.21,29,110.5,NYY,745726,-0.17,2.38
2024-07-04,Colt Keith,690993,641927,1,2,210.27,47.55,32,106.2,MIN,745890,0.5,2.66
2024-07-04,Ryan Jeffers,680777,628317,2,41,18.04,95.06,27,99,MIN,745890,-0.11,1.42
2024-07-04,Jesús Sánchez,660821,677161,0,84,158.26,27.37,28,109.6,MIA,746043,0.56,2.34
2024-07-04,Christian Walker,572233,689017,2,22,18.61,80.04,28,106.8,LAD,746126,-0.28,3.45
2024-07-04,Joc Pederson,592626,689017,2,3,195.87,63.03,27,100.3,LAD,746126,-0.51,2.26
2024-07-04,Christian Walker,572233,689017,2,4,84.21,27.68,23,109.6,LAD,746126,0.07,1.73
2024-07-04,Jonny DeLuca,676356,679525,0,10,12.04,92.5,24,104.8,KC,746285,0.18,3.14
2024-07-04,Michael Massey,686681,621107,1,16,233.03,76.71,24,103.7,KC,746285,0.48,2.14
2024-07-04,Brandon Lowe,664040,519293,2,52,201.8,45.85,31,103.5,KC,746285,0.17,2.1
2024-07-04,Bobby Witt Jr.,677951,664126,2,89,18.74,77.88,26,104.6,KC,746285,-0.5,2.78
2024-07-04,Jake Cave,595909,668964,1,52,122.61,25.03,31,103.8,COL,746532,0.73,2.44
2024-07-04,Steven Kwan,680757,694363,0,24,203.85,69.58,37,100.4,CLE,746619,0.66,2.14
2024-07-04,Paul DeJong,657557,594902,2,53,155.34,42.99,24,105,CLE,746619,0.21,2.86
2024-07-04,Lenyn Sosa,672820,680704,2,78,8.66,86.76,26,110.7,CLE,746619,-0.55,2.41
2024-07-04,Nick Castellanos,592206,592791,2,25,43.94,55.81,25,108.4,CHC,746857,0.04,2.73
2024-07-04,Ian Happ,664023,650911,0,29,54.16,62.44,19,112,CHC,746857,-0.17,2.11
2024-07-04,Ian Happ,664023,622554,0,41,220.48,59.49,33,108.8,CHC,746857,0.76,1.92
2024-07-04,Heliot Ramos,671218,450203,0,25,131.14,27.36,34,107.3,ATL,747103,0,1.97
2024-07-04,Matt Chapman,656305,450203,1,27,89.1,35.99,18,111,ATL,747103,-0.32,2.47
2024-07-05,Luis García Jr.,671277,543243,2,27,94.99,44.07,30,99.3,WSH,744836,-0.29,2.1
2024-07-05,Willson Contreras,575929,640448,1,75,159.6,37.81,28,101.5,WSH,744836,-0.07,2.57
2024-07-05,Kevin Kiermaier,595281,622491,1,41,206.07,68.04,25,105.1,SEA,745237,0.3,3.12
2024-07-05,Joc Pederson,592626,681190,1,3,129.9,32.98,25,105,SD,745398,-0.24,2.11
2024-07-05,Kyle Higashioka,543309,682175,1,51,58.6,59.37,30,104.7,SD,745398,-0.47,2.19
2024-07-05,Alek Thomas,677950,663158,1,72,174.04,38.6,24,107.9,SD,745398,-0.1,2.87
2024-07-05,Randal Grichuk,545341,663158,2,75,21.46,85.87,27,99.1,SD,745398,-0.48,2.77
2024-07-05,Jurickson Profar,595777,623149,0,78,191.4,56.73,36,104.4,SD,745398,-0.04,1.99
2024-07-05,Manny Machado,592518,623149,0,80,52.64,46.35,29,102.3,SD,745398,-0.7,2.35
2024-07-05,Jeff McNeil,643446,694973,0,16,215.09,68.17,27,101.3,PIT,745479,-0.49,3.08
2024-07-05,Rowdy Tellez,642133,622663,0,30,194.37,40.87,22,107.8,PIT,745479,0.1,2.08
2024-07-05,Jack Suwinski,669261,622663,1,32,201.38,58.27,32,99,PIT,745479,0.61,3.05
2024-07-05,Bryan Reynolds,668804,622663,1,40,186.21,46.91,27,105.8,PIT,745479,0.29,3.52
2024-07-05,Bryan Reynolds,668804,518617,0,56,168.72,37.5,21,107.4,PIT,745479,0.15,2.82
2024-07-05,Yasmani Grandal,518735,686654,1,65,145.04,33.17,28,104.6,PIT,745479,-0.19,2.58
2024-07-05,Michael A. Taylor,572191,686654,1,66,223.02,90.48,25,101.7,PIT,745479,-0.32,2.64
2024-07-05,Rowdy Tellez,642133,686654,1,70,99.94,25.04,24,105.3,PIT,745479,-0.03,1.88
2024-07-05,Shea Langeliers,669127,544150,0,53,107.88,33.54,26,102.1,OAK,745639,-0.5,3.3
2024-07-05,Miguel Andujar,609280,544150,1,6,35.06,63.16,20,109.8,OAK,745639,0.22,2.06
2024-07-05,Romy Gonzalez,663853,641482,0,33,49.8,50.96,24,108.2,NYY,745725,-0.1,2.82
2024-07-05,Masataka Yoshida,807799,605280,2,68,213.23,59.35,26,103.3,NYY,745725,0.25,1.78
2024-07-05,Ceddanne Rafaela,678882,592454,0,73,140.97,32.86,28,103.3,NYY,745725,0.27,2.42
2024-07-05,Jose Miranda,669304,681869,1,27,,,25,106.7,MIN,745884,-0.9,2.56
2024-07-05,Alex Bregman,608324,681892,0,85,16.5,76.1,31,102.5,MIN,745884,-0.93,1.73
2024-07-05,Carlos Correa,621043,623352,2,98,49.11,73.55,37,96.6,MIN,745884,-1.11,3.09
2024-07-05,Will Smith,669257,650644,1,20,64.89,44.61,34,103.9,LAD,746127,0.37,2.69
2024-07-05,Rhys Hoskins,656555,607192,1,28,97.14,43.68,30,99.3,LAD,746127,-0.01,3.11
2024-07-05,Miguel Vargas,678246,650644,1,33,30.49,88.58,25,102.2,LAD,746127,-0.55,3.12
2024-07-05,Will Smith,669257,650644,1,5,174.3,48.54,33,100.5,LAD,746127,0.51,2.67
2024-07-05,Will Smith,669257,663542,2,56,21.03,77.67,34,104.2,LAD,746127,-0.84,1.83
2024-07-05,Michael Toglia,669911,666142,1,21,53.98,62.19,40,100.9,COL,746533,-0.67,2.17
2024-07-05,Josh Naylor,647304,702352,0,33,130.63,26.43,30,105.5,CLE,746620,-0.18,2.45
2024-07-05,Parker Meadows,678009,686730,0,14,227.32,66.45,39,105.2,CIN,746693,0.7,3.39
2024-07-05,Colt Keith,690993,686730,2,17,204.84,51.01,34,104.2,CIN,746693,0.5,2.17
2024-07-05,Colt Keith,690993,686730,1,32,222.62,60.58,31,108.8,CIN,746693,0.41,2.59
2024-07-05,Spencer Steer,668715,681857,0,38,23.97,59.09,32,106.1,CIN,746693,-0.12,2.43
2024-07-05,Riley Greene,682985,608718,0,52,221.05,66.54,40,106.3,CIN,746693,0.77,2.54
2024-07-05,Seiya Suzuki,673548,656288,2,8,145.97,31.71,22,104.6,CHC,746859,-0.33,2.72
2024-07-05,Trea Turner,607208,608331,2,29,40.67,54.86,32,102.2,ATL,747097,0.14,2.37
2024-07-05,Austin Riley,663586,605400,1,35,137.3,31.76,30,103.5,ATL,747097,-0.59,2.28
2024-07-05,Trea Turner,607208,608331,1,47,42.12,31.9,29,108.4,ATL,747097,-0.28,2.43
2024-07-05,Ozzie Albies,645277,605400,1,51,227.54,79.57,24,107.4,ATL,747097,-0.24,2.87
2024-07-05,Marcell Ozuna,542303,621237,2,73,190.02,46.12,27,107,ATL,747097,0.38,2.97
2024-07-06,James Wood,695578,458681,2,19,35.75,72.48,31,103.3,WSH,744835,-0.18,3.22
2024-07-06,CJ Abrams,682928,458681,0,4,146.64,32.23,24,104.6,WSH,744835,-0.05,1.99
2024-07-06,Keibert Ruiz,660688,458681,1,8,187.06,47.62,24,103.1,WSH,744835,-0.29,2.49
2024-07-06,Yandy Díaz,650490,656641,2,52,38.53,81.88,25,99,TEX,744995,0.31,2.78
2024-07-06,Marcus Semien,543760,687330,2,58,58.7,41.55,26,105.3,TEX,744995,-0.45,2.57
2024-07-06,Mitch Haniger,571745,670950,0,68,78.91,41.27,33,108.1,SEA,745235,-0.22,2.33
2024-07-06,Luke Raley,670042,643338,1,77,236.2,90.69,24,113.3,SEA,745235,0.41,2.69
2024-07-06,Lourdes Gurriel Jr.,666971,663362,0,27,52.18,53.71,32,98.5,SD,745395,0.28,2.6
2024-07-06,Oneil Cruz,665833,656849,2,36,,,27,114.4,PIT,745476,0.19,2.37
2024-07-06,Max Schuemann,680474,700249,0,16,25.19,76.71,37,103.2,OAK,745642,-0.57,2.84
2024-07-06,Shea Langeliers,669127,622253,2,35,18.27,69.55,25,107.9,OAK,745642,-0.94,3.04
2024-07-06,Tyler Nevin,663527,608344,1,43,50.98,48.44,27,107.9,OAK,745642,0.02,2.49
2024-07-06,Adley Rutschman,668939,672552,0,69,25.87,88.8,25,100.8,OAK,745642,-0.9,2.51
2024-07-06,Brent Rooker,667670,700249,0,7,72.33,39.92,28,102.6,OAK,745642,-0.4,1.8
2024-07-06,Kyle McCann,668832,543510,2,88,153.76,26.72,34,100.6,OAK,745642,-0.7,3.83
2024-07-06,Ryan Mountcastle,663624,519008,1,91,100.98,30.86,32,107.6,OAK,745642,0.14,2.45
2024-07-06,Alex Verdugo,657077,670174,1,30,141.36,28.85,28,103.1,NYY,745724,-0.04,2.83
2024-07-06,Ben Rice,700250,670174,0,4,240.02,88.23,30,105.1,NYY,745724,0.24,2.94
2024-07-06,Rafael Devers,646240,543037,1,41,167.6,25.23,36,110.2,NYY,745724,0.37,2.93
2024-07-06,Ben Rice,700250,502624,2,52,205.88,54.76,32,103.7,NYY,745724,-0.04,2.57
2024-07-06,Ben Rice,700250,502624,1,68,180.65,44.1,22,110.8,NYY,745724,-0.05,2.51
2024-07-06,Brooks Lee,686797,686613,1,29,194.89,54.64,26,99.8,MIN,745885,0.77,1.98
2024-07-06,Jon Singleton,572138,657746,1,35,175.5,42.34,25,101,MIN,745885,-0.56,2.11
2024-07-06,Byron Buxton,621439,606160,1,64,28.18,86.32,25,100.7,MIN,745885,-0.1,2.64
2024-07-06,Dane Myers,667472,647336,0,59,95.59,31.79,28,105,MIA,746044,0.3,2.84
2024-07-06,Rhys Hoskins,656555,572020,2,30,36.58,71.58,30,100,LAD,746129,0.16,3.34
2024-07-06,Christian Yelich,592885,623465,1,64,115.06,25.71,22,108.4,LAD,746129,0.16,2.2
2024-07-06,Miguel Vargas,678246,663542,0,67,58.58,66.21,42,103.3,LAD,746129,-0.75,2.38
2024-07-06,Shohei Ohtani,660271,663542,1,69,164.35,29.22,23,109.9,LAD,746129,0.43,1.96
2024-07-06,Will Smith,669257,642547,0,7,194.58,66.24,37,101.6,LAD,746129,0.03,2.75
2024-07-06,Brenton Doyle,686668,607625,0,13,185.89,44.82,28,101.3,COL,746529,0.14,2.17
2024-07-06,Vinnie Pasquantino,686469,596295,2,43,157.77,25.91,25,102.7,COL,746529,0.08,3.28
2024-07-06,Steven Kwan,680757,690986,1,19,141.79,34.7,29,99.1,CLE,746615,0.26,2.61
2024-07-06,Jhonkensy Noel,678877,592426,1,54,30.03,79.39,24,101.8,CLE,746615,-0.51,2.36
2024-07-06,Wenceel Pérez,672761,518585,1,53,199.37,49.37,26,104.4,CIN,746694,0.06,2.35
2024-07-06,Spencer Steer,668715,671345,0,69,96.51,29.59,23,102.6,CIN,746694,-0.35,2.22
2024-07-06,Jo Adell,666176,592767,1,41,64.17,35.61,25,110.2,CHC,746856,0.15,1.74
2024-07-06,Ozzie Albies,645277,624133,0,40,32.18,56.67,22,113.7,ATL,747099,-0.2,2.15
2024-07-06,Marcell Ozuna,542303,624133,2,8,124,31.51,25,106,ATL,747099,-0.15,1.34
2024-07-07,Willson Contreras,575929,571882,0,55,33.46,68.01,23,108.9,WSH,744832,0.49,2.74
2024-07-07,José Caballero,676609,543135,1,18,49.48,50.07,26,103.7,TEX,744993,-0.25,2.25
2024-07-07,Corey Seager,608369,641793,2,34,215.31,72.23,27,102.6,TEX,744993,0.13,2.13
2024-07-07,Jonah Heim,641680,670955,2,54,214.42,68.01,35,102.8,TEX,744993,0.42,3.18
2024-07-07,Robbie Grossman,543257,621363,0,59,24.17,101.72,37,92.2,TEX,744993,0.08,2.95
2024-07-07,Victor Robles,645302,621244,0,22,16.46,65.57,28,108.3,SEA,745233,-0.76,2.63
2024-07-07,Mitch Garver,641598,621244,1,41,49.74,52.68,29,102.8,SEA,745233,-0.14,3.05
2024-07-07,George Springer,543807,592773,1,54,172.85,44.19,33,106.9,SEA,745233,0.26,2.96
2024-07-07,Corbin Carroll,682998,656302,0,1,200.25,56.25,22,108,SD,745391,-0.02,3.31
2024-07-07,Eugenio Suárez,553993,656302,2,46,39.91,85.1,26,98.3,SD,745391,-0.65,2.66
2024-07-07,Jurickson Profar,595777,669194,1,6,215.8,80.87,20,108.3,SD,745391,0.12,2.98
2024-07-07,Anthony Santander,623993,687765,2,3,227.46,91.91,37,103.1,OAK,745637,0.32,1.94
2024-07-07,Heston Kjerstad,677008,687765,2,6,99.49,34.42,22,107.4,OAK,745637,-0.17,2.37
2024-07-07,Rafael Devers,646240,661563,1,41,53.16,67,37,103.8,NYY,745723,-0.22,2.45
2024-07-07,Ceddanne Rafaela,678882,596133,2,50,26.55,64.05,31,106.1,NYY,745723,-0.14,2.37
2024-07-07,Rafael Devers,646240,543859,1,58,154.11,30.12,27,107,NYY,745723,-1.5,3.29
2024-07-07,Christian Vázquez,543877,623352,0,71,33.69,84.9,41,101.8,MIN,745883,-0.16,2.21
2024-07-07,Danny Mendick,664901,665795,2,29,49.61,59.06,32,102.4,MIA,746039,-0.5,2.51
2024-07-07,Jake Burger,669394,656629,2,81,71.4,36.67,26,110.3,MIA,746039,0.05,3.39
2024-07-07,Christian Yelich,592885,680736,1,27,119.69,29.99,27,107.2,LAD,746122,-0.38,2.95
2024-07-07,Eric Haase,606992,680736,2,38,189.56,61.8,23,103.3,LAD,746122,-0.11,2.16
2024-07-07,Chris Taylor,621035,596001,1,51,43.35,57.67,25,106.1,LAD,746122,-0.12,1.99
2024-07-07,Blake Perkins,663368,642232,0,54,21.1,82.31,36,104,LAD,746122,-0.36,3.39
2024-07-07,Maikel Garcia,672580,685299,1,11,50.02,64.29,25,101.1,COL,746530,-0.14,1.7
2024-07-07,MJ Melendez,669004,685299,1,46,225.33,77.8,34,97.6,COL,746530,-0.59,2.43
2024-07-07,Bobby Witt Jr.,677951,621389,1,69,12.86,89.66,21,112,COL,746530,-0.85,2.23
2024-07-07,Michael Conforto,624424,471911,1,10,233.14,55.16,27,107.7,CLE,746616,0.49,1.42
2024-07-07,Bo Naylor,666310,663546,2,52,226.48,82.81,36,99,CLE,746616,0.71,2.59
2024-07-07,Zach McKinstry,656716,664747,2,59,178.68,51.68,37,101.8,CIN,746691,0.51,1.94
2024-07-07,Michael Busch,683737,519043,2,53,221.75,85.43,30,102.4,CHC,746855,0.19,2.24
2024-07-07,Adam Duvall,594807,675650,0,15,17.71,75.97,40,108.9,ATL,747098,-0.33,3.09
2024-07-07,Jarred Kelenic,672284,675650,0,18,197.2,40.96,37,103.6,ATL,747098,-0.51,2.86
2024-07-07,Matt Olson,621566,675650,2,21,161.24,28.41,22,108.4,ATL,747098,0.59,1.53
2024-07-07,Eli White,642201,663969,2,50,33,77.3,28,102.3,ATL,747098,-0.62,1.99
2024-07-08,Paul Goldschmidt,502671,680730,0,24,44.55,51.49,35,107.7,WSH,744833,0.03,2.87
2024-07-08,Alec Burleson,676475,606930,0,56,187.31,46.21,26,100.4,WSH,744833,0.23,1.73
2024-07-08,Oneil Cruz,665833,681035,1,26,84.93,29.26,28,109.6,PIT,745480,-0.53,2.43
2024-07-08,Brandon Nimmo,607043,656605,1,37,157.52,28.58,33,105.1,PIT,745480,0.05,2.71
2024-07-08,Joshua Palacios,641943,605288,2,47,229.02,87.18,25,105.4,PIT,745480,0.12,2.3
2024-07-08,Corey Seager,608369,669721,0,2,129.95,13.73,31,106.9,LAA,746208,-0.13,3.2
2024-07-08,Wyatt Langford,694671,608334,1,54,27.69,64.85,32,103.5,LAA,746208,-0.4,1.6
2024-07-08,Rece Hinds,677956,641755,0,55,48.11,33.78,25,109.6,CIN,746692,0.17,2.02
2024-07-08,Martín Maldonado,455117,663978,2,20,91.07,37.73,25,104.6,CWS,746771,-0.07,1.91
2024-07-08,Trevor Larnach,663616,623167,2,3,187.99,57.49,30,97.4,CWS,746771,0.03,1.82
2024-07-08,Matt Wallner,670242,673929,1,53,239.62,88.23,21,116.7,CWS,746771,0.1,2.44
2024-07-08,Carlos Correa,621043,673929,2,55,32.82,88.07,37,96.4,CWS,746771,-0.55,1.7
2024-07-08,Austin Riley,663586,700270,2,3,100.78,26.75,29,104.4,AZ,747181,-0.8,2.68
2024-07-08,Sean Murphy,669221,623149,2,66,176.44,31.89,24,111.5,AZ,747181,0.59,2.65
2024-07-09,Isaac Paredes,670623,607074,0,10,33.64,73.86,22,107,TB,745074,0.12,1.7
2024-07-09,Ben Rice,700250,621363,1,54,222.71,83.04,28,104.2,TB,745074,0.01,3.21
2024-07-09,Heliot Ramos,671218,579328,0,26,153.21,31.9,24,107,SF,745316,-0.29,2.06
2024-07-09,Ernie Clement,676391,676254,1,48,53.72,61.06,24,101.2,SF,745316,-0.46,1.97
2024-07-09,Tyler Fitzgerald,666149,579328,0,57,36.84,83.65,31,99.6,SF,745316,-0.06,2.44
2024-07-09,Cal Raleigh,663728,800049,1,20,204.5,66.8,33,99.7,SD,745393,-0.54,1.64
2024-07-09,Julio Rodríguez,677594,800049,1,34,50.68,50.05,27,108.8,SD,745393,-0.22,2.37
2024-07-09,Cal Raleigh,663728,673513,1,51,35.66,75.39,21,103.5,SD,745393,-0.04,1.34
2024-07-09,Jake Cronenworth,630105,669302,1,56,239.02,79.09,30,108.3,SD,745393,0.26,2.21
2024-07-09,Kyle Higashioka,543309,669302,2,65,73.21,49.9,23,100,SD,745393,-0.31,2.65
2024-07-09,Trea Turner,607208,676272,0,35,32.2,89.31,37,92.7,PHI,745557,0,2.32
2024-07-09,Bryson Stott,681082,676272,2,38,191.99,36.62,28,105.3,PHI,745557,-0.05,1.96
2024-07-09,Cavan Biggio,624415,554430,2,42,176.74,49.62,30,95.3,PHI,745557,0,2.58
2024-07-09,Brandon Marsh,669016,656848,2,66,188.36,46.39,28,104,PHI,745557,0.55,2.56
2024-07-09,Brandon Nimmo,607043,663623,2,17,47.26,74.77,41,100.2,NYM,745803,-0.24,2.56
2024-07-09,Francisco Lindor,596019,663623,2,49,200,56.29,24,105.1,NYM,745803,-0.08,2.55
2024-07-09,Ildemaro Vargas,545121,493603,0,58,218.27,75.62,24,99.5,NYM,745803,-0.05,2.9
2024-07-09,Keibert Ruiz,660688,657585,0,71,236.14,69.2,32,103.8,NYM,745803,0.26,1.89
2024-07-09,Bryan Reynolds,668804,607067,2,20,83.75,36.96,28,104.6,MIL,745968,-0.38,2.92
2024-07-09,Joey Bart,663698,669060,0,48,69.41,50.72,21,104.3,MIL,745968,0.43,2.43
2024-07-09,Rowdy Tellez,642133,571948,1,57,188.54,44.99,22,106.3,MIL,745968,0.45,2.77
2024-07-09,Jack Suwinski,669261,606303,0,63,228.35,88.66,37,103,MIL,745968,0.21,2.71
2024-07-09,Joshua Palacios,641943,606303,2,67,205.55,59.45,29,106.8,MIL,745968,-0.21,2.81
2024-07-09,Logan O'Hoppe,681351,453286,1,13,78.81,47.1,27,98.5,LAA,746206,0.25,1.89
2024-07-09,Josh Smith,669701,672710,2,3,165.93,43.3,21,103.9,LAA,746206,-0.08,2.52
2024-07-09,Logan O'Hoppe,681351,453286,1,33,109.88,37.28,23,105.8,LAA,746206,0.26,2.49
2024-07-09,Adolis García,666969,472610,1,61,199.82,52.36,28,105.4,LAA,746206,0.03,2.21
2024-07-09,Jazz Chisholm Jr.,665862,669854,0,1,207.66,70.98,39,104.7,HOU,746368,0,2.06
2024-07-09,Jesús Sánchez,660821,669854,0,47,56.71,78.71,37,99.8,HOU,746368,-0.31,2.55
2024-07-09,Alex Bregman,608324,623211,2,54,42.49,75.58,36,98.9,HOU,746368,-0.76,2.37
2024-07-09,Angel Martínez,682657,628317,1,2,219.77,89.27,22,98.6,DET,746451,-0.02,1.59
2024-07-09,Colt Keith,690993,594902,2,29,207.33,76.94,31,94.5,DET,746451,0.01,2.06
2024-07-09,Josh Naylor,647304,628317,1,4,55.08,67.79,31,98.4,DET,746451,-0.52,1.92
2024-07-09,Gio Urshela,570482,594902,1,56,48.71,55.24,32,98.5,DET,746451,-0.64,2.65
2024-07-09,Justyn-Henry Malloy,669234,680704,2,58,18.65,90.82,34,101.2,DET,746451,-0.19,2.57
2024-07-09,Tyler Stephenson,663886,615698,0,10,47.42,47.05,25,107.6,CIN,746690,-0.34,3.21
2024-07-09,Will Benson,666181,615698,1,15,205.95,65.87,33,97.7,CIN,746690,-0.38,3.14
2024-07-09,Brenton Doyle,686668,666157,2,29,177.62,47.58,21,107.3,CIN,746690,0.39,3.19
2024-07-09,Michael Toglia,669911,666157,2,31,181.1,57.31,38,105.3,CIN,746690,0.52,3.24
2024-07-09,Rece Hinds,677956,664875,2,65,20.32,45.23,27,112.7,CIN,746690,-0.28,2.72
2024-07-09,Spencer Steer,668715,664875,2,68,40.12,69.18,22,106.2,CIN,746690,-0.52,2.73
2024-07-09,Brenton Doyle,686668,571656,0,70,77.5,26.38,30,107.8,CIN,746690,0.23,3.54
2024-07-09,Wilyer Abreu,677800,621053,2,27,200.46,40.99,27,108.1,BOS,746937,-0.36,1.82
2024-07-09,Dominic Smith,642086,621053,2,28,238.65,77.1,39,107.4,BOS,746937,0.6,2.22
2024-07-09,Lawrence Butler,671732,678394,0,55,184,22.53,28,110.2,BOS,746937,0.17,1.94
2024-07-09,Zack Gelof,680869,622259,2,87,113.21,29.98,28,107.3,BOS,746937,0.63,3.02
2024-07-09,Jordan Westburg,676059,592791,0,15,72.36,38.49,27,106.7,BAL,747014,0.13,3.01
2024-07-09,Michael Busch,683737,665152,1,2,220.37,73.86,29,106.3,BAL,747014,-0.46,2.63
2024-07-09,Ian Happ,664023,665152,2,36,234.35,79.87,32,98.4,BAL,747014,0.52,3.13
2024-07-09,Adam Duvall,594807,668678,1,45,27.62,48.98,27,109.1,AZ,747180,-0.01,1.74
2024-07-10,Nolan Arenado,571448,679525,1,13,91.1,36.6,24,101.1,STL,745155,0.41,2.47
2024-07-10,Alec Burleson,676475,679525,1,21,203.04,56.8,21,102.2,STL,745155,0.58,1.59
2024-07-10,Salvador Perez,521692,669467,1,41,115.04,27.65,22,109.4,STL,745155,0.35,2.31
2024-07-10,Paul Goldschmidt,502671,663704,1,67,226.22,101.91,36,99,STL,745155,-0.04,1.76
2024-07-10,Lars Nootbaar,663457,608379,0,11,28.58,89.08,27,100.4,STL,745156,-0.53,2.89
2024-07-10,MJ Melendez,669004,700669,0,16,206.37,60.08,26,105,STL,745156,0.54,3.03
2024-07-10,Salvador Perez,521692,669461,0,45,40.58,42.84,35,110.8,STL,745156,0.01,2.78
2024-07-10,Kyle Isbel,664728,552640,0,70,209.19,68.38,21,104.4,STL,745156,0.36,3.16
2024-07-10,Ernie Clement,676391,657277,1,36,64.94,55.56,28,96.6,SF,745318,-0.62,0.91
2024-07-10,Patrick Bailey,672275,670102,1,81,115.34,35.11,29,101.2,SF,745318,0.08,2.55
2024-07-10,Matt Chapman,656305,670102,1,82,22.68,78.86,28,101.7,SF,745318,0.15,2.33
2024-07-10,Kyle Schwarber,656941,694813,0,5,58.95,59.46,35,99.7,PHI,745556,-0.98,2.62
2024-07-10,Brandon Nimmo,607043,571578,1,6,191.49,32.72,19,110.5,NYM,745796,0.21,2.62
2024-07-10,Rhys Hoskins,656555,527048,2,41,11.01,73.5,35,108.7,MIL,745969,-0.48,2.21
2024-07-10,Willy Adames,642715,656924,1,68,21.37,100.04,28,98.8,MIL,745969,-0.75,2.82
2024-07-10,Mickey Moniak,666160,547179,1,17,195.76,58.57,28,100.3,LAA,746205,0.12,3.47
2024-07-10,Leody Taveras,665750,656288,0,37,174.83,44.49,30,102.1,LAA,746205,-0.16,3.16
2024-07-10,Zach Neto,687263,642016,2,70,46.86,63.43,22,104.8,LAA,746205,0.09,2.38
2024-07-10,Joey Loperfido,694388,663773,1,15,201.64,58.44,42,110.1,HOU,746366,0.5,2.53
2024-07-10,Matt Vierling,663837,676440,0,25,77.45,33.18,28,104.8,DET,746453,-0.1,2.75
2024-07-10,Daniel Schneemann,682177,681857,2,31,72.15,59.08,27,97.1,DET,746453,-0.9,2.55
2024-07-10,Andy Ibáñez,628451,656529,0,59,48.54,73.1,28,94,DET,746453,-0.27,2.41
2024-07-10,Sam Hilliard,656541,593423,0,17,214.48,84.81,21,105,CIN,746689,0.54,2.93
2024-07-10,Jonathan India,663697,607536,1,24,99.4,33.06,20,108.4,CIN,746689,0.27,2.23
2024-07-10,Sam Hilliard,656541,593423,0,35,58.82,59.62,36,104.9,CIN,746689,0.05,1.91
2024-07-10,Tyler Stephenson,663886,680767,0,71,72.5,47.23,30,98.4,CIN,746689,-0.48,3.22
2024-07-10,Luis Robert Jr.,673357,641927,2,45,95.31,33.48,29,108.7,CWS,746772,-0.17,2.38
2024-07-10,Matt Wallner,670242,673929,0,47,203.04,66.79,33,101.1,CWS,746772,-0.27,3.03
2024-07-10,Martín Maldonado,455117,641154,0,19,43.56,78.42,24,100.1,CWS,746773,0.26,1.81
2024-07-10,Brooks Lee,686797,689672,1,40,217.99,84.45,22,100.8,CWS,746773,0.79,2.09
2024-07-10,Carlos Correa,621043,689672,1,41,36.37,61.06,22,110,CWS,746773,0.01,2.62
2024-07-10,Rob Refsnyder,608701,676664,0,44,23.55,75.49,33,101.8,BOS,746934,-0.69,1.69
2024-07-10,Christopher Morel,666624,669203,1,11,129.07,32.26,23,104.2,BAL,747015,0.56,2.97
2024-07-10,Eugenio Suárez,553993,450203,2,17,19.38,48.89,32,110.6,AZ,747179,0.45,2.21
2024-07-10,Ketel Marte,606466,450203,2,26,163.71,22.82,27,108.4,AZ,747179,-0.12,2.52
2024-07-10,Marcell Ozuna,542303,657044,1,59,155.9,22.67,22,111.1,AZ,747179,0.14,1.92
2024-07-11,Austin Wells,669224,669358,0,11,232.22,94,32,102,TB,745065,0.25,3.3
2024-07-11,Juan Soto,665742,669358,1,20,77.55,33.69,26,108.4,TB,745065,-0.37,2.7
2024-07-11,Randy Arozarena,668227,641482,0,7,48.48,71.78,25,99.2,TB,745065,-0.21,3.01
2024-07-11,Heliot Ramos,671218,592332,1,10,59.8,55.96,23,103.2,SF,745313,0.35,1.55
2024-07-11,Spencer Horwitz,687462,663855,0,36,210.81,58.19,31,102.1,SF,745313,0.18,1.47
2024-07-11,Danny Jansen,643376,663855,2,5,37.6,70.61,27,99.4,SF,745313,-0.79,1.6
2024-07-11,Mike Yastrzemski,573262,643338,2,71,211.73,64.99,26,105.4,SF,745313,-0.25,3.6
2024-07-11,Brandon Marsh,669016,689017,0,18,211.57,57.88,24,109.1,PHI,745558,0.24,2.98
2024-07-11,Gavin Lux,666158,605400,0,37,26.51,104.45,39,95.3,PHI,745558,-0.33,2.26
2024-07-11,Trea Turner,607208,607455,1,7,194.3,59.81,32,100.5,PHI,745558,0.18,2.64
2024-07-11,Kyle Schwarber,656941,642232,2,70,244.26,73.47,27,108.8,PHI,745558,-0.55,2.71
2024-07-11,Cal Raleigh,663728,686799,0,22,228.65,88.23,23,113.9,LAA,746204,0,2.48
2024-07-11,J.P. Crawford,641487,670046,1,32,211.99,74.74,20,108.2,LAA,746204,-0.33,2.13
2024-07-11,Cal Raleigh,663728,670046,2,50,22.42,74.76,22,113.8,LAA,746204,-0.04,2.39
2024-07-11,Bryan De La Cruz,650559,814005,1,2,25.29,96.16,21,107.9,HOU,746367,-0.3,2.61
2024-07-11,Jazz Chisholm Jr.,665862,681869,0,40,223.55,70.52,28,106,HOU,746367,0.18,1.98
2024-07-11,Bo Naylor,666310,656427,1,21,220.94,95.47,22,101.5,DET,746452,0.19,2.11
2024-07-11,Carson Kelly,608348,675921,0,25,33.59,73.42,35,101.4,DET,746452,-0.34,2.92
2024-07-11,Tyler Stephenson,663886,596295,1,22,222.98,102.13,33,95.8,CIN,746688,0.73,2.94
2024-07-11,Santiago Espinal,669289,596295,1,31,66.29,39.65,28,103.8,CIN,746688,0.02,2.43
2024-07-11,Michael Toglia,669911,668881,0,35,240.31,78.53,33,108.1,CIN,746688,0.24,2.45
2024-07-11,Tyler Stephenson,663886,683627,0,57,42.02,72.59,24,101.4,CIN,746688,0.03,2.02
2024-07-11,Connor Wong,657136,665622,2,26,64.21,40.2,33,104.7,BOS,746935,0.26,2.74
2024-07-11,Wilyer Abreu,677800,665622,0,31,113.51,38.45,30,101.3,BOS,746935,-0.15,2.85
2024-07-11,Masataka Yoshida,807799,666205,0,47,183.45,50.7,35,98.5,BOS,746935,0.44,2.84
2024-07-11,Dansby Swanson,621020,608344,0,42,148.94,28.68,29,106.4,BAL,747011,0.07,2.08
2024-07-11,Eugenio Suárez,553993,608331,0,32,103.64,23.47,29,106.3,AZ,747178,0.77,2.53
2024-07-12,Marcell Ozuna,542303,663362,0,30,86.61,36.66,35,110.6,SD,745390,0.17,2.63
2024-07-12,Orlando Arcia,606115,663362,1,34,53.17,53.85,31,98.4,SD,745390,-0.26,2.53
2024-07-12,Marcell Ozuna,542303,660853,0,61,165.97,32.79,26,108.1,SD,745390,0.26,3.12
2024-07-12,Lawrence Butler,671732,614179,0,61,156.21,33.1,21,111,PHI,745552,0.31,2.01
2024-07-12,Michael Toglia,669911,640455,2,11,21.49,72.6,37,106.5,NYM,745800,-0.41,1.8
2024-07-12,Mark Vientos,668901,685299,1,14,85.7,38.98,32,102.9,NYM,745800,0.08,3.7
2024-07-12,Jose Iglesias,578428,685299,1,15,36.35,69.14,23,101.5,NYM,745800,0.3,1.98
2024-07-12,Harrison Bader,664056,685299,2,17,74.77,46.08,30,102,NYM,745800,0.19,2.14
2024-07-12,Harrison Bader,664056,685299,0,33,18.52,73.29,26,106.7,NYM,745800,-0.01,2.43
2024-07-12,Jose Iglesias,578428,663567,0,44,62.17,50.71,25,103.7,NYM,745800,-0.31,2.36
2024-07-12,Brendan Rodgers,663898,640455,0,56,42.83,59.67,23,109.2,NYM,745800,-0.18,2.83
2024-07-12,Charlie Blackmon,453568,518617,0,63,220.3,70.53,37,102.9,NYM,745800,0.23,2.85
2024-07-12,Brenton Doyle,686668,664208,2,67,27.75,58.03,33,105.8,NYM,745800,-0.46,1.95
2024-07-12,Jesse Winker,608385,642547,2,38,172.17,42.68,37,108.3,MIL,745965,-0.21,2.71
2024-07-12,Cal Raleigh,663728,542881,2,24,59.08,40.91,28,106.5,LAA,746207,0.53,2.73
2024-07-12,Julio Rodríguez,677594,542881,2,4,198.57,64.32,21,106.3,LAA,746207,0.37,3.11
2024-07-12,Willie Calhoun,641432,608723,0,82,198.65,49.8,23,104.1,LAA,746207,-0.17,2.16
2024-07-12,Willie Calhoun,641432,693433,2,9,213.36,71.45,35,99.7,LAA,746207,0.76,2.11
2024-07-12,Jake Meyers,676694,571760,1,30,67.9,55.79,37,102.4,HOU,746371,-0.2,2.52
2024-07-12,Alex Bregman,608324,571760,1,38,68.6,56.7,35,100.2,HOU,746371,0,2
2024-07-12,Corey Seager,608369,686613,0,43,24.8,102.23,36,97.5,HOU,746371,-0.79,3.12
2024-07-12,Jose Altuve,514888,570632,2,52,30.54,85.75,34,98.6,HOU,746371,0.23,1.96
2024-07-12,Freddie Freeman,518692,669373,1,28,188.54,47.26,24,100.9,DET,746450,-0.23,2.57
2024-07-12,Rece Hinds,677956,630023,2,27,158.64,42.07,35,105,CIN,746685,0.14,2.86
2024-07-12,Jesús Sánchez,660821,686730,1,32,215.07,74.26,34,96.8,CIN,746685,1,2.8
2024-07-12,Jonathan India,663697,630023,0,4,139.92,35.02,24,103.3,CIN,746685,0.29,2.7
2024-07-12,Jeimer Candelario,600869,630023,1,6,210.57,65.93,36,99.8,CIN,746685,-0.09,2.77
2024-07-12,Bobby Witt Jr.,677951,681867,0,32,98.02,27.71,29,107,BOS,746936,0.15,1.88
2024-07-12,MJ Melendez,669004,669711,1,59,171.41,47.03,31,100,BOS,746936,-0.24,2.39
2024-07-12,Aaron Judge,592450,700249,0,22,62.35,51.28,35,107.4,BAL,747012,0.26,2.65
2024-07-13,Angel Martínez,682657,641793,1,37,221.05,68.33,28,100.7,TB,745067,0.27,1.52
2024-07-13,Jhonkensy Noel,678877,664076,1,63,50,35.92,35,110.8,TB,745067,-0.24,1.61
2024-07-13,Alec Burleson,676475,669713,2,15,42.63,75.11,28,98,STL,745152,-0.79,2.84
2024-07-13,Seiya Suzuki,673548,458681,2,3,137.55,24.15,29,107.3,STL,745152,0.01,2.71
2024-07-13,Patrick Wisdom,621550,681517,0,72,9.5,88.67,34,102.4,STL,745152,-0.58,3.16
2024-07-13,Miguel Amaya,665804,502043,2,15,82.76,41.28,30,101.6,STL,745175,-0.5,2.73
2024-07-13,Masyn Winn,691026,665871,0,5,37.21,61.12,26,103.6,STL,745175,-0.69,2.43
2024-07-13,Willson Contreras,575929,665871,1,7,211.42,78.89,38,103.9,STL,745175,0.32,2.57
2024-07-13,Carlos Santana,467793,573124,1,46,20.11,97.24,38,102.2,SF,745311,-0.49,2.22
2024-07-13,Manny Machado,592518,445926,1,61,120.14,36.19,27,103.8,SD,745392,-0.34,2.11
2024-07-13,Nick Castellanos,592206,687765,1,14,121.26,27.99,29,101.9,PHI,745549,0.1,3.35
2024-07-13,Zack Gelof,680869,663969,2,19,17.79,85.88,35,102.2,PHI,745549,-0.61,2.55
2024-07-13,Johan Rojas,679032,687765,1,32,89.29,43.13,33,102,PHI,745549,0.46,2.64
2024-07-13,Trea Turner,607208,687765,2,35,76.76,43.77,23,104,PHI,745549,0.3,3.18
2024-07-13,Brent Rooker,667670,663969,0,51,105.41,31.9,31,104.2,PHI,745549,0.2,2.21
2024-07-13,Bryce Harper,547180,613534,0,58,33.79,76.56,29,101,PHI,745549,-0.49,2.77
2024-07-13,Jake Cave,595909,681035,0,19,25.06,101.56,27,98.5,NYM,745798,-0.6,3.35
2024-07-13,Charlie Blackmon,453568,681035,1,40,218.27,62.9,31,105.2,NYM,745798,-0.34,2.88
2024-07-13,Francisco Lindor,596019,656222,2,69,123.81,29.09,29,106.9,NYM,745798,0.12,2.71
2024-07-13,Luis García Jr.,671277,596001,0,53,95.03,41.46,26,102.4,MIL,745963,-0.42,2.58
2024-07-13,CJ Abrams,682928,656730,1,71,210.56,52.81,27,106.5,MIL,745963,-0.25,3.04
2024-07-13,Marcus Semien,543760,681293,0,1,77.7,44.44,25,102.3,HOU,746369,-0.16,2.21
2024-07-13,Shohei Ohtani,660271,672456,0,36,236.05,94.25,24,107.8,DET,746447,-0.21,2.66
2024-07-13,Ryan Vilade,668723,680736,0,43,59.39,56.16,35,102.5,DET,746447,-0.29,1.74
2024-07-13,Andy Ibáñez,628451,680736,0,44,6.61,84.87,23,105.9,DET,746447,-0.6,2.26
2024-07-13,Enrique Hernández,571771,656412,2,61,,,29,102.7,DET,746447,-0.42,2.65
2024-07-13,Colt Keith,690993,623465,2,87,198.23,70.91,31,94.4,DET,746447,0.84,2.94
2024-07-13,Gio Urshela,570482,670990,1,95,50.59,60.69,34,103.7,DET,746447,-0.17,2.77
2024-07-13,Spencer Steer,668715,665795,0,12,25.76,87.68,40,101.6,CIN,746687,-0.83,2.27
2024-07-13,Jake Burger,669394,671096,2,19,29.74,68.65,39,106.6,CIN,746687,-0.55,2.23
2024-07-13,Josh Bell,605137,671096,2,20,215.08,81.78,28,96.8,CIN,746687,0.44,2.95
2024-07-13,Rece Hinds,677956,665795,0,24,49.96,41.59,26,106.4,CIN,746687,0.3,2.7
2024-07-13,Elly De La Cruz,682829,665795,2,27,112.8,27.22,30,109.5,CIN,746687,-0.13,2.74
2024-07-13,Jeimer Candelario,600869,665795,2,28,213.87,81.78,25,99.5,CIN,746687,0.13,2.31
2024-07-13,Rece Hinds,677956,677053,1,59,79.94,30.27,26,112.7,CIN,746687,0.02,2.33
2024-07-13,Santiago Espinal,669289,677053,2,61,73.62,50.26,33,99.6,CIN,746687,-0.28,2.65
2024-07-13,Rafael Devers,646240,607625,0,39,74.11,59.34,32,100.1,BOS,746930,-0.41,2.6
2024-07-13,Juan Soto,665742,680570,1,38,139.68,27.04,20,112.6,BAL,747013,-0.37,2.1
2024-07-13,Aaron Judge,592450,680570,1,39,110.18,25.14,37,112.9,BAL,747013,-0.07,2.85
2024-07-13,Austin Wells,669224,680570,2,6,236.55,80.7,33,104.5,BAL,747013,0.2,2.62
2024-07-13,Corbin Carroll,682998,647315,1,62,44.35,72.95,33,97.8,AZ,747177,0.03,3.23
2024-07-13,Eugenio Suárez,553993,663878,1,73,38.93,44.86,26,107,AZ,747177,0.49,2.78
2024-07-13,Corbin Carroll,682998,663878,2,76,201.58,66.91,38,103.1,AZ,747177,0.21,2.56
2024-07-14,Jose Siri,642350,594902,0,18,60.19,40.88,26,107.7,TB,745066,0.54,2.76
2024-07-14,Brandon Lowe,664040,594902,0,41,231.33,91.25,38,107.2,TB,745066,0.61,2.64
2024-07-14,Pete Crow-Armstrong,691718,571945,1,17,214.01,60.93,30,99.4,STL,745151,0.83,0.9
2024-07-14,Tomás Nido,621512,571945,1,34,223,86.39,29,98.7,STL,745151,0.68,2.2
2024-07-14,Pete Crow-Armstrong,691718,571945,1,35,138.09,33.15,28,103.1,STL,745151,0.2,1.14
2024-07-14,Christopher Morel,666624,571945,1,43,21.15,75.06,24,103,STL,745151,-1,2.56
2024-07-14,Alec Burleson,676475,592791,0,46,209.58,72.69,24,99.1,STL,745151,-0.47,3.22
2024-07-14,Ian Happ,664023,552640,1,59,149.13,22.8,26,107,STL,745151,0.1,2.41
2024-07-14,Christopher Morel,666624,552640,1,60,23.72,75.35,25,104.8,STL,745151,-0.12,2.72
2024-07-14,Travis d'Arnaud,518595,663568,2,44,101.81,25.9,32,107.2,SD,745385,0.05,2.36
2024-07-14,Luis Campusano,669134,621345,2,57,194.27,56.15,28,101.8,SD,745385,0.7,3.22
2024-07-14,Travis d'Arnaud,518595,669093,2,63,100.31,20.52,24,109.7,SD,745385,0.27,2.38
2024-07-14,Brent Rooker,667670,675650,1,26,122.35,16.48,30,105.1,PHI,745551,0.32,2.97
2024-07-14,Lawrence Butler,671732,675650,2,35,153.17,32.09,23,103.8,PHI,745551,0.42,2.75
2024-07-14,Brent Rooker,667670,675650,0,41,107.64,16.67,29,108.7,PHI,745551,-0.28,2.12
2024-07-14,Seth Brown,664913,622554,1,43,216.13,55.18,28,105.6,PHI,745551,1.17,1.79
2024-07-14,Trea Turner,607208,683155,1,5,56.57,65.29,26,95.2,PHI,745551,0.28,2.03
2024-07-14,Lawrence Butler,671732,622554,0,52,52.06,76.52,37,96.6,PHI,745551,-0.81,2.85
2024-07-14,Seth Brown,664913,614179,0,60,204.83,73.12,42,103.8,PHI,745551,0.21,2.24
2024-07-14,Lawrence Butler,671732,614179,2,64,186.7,27,32,109.9,PHI,745551,0.38,2.65
2024-07-14,Zack Gelof,680869,596117,0,73,81.26,34.62,33,100,PHI,745551,-0.16,3.18
2024-07-14,Ezequiel Tovar,678662,500779,0,2,51.2,40.98,32,107.2,NYM,745797,0.12,2.26
2024-07-14,Pete Alonso,624413,608566,0,28,19.75,73.68,29,103.6,NYM,745797,-0.78,2.21
2024-07-14,Michael Toglia,669911,500779,0,36,163.3,27.93,25,107.9,NYM,745797,0.59,2.65
2024-07-14,Brenton Doyle,686668,500779,0,45,109.69,25.61,30,105.4,NYM,745797,0.31,3.32
2024-07-14,Michael Toglia,669911,500779,2,48,66,54,25,98.1,NYM,745797,0.1,2.18
2024-07-14,Ezequiel Tovar,678662,605288,1,56,21.07,92.96,43,104.3,NYM,745797,-0.14,2.7
2024-07-14,Michael Toglia,669911,605288,2,67,76.3,40.57,32,101.2,NYM,745797,-0.17,1.92
2024-07-14,William Contreras,661388,663623,1,22,147.14,33.84,27,105.4,MIL,745962,0.29,2.52
2024-07-14,Garrett Mitchell,669003,663623,0,34,142.78,61.53,23,107.2,MIL,745962,-0.5,2.6
2024-07-14,Willy Adames,642715,686294,2,71,72.51,39.46,27,104.5,MIL,745962,0.06,2.32
2024-07-14,J.P. Crawford,641487,519326,0,36,157.8,36.38,24,101.3,LAA,746201,0.34,2.24
2024-07-14,Jo Adell,666176,608723,0,60,79.68,44.29,26,99.8,LAA,746201,0.11,2.71
2024-07-14,Jake Meyers,676694,453286,0,20,9.99,98.43,25,104.5,HOU,746370,-0.4,2.01
2024-07-14,Josh Smith,669701,669854,1,3,233.77,81.29,32,108,HOU,746370,0.27,2.17
2024-07-14,Josh Smith,669701,606160,2,56,209.43,67.79,35,99.2,HOU,746370,0.41,2.56
2024-07-14,Elly De La Cruz,682829,669432,1,44,166.05,44.77,31,102.4,CIN,746686,0.08,3.23
2024-07-14,Andrew Benintendi,643217,656605,1,24,217.46,71.9,30,101.7,CWS,746769,0.23,2.17
2024-07-14,Joey Bart,663698,641771,1,33,76.71,45,23,106,CWS,746769,0.41,2.75
2024-07-14,Bryan Reynolds,668804,605154,2,71,178,49.22,23,105.3,CWS,746769,-0.4,1.8
2024-07-14,Adam Frazier,624428,678394,0,1,204.79,50.73,26,102.4,BOS,746932,0.04,2.14
2024-07-14,Dominic Smith,642086,663903,0,14,180.9,32.92,32,106.1,BOS,746932,0.1,3.46
2024-07-14,Salvador Perez,521692,678394,1,47,74.32,34.13,23,110.4,BOS,746932,0.21,3.14
2024-07-14,Rafael Devers,646240,663903,2,8,246.65,66.37,25,114.7,BOS,746932,0.7,1.8
2024-07-14,Gunnar Henderson,683002,607074,0,22,206.19,41.37,28,105.6,BAL,747009,-0.17,2.99
2024-07-14,Trent Grisham,663757,665152,0,36,228.41,86.19,30,99.6,BAL,747009,0.11,2.04
2024-07-14,Anthony Santander,623993,592454,2,44,220.82,56.41,35,102.5,BAL,747009,-0.29,3.02
2024-07-14,Ben Rice,700250,518886,0,70,182.39,44.8,34,104.4,BAL,747009,-0.37,2.6
2024-07-14,Kevin Kiermaier,595281,668678,0,28,202.15,58.29,31,97.4,AZ,747176,0.79,3.02
2024-07-14,Ketel Marte,606466,579328,1,44,119.24,33.15,28,109.8,AZ,747176,0.29,1.94
2024-07-14,Vladimir Guerrero Jr.,665489,656464,0,59,166.01,26.06,24,109.9,AZ,747176,0.59,2.31
2024-07-19,Keibert Ruiz,660688,593423,2,31,168.32,40.51,28,100.8,WSH,744829,0.12,2.11
2024-07-19,Juan Yepez,660766,593423,2,40,33.62,82.45,29,95,WSH,744829,-1.11,2.92
2024-07-19,Mark Canha,592192,605135,0,23,48.9,63.86,33,100.9,TOR,744911,-0.67,2.49
2024-07-19,Vladimir Guerrero Jr.,665489,656427,2,45,44.98,74.33,16,117.5,TOR,744911,-0.04,2.37
2024-07-19,Wenceel Pérez,672761,605135,2,51,198.67,66.27,39,103.4,TOR,744911,-0.01,2.47
2024-07-19,George Springer,543807,689225,0,60,30.42,95.65,38,93.3,TOR,744911,-0.63,2.67
2024-07-19,Nathaniel Lowe,663993,669203,2,17,134.86,23.42,28,107.2,TEX,744990,-0.02,1.87
2024-07-19,Adley Rutschman,668939,543135,0,2,193.07,58.85,21,105.1,TEX,744990,0.19,1.7
2024-07-19,Anthony Santander,623993,543135,1,36,188.75,29.11,31,106.9,TEX,744990,-0.15,2.7
2024-07-19,Anthony Santander,623993,642546,1,54,235.94,79.45,24,106.9,TEX,744990,0.09,1.91
2024-07-19,Colton Cowser,681297,543135,2,6,187.45,40.13,31,104.8,TEX,744990,0.5,2.12
2024-07-19,Weston Wilson,642215,527048,2,27,48.29,64.11,37,104.4,PIT,745481,-0.62,2.57
2024-07-19,Trea Turner,607208,527048,1,35,44.15,64.67,31,101.6,PIT,745481,-0.51,2.61
2024-07-19,Zach Neto,687263,676664,2,28,8.25,87.93,28,106.9,OAK,745640,-0.07,2.63
2024-07-19,Max Schuemann,680474,656288,1,34,18.41,93.13,25,100.1,OAK,745640,-0.59,2.3
2024-07-19,Nolan Schanuel,694384,676664,0,44,220.04,73.03,30,99.6,OAK,745640,0.24,2.67
2024-07-19,JJ Bleday,668709,519043,1,56,207.97,59.04,21,105.2,OAK,745640,0.68,2.95
2024-07-19,Shea Langeliers,669127,519043,1,58,215.17,79.03,27,98.1,OAK,745640,0.71,3.07
2024-07-19,Brandon Lowe,664040,543037,0,47,176.98,52.35,27,98.1,NYY,745721,-0.09,3.06
2024-07-19,Jeff McNeil,643446,665795,0,37,135.39,26.64,34,103.1,MIA,746040,0.22,2.4
2024-07-19,Jake Burger,669394,640455,0,44,93.93,33.92,31,106.7,MIA,746040,0.1,3.11
2024-07-19,Jeff McNeil,643446,677053,1,50,196.27,59.74,28,101.2,MIA,746040,-0.25,3.06
2024-07-19,Jarren Duran,680776,694813,2,34,100.34,40.86,22,105.1,LAD,746123,0.02,2.21
2024-07-19,Freddie Freeman,518692,657514,1,61,223.08,83.82,23,105.5,LAD,746123,0.34,2.15
2024-07-19,Bobby Witt Jr.,677951,623167,1,6,15.68,79.83,25,104.7,KC,746284,-0.78,2.54
2024-07-19,Korey Lee,686676,608717,2,61,97.16,31.14,24,104.6,KC,746284,0.39,2.1
2024-07-19,Brenton Doyle,686668,678495,1,49,46.93,41.51,27,107,COL,746531,-0.68,2.69
2024-07-19,Jake Cave,595909,643511,0,70,205.55,52.99,37,102.4,COL,746531,0.51,2.73
2024-07-19,Ezequiel Tovar,678662,592426,2,73,18.63,75.59,22,109.5,COL,746531,0.17,2.11
2024-07-20,Harold Ramírez,623912,666157,2,11,99.75,27.4,27,106,WSH,744830,-0.73,2.39
2024-07-20,Tyler Stephenson,663886,607179,1,23,84.53,31.3,32,104.3,WSH,744830,-0.31,2.75
2024-07-20,Jake Rogers,668670,670950,0,40,34.31,69.19,29,102.1,TOR,744910,-0.54,2.8
2024-07-20,Vladimir Guerrero Jr.,665489,628317,2,52,137.51,26.63,25,108.4,TOR,744910,0.27,2.43
2024-07-20,Cedric Mullins,656775,570632,2,27,212.25,56.86,32,104,TEX,744994,0.01,2
2024-07-20,Jordan Westburg,676059,656641,2,53,107.87,28.23,29,105,TEX,744994,-0.41,2.7
2024-07-20,Ryan O'Hearn,656811,600917,2,82,71.69,52.35,24,100.3,TEX,744994,-0.47,2.41
2024-07-20,Julio Rodríguez,677594,664285,0,44,20.7,74.44,34,98.6,SEA,745229,-0.4,2.41
2024-07-20,Jake Meyers,676694,592773,0,50,180.83,50.51,26,103.3,SEA,745229,0.78,2.73
2024-07-20,Yainer Diaz,673237,663423,2,60,35.77,85.75,18,106.5,SEA,745229,-0.7,2.52
2024-07-20,Andrew McCutchen,457705,650911,0,42,84.25,29.43,27,107.7,PIT,745478,0.53,2.78
2024-07-20,Oneil Cruz,665833,621381,2,61,110.85,27.84,20,112,PIT,745478,0.23,2.36
2024-07-20,Bryce Harper,547180,670280,1,65,183.72,35.33,32,108.7,PIT,745478,0.41,2.18
2024-07-20,Brent Rooker,667670,686799,1,7,43.14,52.22,32,108.1,OAK,745638,-1.15,2.2
2024-07-20,Alex Jackson,656577,641482,2,29,184.6,64.22,31,99.9,NYY,745720,0.21,1.79
2024-07-20,Isaac Paredes,670623,641482,0,34,29.47,96.82,35,95.5,NYY,745720,0.63,2.55
2024-07-20,Randy Arozarena,668227,641482,1,36,79.55,36.4,28,103.7,NYY,745720,0.57,1.86
2024-07-20,Randy Arozarena,668227,656671,1,51,51.06,49.62,26,104.7,NYY,745720,0.84,2.66
2024-07-20,Carlos Santana,467793,596001,2,86,225.09,74.79,33,104.3,MIN,745880,0.46,2.46
2024-07-20,Gavin Lux,666158,678394,2,15,200.29,63.91,24,107.1,LAD,746121,0.31,1.93
2024-07-20,Tyler O'Neill,641933,607455,1,54,19.67,76.02,28,110.4,LAD,746121,-0.35,2.07
2024-07-20,Enrique Hernández,571771,445276,0,72,54.19,46.84,20,106.1,LAD,746121,0.21,2.34
2024-07-20,Tyler O'Neill,641933,623465,0,78,86.57,39.76,26,104.2,LAD,746121,-0.27,2.69
2024-07-20,Tyler Fitzgerald,666149,607536,1,19,67.96,39.16,33,103.6,COL,746527,0.14,2.81
2024-07-20,Ezequiel Tovar,678662,657277,1,40,,,28,109.1,COL,746527,-0.11,2.15
2024-07-20,David Peralta,444482,675921,0,56,209.15,76.95,31,98.6,CLE,746613,-0.01,1.98
2024-07-20,Jake Cronenworth,630105,675921,2,61,235.78,92.83,24,104,CLE,746613,-0.12,2.04
2024-07-20,Alek Thomas,677950,543294,1,35,60.17,68.04,24,95.9,CHC,746852,-0.46,2.82
2024-07-20,Corbin Carroll,682998,543294,1,37,198.66,51.71,26,105,CHC,746852,-0.01,1.75
2024-07-20,Nolan Arenado,571448,669276,0,45,26.22,99.93,34,93.4,ATL,747093,0.31,2.46
2024-07-20,Eddie Rosario,592696,681676,2,53,215.63,84,28,92.7,ATL,747093,0.16,2.05
2024-07-20,Nolan Gorman,669357,693821,1,13,173.28,41.26,32,101.9,ATL,747096,-0.44,2.17
2024-07-20,Marcell Ozuna,542303,543243,2,34,29.53,55.96,35,108.3,ATL,747096,-0.56,2.98
2024-07-20,Brendan Donovan,680977,693821,2,38,230.27,79.7,25,105.5,ATL,747096,-0.34,3.2
2024-07-20,Austin Riley,663586,543243,1,49,85.3,34.15,24,112.4,ATL,747096,0.2,2.7
2024-07-20,Marcell Ozuna,542303,543243,2,51,66.11,34.53,29,107.9,ATL,747096,0.1,2.18
2024-07-20,Eddie Rosario,592696,543243,2,52,191.99,45.97,25,106.3,ATL,747096,0.8,2.94
2024-07-21,Stuart Fairchild,656413,663623,0,34,35.62,75.52,25,103.3,WSH,744831,-0.06,2.68
2024-07-21,James Wood,695578,458677,2,64,36.54,71.55,28,105.9,WSH,744831,0.31,3.47
2024-07-21,Noelvi Marte,682622,663623,2,9,56.08,46.62,30,103,WSH,744831,0.08,2.1
2024-07-21,George Springer,543807,672456,1,22,75.06,48.97,34,104.1,TOR,744909,0.06,3.1
2024-07-21,Justyn-Henry Malloy,669234,592332,2,39,83.54,41.07,34,104,TOR,744909,-0.43,2.66
2024-07-21,George Springer,543807,672456,0,6,66,46.75,33,106.6,TOR,744909,-0.11,2.04
2024-07-21,Jonah Heim,641680,665152,2,32,174.14,44.69,32,102.7,TEX,744991,-0.37,2.61
2024-07-21,Anthony Santander,623993,502085,1,58,212.07,57.85,23,106.6,TEX,744991,0.07,2
2024-07-21,Yordan Alvarez,670541,693433,1,25,213.06,69.97,32,111.7,SEA,745230,-0.23,2.2
2024-07-21,Jorge Polanco,593871,669854,0,28,205.03,60.18,27,107.1,SEA,745230,-0.49,2.68
2024-07-21,Luke Raley,670042,661527,2,49,227.14,91.75,39,100.8,SEA,745230,-0.38,2.78
2024-07-21,Jeremy Peña,665161,676092,0,52,54.18,47.12,24,105.4,SEA,745230,-0.3,2.38
2024-07-21,Nick Castellanos,592206,676596,2,71,27.67,64.55,34,104.3,PIT,745470,-0.06,1.69
2024-07-21,Mickey Moniak,666160,683155,2,37,229.62,85.94,29,101.5,OAK,745633,0.41,1.78
2024-07-21,Miguel Andujar,609280,608334,2,42,27.15,81.9,16,105.9,OAK,745633,-0.07,2.01
2024-07-21,Richie Palacios,680700,573186,0,1,208.89,76.69,24,96,NYY,745722,-0.41,1.93
2024-07-21,Randy Arozarena,668227,573186,2,28,42.94,50.15,23,106.9,NYY,745722,0.28,2.3
2024-07-21,Jose Siri,642350,664776,2,53,159.03,26.84,34,105.4,NYY,745722,0.48,2.47
2024-07-21,Aaron Judge,592450,592094,1,58,42.37,52.69,38,112.6,NYY,745722,-0.18,3.16
2024-07-21,José Caballero,676609,596133,2,69,21.53,104.91,41,102.1,NYY,745722,-0.02,3.31
2024-07-21,Eric Haase,606992,657746,2,20,42.94,69.26,35,97.5,MIN,745882,0.25,2.3
2024-07-21,Byron Buxton,621439,650644,0,22,87,37.44,29,101.7,MIN,745882,-0.49,2.04
2024-07-21,Trevor Larnach,663616,650644,0,40,192.69,63.2,41,102.4,MIN,745882,0.25,3.21
2024-07-21,Jackson Chourio,694192,660896,0,53,44.64,38.5,29,107.7,MIN,745882,-0.5,3.33
2024-07-21,Rhys Hoskins,656555,643377,1,64,66.33,56.08,35,98.8,MIN,745882,0.02,3.64
2024-07-21,Eric Haase,606992,573204,1,74,149.04,33.2,31,106,MIN,745882,-0.21,1.94
2024-07-21,Byron Buxton,621439,656730,0,78,32.08,73.48,31,100.5,MIN,745882,-0.16,2.46
2024-07-21,Jazz Chisholm Jr.,665862,681035,1,36,208.39,59.5,24,106.9,MIA,746042,0.85,2.01
2024-07-21,Jake Burger,669394,605288,2,62,85.92,34.25,32,106,MIA,746042,0.34,2.5
2024-07-21,Freddie Freeman,518692,676710,2,10,187.25,41.39,26,109,LAD,746125,0.21,2.36
2024-07-21,Jarren Duran,680776,572020,0,2,66.89,50.05,24,104.4,LAD,746125,-0.21,3.19
2024-07-21,Teoscar Hernández,606192,676710,1,26,220.18,80.89,33,101.4,LAD,746125,0.56,2.91
2024-07-21,Gavin Lux,666158,676710,0,32,67.58,57.38,29,100.5,LAD,746125,-0.27,1.96
2024-07-21,Austin Barnes,605131,676710,0,40,68.47,47.95,28,98.6,LAD,746125,0.48,2.7
2024-07-21,Shohei Ohtani,660271,676710,0,41,173.92,12.77,28,116.7,LAD,746125,-0.03,2.23
2024-07-21,Jason Heyward,518792,445276,2,69,226.29,79.59,29,96.1,LAD,746125,0.68,2.84
2024-07-21,Jorge Soler,624585,663372,0,1,108.54,5.44,25,109.3,COL,746528,0.15,2.2
2024-07-21,Tyler Fitzgerald,666149,663372,0,15,128.2,23.25,29,105.2,COL,746528,0.08,3.26
2024-07-21,Brendan Rodgers,663898,806185,2,31,30.36,87.58,24,98.5,COL,746528,0.32,2.45
2024-07-21,Eugenio Suárez,553993,684007,1,42,29.02,59.62,36,111.4,CHC,746853,0.02,2.71
2024-07-21,Paul Goldschmidt,502671,680885,2,10,30.3,85.61,33,101.2,ATL,747094,-0.24,3.89
2024-07-21,Alec Burleson,676475,680885,2,18,,,29,109.5,ATL,747094,0.6,2.33
2024-07-21,Jarred Kelenic,672284,571945,2,22,225.41,70.25,25,108,ATL,747094,-0.04,2.39
2024-07-21,Lars Nootbaar,663457,680885,2,26,141.03,33.06,25,105.5,ATL,747094,0.32,1.87
2024-07-21,Willson Contreras,575929,445926,1,56,232.49,95.92,36,101.4,ATL,747094,0.67,3.07
2024-07-22,Marcus Semien,543760,607200,1,23,19.9,95.62,22,104.4,TEX,744988,-0.28,2.55
2024-07-22,Tommy Pham,502054,547179,2,3,101.15,22.11,32,109.3,TEX,744988,0.16,2.85
2024-07-22,Leody Taveras,665750,607200,2,41,184.11,43.03,25,104.7,TEX,744988,0.06,2.89
2024-07-22,Paul DeJong,657557,489446,1,63,21.52,89.25,30,99,TEX,744988,-0.11,3.02
2024-07-22,Nolan Gorman,669357,656605,0,34,223.77,107.42,24,110.9,PIT,745473,0.83,2.35
2024-07-22,Austin Wells,669224,641793,0,11,230.21,88.54,20,111.2,NYY,745717,0.52,1.88
2024-07-22,Anthony Volpe,683011,641793,0,12,42.31,67.46,29,100.1,NYY,745717,-0.05,2.4
2024-07-22,Jose Siri,642350,607074,1,32,197.57,70.24,32,100.8,NYY,745717,0.92,3.15
2024-07-22,DJ LeMahieu,518934,641793,0,35,45.97,73.15,32,99.2,NYY,745717,-0.09,2.38
2024-07-22,Juan Soto,665742,676604,0,54,242.42,71.08,35,112.1,NYY,745717,0.13,2.44
2024-07-22,Juan Soto,665742,687330,2,67,215.4,71,19,114.9,NYY,745717,0.2,2.24
2024-07-22,Bryce Harper,547180,641927,1,3,239.28,68.15,27,113.8,MIN,745881,0.65,2.08
2024-07-22,Jeff McNeil,643446,630023,2,12,240.29,89.53,31,103.6,MIA,746034,-0.12,2.25
2024-07-22,Francisco Lindor,596019,630023,2,32,227.55,80.1,26,104.8,MIA,746034,0.15,2.62
2024-07-22,Josh Bell,605137,656849,2,48,34.35,75.28,30,100.4,MIA,746034,0.25,2.51
2024-07-22,Bryan De La Cruz,650559,676130,1,62,31.95,74.21,28,101.4,MIA,746034,-0.73,2.52
2024-07-22,Francisco Lindor,596019,608638,0,71,63.79,55.69,27,102.7,MIA,746034,-0.14,2.54
2024-07-22,Teoscar Hernández,606192,605483,1,29,35.3,58.93,30,106.3,LAD,746124,-1.1,1.92
2024-07-22,Tyler Fitzgerald,666149,642232,1,49,58.38,54.4,28,102.7,LAD,746124,-0.12,2.87
2024-07-22,Ketel Marte,606466,666142,0,20,36.18,56.17,32,107,KC,746280,-0.55,1.31
2024-07-22,Salvador Perez,521692,700270,0,28,136.54,27.25,25,107.1,KC,746280,0.4,2.42
2024-07-22,Bobby Witt Jr.,677951,612434,0,39,88.5,28.51,29,109.2,KC,746280,-0.06,2.57
2024-07-22,Hunter Renfroe,592669,612434,0,46,56.39,50.99,37,107.9,KC,746280,-0.14,2.89
2024-07-22,Charlie Blackmon,453568,656557,0,20,210.45,65.23,35,97.7,COL,746526,0.51,2.45
2024-07-22,Jamie Westbrook,642197,596295,2,40,82.8,32,30,103.6,COL,746526,-0.75,1.75
2024-07-22,Connor Wong,657136,656222,0,66,206.08,68.49,40,97.7,COL,746526,0.48,2.54
2024-07-22,Sam Hilliard,656541,677161,1,85,158.44,19.2,26,106.2,COL,746526,-0.28,2.46
2024-07-22,Justyn-Henry Malloy,669234,471911,1,3,38.69,66.22,28,104.6,CLE,746612,-0.78,2.72
2024-07-22,Colt Keith,690993,657265,2,73,233.24,89.46,32,97.3,CLE,746612,0,2.15
2024-07-22,Ian Happ,664023,668964,0,49,195.69,63.41,20,110.9,CHC,746850,0.21,2.79
2024-07-22,Willy Adames,642715,687863,0,61,188.58,51.39,33,104.6,CHC,746850,-0.2,3.15
2024-07-22,Will Benson,666181,625643,1,17,193.21,54.45,24,107.4,ATL,747095,-0.39,2.63
2024-07-23,Luis Arraez,650333,687792,2,33,180.88,52.73,28,95.8,WSH,744828,0.15,2.9
2024-07-23,Jurickson Profar,595777,687792,2,34,41.62,48.14,22,108.3,WSH,744828,0.28,2.42
2024-07-23,Brandon Lowe,664040,621244,1,38,220.71,69.46,26,108,TOR,744904,0.31,1.88
2024-07-23,Vladimir Guerrero Jr.,665489,655889,0,47,101.87,28.96,21,112,TOR,744904,-0.45,2.11
2024-07-23,Justin Turner,457759,655889,0,48,47,63.29,33,98.2,TOR,744904,-0.17,2.08
2024-07-23,Andrew Benintendi,643217,622250,0,62,237.02,89.94,31,103.6,TEX,744985,0.5,2.64
2024-07-23,Nolan Arenado,571448,694973,0,30,49.2,63.41,26,102.7,PIT,745475,-0.06,2.09
2024-07-23,Victor Caratini,605170,674370,0,17,102.91,37.51,27,104.6,OAK,745632,-0.12,1.84
2024-07-23,Lawrence Butler,671732,814005,0,21,176.22,40.23,19,113,OAK,745632,0.24,2.46
2024-07-23,Seth Brown,664913,814005,1,30,166.76,36.48,30,102.4,OAK,745632,-0.24,2.13
2024-07-23,Zack Gelof,680869,814005,1,31,41.05,55.35,30,106.1,OAK,745632,0.46,2.94
2024-07-23,Shea Langeliers,669127,661527,1,59,24.52,85.77,29,103.3,OAK,745632,-0.5,2.7
2024-07-23,Jeremy Peña,665161,519008,2,71,44.66,50.19,22,106.2,OAK,745632,0.17,1.92
2024-07-23,Brent Rooker,667670,814005,2,8,45.21,62.03,21,110.1,OAK,745632,-0.09,3.24
2024-07-23,Gleyber Torres,650402,500779,1,12,195.06,68.41,24,100.4,NYY,745715,0.42,2.31
2024-07-23,Jeff McNeil,643446,543859,1,46,166.31,45.17,26,97.4,NYY,745715,-0.38,1.93
2024-07-23,Jesús Sánchez,660821,544150,0,15,,,23,114.7,MIA,746036,0.54,2.93
2024-07-23,Tyler Fitzgerald,666149,689017,2,12,21.63,85.25,33,104,LAD,746118,0.17,2.29
2024-07-23,Ketel Marte,606466,679525,1,35,,,21,111.2,KC,746281,0.47,1.67
2024-07-23,Tyler O'Neill,641933,621389,1,22,12.04,47.32,30,112.9,COL,746524,0.15,2.39
2024-07-23,Tyler O'Neill,641933,621389,2,5,140.17,22.33,31,102.2,COL,746524,0.23,1.48
2024-07-23,Steven Kwan,680757,656412,0,21,219.42,82.06,41,102.2,CLE,746614,0.43,2.18
2024-07-23,Wenceel Pérez,672761,675540,1,28,205.6,62.29,26,103.4,CLE,746614,-0.08,2.41
2024-07-23,Jhonkensy Noel,678877,656412,0,31,19.71,82.92,39,108.9,CLE,746614,-0.34,2.96
2024-07-23,José Ramírez,608070,666214,0,41,18.1,98.13,27,98,CLE,746614,0.54,3.48
2024-07-24,Jurickson Profar,595777,680730,2,18,111.59,28.77,26,105.5,WSH,744824,-0.03,2.35
2024-07-24,Kyle Higashioka,543309,607179,2,39,27.94,76.75,24,102.9,WSH,744824,-0.05,2.37
2024-07-24,Juan Yepez,660766,663362,1,9,81.13,48.06,26,97.2,WSH,744824,-0.16,2.07
2024-07-24,Vladimir Guerrero Jr.,665489,621107,2,21,67.84,48.16,35,104.7,TOR,744905,0.31,2.14
2024-07-24,Luis Robert Jr.,673357,543135,1,21,23.68,100.87,20,113,TEX,744989,-0.22,2.56
2024-07-24,Corey Seager,608369,623167,1,5,212.67,74.67,22,109.7,TEX,744989,0.68,2.62
2024-07-24,Robbie Grossman,543257,694363,0,63,44.19,52.6,28,106.4,TEX,744989,-0.31,1.53
2024-07-24,Nathaniel Lowe,663993,694363,2,70,91.76,32,26,106.9,TEX,744989,-0.08,2.51
2024-07-24,Mitch Haniger,571745,656288,0,13,168.03,40.65,25,104.6,SEA,745231,0.37,2.43
2024-07-24,Rowdy Tellez,642133,669461,0,33,242.14,58.51,40,108.8,PIT,745472,0.56,2.73
2024-07-24,Chas McCormick,676801,676664,1,36,115.55,29.46,33,106,OAK,745634,0.34,2.43
2024-07-24,Tyrone Taylor,621438,543037,2,17,24.41,72.25,29,105.4,NYY,745716,-0.01,3.85
2024-07-24,Juan Soto,665742,640455,2,22,135.66,19.78,30,110.9,NYY,745716,-0.26,2.46
2024-07-24,Pete Alonso,624413,543037,0,25,58.28,52.18,32,109.8,NYY,745716,0.09,2.64
2024-07-24,Francisco Lindor,596019,543037,0,36,240.18,91.32,29,106.5,NYY,745716,0.6,2.43
2024-07-24,Gleyber Torres,650402,640455,0,4,37.47,68.17,28,103.6,NYY,745716,-0.06,2.3
2024-07-24,Mark Vientos,668901,657612,0,64,49.01,67.1,23,103.5,NYY,745716,-0.25,2.15
2024-07-24,Francisco Lindor,596019,657571,1,69,76.5,31.16,25,107.9,NYY,745716,0.17,2.36
2024-07-24,Matt Wallner,670242,605400,1,17,197.08,34.67,29,112.9,MIN,745877,-0.52,2.66
2024-07-24,Trea Turner,607208,701581,1,36,63.43,38.37,35,105.8,MIN,745877,-0.11,3.17
2024-07-24,Josh Bell,605137,694646,1,27,163.73,35.71,26,104.2,MIA,746035,-0.31,2.42
2024-07-24,Matt Chapman,656305,607192,0,26,138.71,30.88,23,105.7,LAD,746119,0.38,3.59
2024-07-24,Eugenio Suárez,553993,608379,2,10,9.62,75.48,41,110.1,KC,746279,-0.21,2.52
2024-07-24,Joc Pederson,592626,608379,1,25,169.3,23.65,28,107.2,KC,746279,-0.13,2.36
2024-07-24,Christian Walker,572233,608379,1,26,55.22,51.03,22,106.8,KC,746279,0.23,1.98
2024-07-24,Ketel Marte,606466,663704,1,72,133.82,29.59,28,102.6,KC,746279,0.09,2.14
2024-07-24,Jacob Stallings,607732,601713,1,29,27.22,77.57,27,96.4,COL,746525,-0.23,1.85
2024-07-24,Ryan McMahon,641857,690544,0,39,46.6,63.59,22,104.5,COL,746525,-0.02,1.94
2024-07-24,Ezequiel Tovar,678662,601713,0,4,37.03,68.19,29,103.8,COL,746525,-0.32,2.37
2024-07-24,Jarren Duran,680776,615698,2,48,171.94,35.48,29,100,COL,746525,-0.13,2.05
2024-07-24,Brenton Doyle,686668,502624,2,64,44.26,63.58,37,98.4,COL,746525,-0.07,2.43
2024-07-24,Matt Vierling,663837,676440,2,3,212.93,86.26,24,98.5,CLE,746611,0.33,2.33
2024-07-24,Seiya Suzuki,673548,669060,1,25,61.56,54.59,22,104.9,CHC,746851,-0.41,2.11
2024-07-24,Elly De La Cruz,682829,642216,0,23,186.54,48.02,26,105.6,ATL,747091,-0.48,1.85
2024-07-24,Jake Fraley,641584,642216,2,6,237.23,96.9,24,105.3,ATL,747091,-0.28,2.57
2024-07-25,Brandon Lowe,664040,605135,2,3,228.59,94.32,36,109.5,TOR,744907,0.58,2.67
2024-07-25,Marcus Semien,543760,686563,0,21,37.34,70.32,29,99.3,TEX,744984,-0.14,2.7
2024-07-25,Francisco Lindor,596019,519242,2,24,95.86,37.05,21,105.4,NYM,745794,-0.57,2.29
2024-07-25,Colton Cowser,681297,682610,2,22,160.17,38.55,28,102.3,MIA,746037,0.13,2.41
2024-07-25,Connor Norby,681393,682610,0,27,198.4,63.8,29,100.5,MIA,746037,0.43,2.36
2024-07-25,Anthony Santander,623993,682610,2,3,238.06,72.3,29,105.2,MIA,746037,-0.31,2.61
2024-07-25,Josh Bell,605137,669203,2,47,88.42,42.19,29,104.7,MIA,746037,0.15,2.8
2024-07-25,Nick Ahmed,605113,643511,1,74,102.38,40.9,25,102.6,LAD,746117,-0.39,1.58
2024-07-25,Shohei Ohtani,660271,643511,1,75,226.51,92.6,46,112.6,LAD,746117,0.43,2.39
2024-07-25,Lawrence Butler,671732,670046,0,23,109.67,32.66,23,106.2,LAA,746199,-0.14,1.99
2024-07-25,Brent Rooker,667670,670046,1,3,15.54,60.45,31,111,LAA,746199,-0.26,2.3
2024-07-25,Daz Cameron,663662,670046,1,32,170.86,51.42,24,102.7,LAA,746199,0.1,2.42
2024-07-25,Javier Báez,595879,668909,1,13,31.43,62.48,30,107.2,CLE,746609,-0.22,2.65
2024-07-26,Adolis García,666969,579328,1,42,227.34,100.8,30,96.4,TOR,744906,-0.04,3.25
2024-07-26,Masyn Winn,691026,669022,0,23,69.28,39.93,23,107.7,STL,745146,-0.38,2.36
2024-07-26,Nolan Arenado,571448,669022,0,26,23.8,99.07,46,99.9,STL,745146,-0.35,2.82
2024-07-26,Paul Goldschmidt,502671,640448,2,89,51.93,55.84,24,105.9,STL,745146,-0.54,2.49
2024-07-26,Tyler Fitzgerald,666149,607536,2,34,21,74.5,32,105.6,SF,745315,0.01,2.3
2024-07-26,Jorge Soler,624585,607536,0,4,51.32,46.46,28,107.6,SF,745315,-0.08,3.15
2024-07-26,Tyler Fitzgerald,666149,641755,1,49,58.75,53.05,26,101.5,SF,745315,-0.42,2.45
2024-07-26,Heliot Ramos,671218,621389,0,69,33,68.33,24,111.1,SF,745315,-0.36,2.29
2024-07-26,Bryson Stott,681082,594902,0,41,225.89,62.09,25,107.7,PHI,745554,0.66,1.82
2024-07-26,Adam Duvall,594807,673540,1,10,8.04,90.8,23,113,NYM,745792,-0.17,2.89
2024-07-26,J.D. Martinez,502110,450203,0,25,203.35,72.67,32,101.4,NYM,745792,0.51,1.92
2024-07-26,Mark Vientos,668901,450203,1,28,51.12,65.52,24,100.5,NYM,745792,-0.56,2.36
2024-07-26,Francisco Alvarez,682626,450203,2,30,45.13,54.06,31,104.6,NYM,745792,-0.84,2.8
2024-07-26,Marcell Ozuna,542303,679358,1,49,28.54,81.03,25,100.9,NYM,745792,-0.28,2.95
2024-07-26,Adam Duvall,594807,518617,0,73,123.39,23.67,24,108.7,NYM,745792,0.35,2.67
2024-07-26,Rhys Hoskins,656555,669432,0,23,50.5,54.76,32,103.9,MIL,745964,0.72,2.81
2024-07-26,Bryan De La Cruz,650559,642547,1,3,11.46,86.67,38,105.4,MIL,745964,-0.66,2.93
2024-07-26,Jake Burger,669394,642547,2,5,,,27,106.6,MIL,745964,-0.56,2.96
2024-07-26,Josh Bell,605137,676083,0,69,76.75,52.04,24,97.4,MIL,745964,-1.16,2.77
2024-07-26,Seth Brown,664913,608334,2,14,207.53,56.27,38,106.3,LAA,746200,0,2.17
2024-07-26,Brent Rooker,667670,668968,2,42,114.99,31.99,22,108.1,LAA,746200,0.42,2.61
2024-07-26,Taylor Ward,621493,621112,1,6,138.68,31.5,30,100.6,LAA,746200,-0.02,2.55
2024-07-26,Nolan Schanuel,694384,621112,2,9,179.3,41.9,33,102.6,LAA,746200,0.15,2.31
2024-07-26,Salvador Perez,521692,543294,2,39,32.99,69.01,24,109.9,KC,746277,-0.08,2.49
2024-07-26,Alex Bregman,608324,694813,1,21,31.37,71.72,26,105.2,HOU,746361,-0.15,2.78
2024-07-26,Jon Singleton,572138,694813,0,28,228.66,71.33,24,108,HOU,746361,0.68,2.29
2024-07-26,Matt Wallner,670242,672456,1,10,223.52,81.32,36,99.3,DET,746448,0.6,2.43
2024-07-26,Byron Buxton,621439,672456,1,2,80.58,50.45,25,105.2,DET,746448,0.22,2.44
2024-07-26,Javier Báez,595879,641154,1,23,49.6,60.74,27,104.1,DET,746448,0.49,2.14
2024-07-26,Trevor Larnach,663616,672456,1,3,197.23,64.86,20,106.2,DET,746448,0.17,1.73
2024-07-26,Christian Vázquez,543877,666214,1,45,39.08,64.94,32,100.9,DET,746448,-0.1,2.03
2024-07-26,Victor Robles,645302,689672,2,10,,,28,106.3,CWS,746767,0.09,2.46
2024-07-26,Jorge Polanco,593871,694363,1,33,58.01,42.48,28,105,CWS,746767,-0.13,2.23
2024-07-26,Josh Rojas,668942,689672,2,8,195.86,59,28,101.1,CWS,746767,-0.05,2.25
2024-07-26,Dylan Moore,664238,689672,2,9,72.52,49.76,28,104.8,CWS,746767,0.17,3.1
2024-07-26,Anthony Volpe,683011,678394,2,13,128.67,31.78,33,103.2,BOS,746933,0.02,3
2024-07-26,Aaron Judge,592450,677161,1,62,122.19,8.21,26,114.4,BOS,746933,-0.05,2.45
2024-07-26,Austin Wells,669224,677161,1,63,224.21,72.08,38,105,BOS,746933,0.45,2.13
2024-07-26,Ceddanne Rafaela,678882,596133,1,69,36.07,64.74,32,106.4,BOS,746933,-0.37,2.73
2024-07-26,Jordan Westburg,676059,800049,0,12,168.05,33.5,21,109.8,BAL,747010,0.01,3.02
2024-07-26,Jurickson Profar,595777,680570,0,40,192.23,53.32,26,103.3,BAL,747010,-0.18,3.11
2024-07-26,Anthony Santander,623993,670970,0,64,76.9,26.7,25,110.3,BAL,747010,-0.38,2.42
2024-07-26,Jurickson Profar,595777,518886,2,74,119.73,24.71,24,106,BAL,747010,-0.86,2.64
2024-07-26,Joc Pederson,592626,682847,0,46,213.43,36.81,27,112.7,AZ,747174,-0.22,3.22
2024-07-27,Daulton Varsho,662139,547179,2,11,35.38,88.75,38,95,TOR,744908,-0.98,2.74
2024-07-27,Alex Jackson,656577,671096,0,37,68.95,44.46,27,102.8,TB,745059,0.23,1.68
2024-07-27,Yandy Díaz,650490,671096,0,38,191.76,58.36,28,103.3,TB,745059,0.65,2.64
2024-07-27,Keibert Ruiz,660688,669461,1,51,64.04,54.23,28,99.4,STL,745150,-0.16,2.34
2024-07-27,Willson Contreras,575929,663623,1,56,131.35,35.55,32,107,STL,745150,0.54,3.06
2024-07-27,Matt Chapman,656305,663372,1,15,41.29,65.21,36,106.4,SF,745307,0,2.89
2024-07-27,Michael Toglia,669911,676254,1,50,225.03,87.6,25,107.9,SF,745307,0.12,1.93
2024-07-27,Tyler Fitzgerald,666149,595928,2,62,48.91,63.27,26,98.8,SF,745310,-0.44,2.35
2024-07-27,Bryce Harper,547180,471911,0,26,41.17,83.49,35,98.3,PHI,745553,-0.96,2.32
2024-07-27,Brandon Marsh,669016,471911,1,29,215.21,62.33,28,101.9,PHI,745553,-0.23,1.6
2024-07-27,Kyle Schwarber,656941,680704,2,33,156.98,31.58,30,105.9,PHI,745553,-0.05,3.17
2024-07-27,Nick Castellanos,592206,658648,0,45,207.3,82.43,27,100.4,PHI,745553,0.11,3.13
2024-07-27,Marcell Ozuna,542303,656731,2,22,74.6,35.64,27,106.8,NYM,745793,-0.26,2.7
2024-07-27,Matt Olson,621566,656731,2,23,81.36,50.89,19,105.4,NYM,745793,-0.57,2.23
2024-07-27,Eddie Rosario,592696,656731,0,44,227.2,84.81,30,97.2,NYM,745793,0.24,1.8
2024-07-27,Rhys Hoskins,656555,676974,2,31,63.26,87.85,26,99.8,MIL,745966,-0.45,2.6
2024-07-27,Josh Bell,605137,665625,1,54,167.51,38.49,29,105.2,MIL,745966,-0.19,1.94
2024-07-27,Nolan Schanuel,694384,687765,1,24,209.99,72.83,24,103.9,LAA,746203,-0.08,1.92
2024-07-27,Shea Langeliers,669127,542881,1,4,85.37,37.81,38,104.7,LAA,746203,0.17,2.69
2024-07-27,Hunter Renfroe,592669,684007,2,14,46.45,50.22,21,111,KC,746278,0.45,3.1
2024-07-27,Seiya Suzuki,673548,607625,1,3,94.41,26.28,22,104.8,KC,746278,0.23,1.85
2024-07-27,Patrick Wisdom,621550,669674,1,52,74.54,32.61,28,110.9,KC,746278,0.23,2.71
2024-07-27,Shohei Ohtani,660271,669854,0,18,237.22,56.51,29,118.7,HOU,746362,0.26,2.45
2024-07-27,Cavan Biggio,624415,605463,1,65,193.85,64,30,97.5,HOU,746362,-0.07,3
2024-07-27,Alex Bregman,608324,595014,0,80,30.23,64.17,33,101.9,HOU,746362,-0.43,2.98
2024-07-27,Royce Lewis,668904,669373,1,3,51.36,54,29,106.7,DET,746446,-0.13,2.01
2024-07-27,Javier Báez,595879,592779,2,55,51.77,55.27,28,97.3,DET,746446,-0.72,2.82
2024-07-27,Colt Keith,690993,595345,2,57,213.7,72.57,31,102.3,DET,746446,1.03,2.78
2024-07-27,Jorge Polanco,593871,607200,0,27,120.36,26.66,29,107.9,CWS,746768,0.04,2.04
2024-07-27,Cal Raleigh,663728,605121,0,39,193.34,38.47,26,107.6,CWS,746768,-0.32,2.21
2024-07-27,Jorge Polanco,593871,605121,0,40,231.98,85.33,28,110.7,CWS,746768,0.17,2.62
2024-07-27,Oswaldo Cabrera,665828,676710,2,16,219.46,72.85,29,98,BOS,746931,0.73,2.15
2024-07-27,Juan Soto,665742,676710,0,2,172.24,44.17,36,105.8,BOS,746931,0.1,2.84
2024-07-27,Aaron Judge,592450,676710,0,3,61.46,35.92,33,110.6,BOS,746931,-0.15,3.22
2024-07-27,Tyler O'Neill,641933,664776,0,48,40.71,69.37,40,108.3,BOS,746931,-0.44,2.11
2024-07-27,Tyler O'Neill,641933,543859,1,67,78.76,55.13,39,104.8,BOS,746931,0.05,1.77
2024-07-27,Wilyer Abreu,677800,573186,1,8,133.81,29.12,21,107.6,BOS,746931,0.1,1.85
2024-07-27,Manny Machado,592518,608344,1,51,162.21,35.89,24,108.7,BAL,747006,0.44,2.68
2024-07-27,Cedric Mullins,656775,670810,1,78,203.5,42.41,27,106,BAL,747006,0.2,2.69
2024-07-27,Corbin Carroll,682998,594835,0,15,204.41,56.1,31,99.8,AZ,747171,0.1,2.09
2024-07-27,Ketel Marte,606466,594835,0,17,193.98,44.89,25,109.4,AZ,747171,0.32,2.82
2024-07-27,Oneil Cruz,665833,694297,1,2,197.97,20.99,31,115.5,AZ,747171,-0.48,3.64
2024-07-28,Daulton Varsho,662139,642546,2,10,193.79,54.2,31,101.5,TOR,744902,-0.39,2.24
2024-07-28,Vladimir Guerrero Jr.,665489,642546,1,25,197.81,70.14,29,103.5,TOR,744902,0.16,2.5
2024-07-28,Josh Smith,669701,650893,0,62,193.77,49.75,28,101.8,TOR,744902,0.4,2.4
2024-07-28,Willson Contreras,575929,687792,1,6,,,37,106.3,STL,745145,-0.47,2.24
2024-07-28,Paul Goldschmidt,502671,571670,0,68,38.87,65.94,31,99.3,STL,745145,-0.4,3.13
2024-07-28,Casey Schmitt,669477,596295,1,5,60.56,40.64,23,107.9,SF,745305,-0.16,1.9
2024-07-28,Michael Toglia,669911,663855,1,56,54.57,68.28,25,105.2,SF,745305,-0.25,3.41
2024-07-28,Kyle Schwarber,656941,676282,0,21,203.45,54.8,20,110.1,PHI,745550,-0.33,2.15
2024-07-28,Jhonkensy Noel,678877,663465,0,29,101.96,24.1,29,109.6,PHI,745550,-0.01,2.46
2024-07-28,Kyle Schwarber,656941,676282,0,5,77.31,45.58,28,106.4,PHI,745550,0.01,2.27
2024-07-28,Steven Kwan,680757,621237,2,55,231.22,91.02,26,101,PHI,745550,0.87,2.29
2024-07-28,Matt Olson,621566,656849,0,25,245.88,72.98,30,109.2,NYM,745795,0.1,2.54
2024-07-28,Orlando Arcia,606115,592773,0,49,82.92,41.46,25,99.8,NYM,745795,-0.26,2.76
2024-07-28,Austin Riley,663586,592773,1,52,47.68,64.94,33,96.7,NYM,745795,-0.38,2.67
2024-07-28,Ramón Laureano,657656,518617,0,60,66.86,48.97,30,102.6,NYM,745795,0.79,2.46
2024-07-28,Pete Alonso,624413,623474,2,67,101.15,22.39,32,112.2,NYM,745795,0.01,2.32
2024-07-28,Xavier Edwards,669364,668964,0,1,213.38,74.94,35,96.3,MIL,745961,0.01,3.04
2024-07-28,Jake Bauers,641343,667725,2,10,235.8,76.23,36,101.7,MIL,745961,0.43,3.24
2024-07-28,Jackson Chourio,694192,642629,0,45,164.21,46.16,34,101.7,MIL,745961,0.37,2.3
2024-07-28,Taylor Ward,621493,674370,2,43,55.61,49.91,30,100.3,LAA,746195,0.37,2.2
2024-07-28,Freddy Fermin,666023,665871,1,33,26.31,104.33,42,89.7,KC,746274,-0.77,3.12
2024-07-28,Patrick Wisdom,621550,663704,1,69,132.99,21.8,25,107.6,KC,746274,0.3,2.19
2024-07-28,James Outman,681546,681293,1,30,35.42,93.3,41,97.4,HOU,746364,0.09,2.02
2024-07-28,Gavin Lux,666158,681293,0,39,191.26,60.23,36,98.1,HOU,746364,0.55,2.72
2024-07-28,Yainer Diaz,673237,681911,2,46,55.84,46.29,25,108.8,HOU,746364,0.14,3.14
2024-07-28,Teoscar Hernández,606192,687911,0,55,29.05,89.17,22,109.3,HOU,746364,-0.66,1.7
2024-07-28,Cal Raleigh,663728,676979,1,3,68.03,57.27,27,97.7,CWS,746770,0.65,3.1
2024-07-28,Paul DeJong,657557,682243,1,59,130.83,25.1,29,108.4,CWS,746770,0.2,2.3
2024-07-28,Rob Refsnyder,608701,607074,0,28,50.42,49.78,27,108.1,BOS,746929,0.39,3.51
2024-07-28,Connor Wong,657136,607074,0,29,83.84,81.16,34,100.5,BOS,746929,-0.26,1.72
2024-07-28,Xander Bogaerts,593428,657097,0,51,30.26,67.72,33,106.2,BAL,747008,-0.73,2.67
2024-07-28,Oneil Cruz,665833,573009,0,39,230.31,69.81,39,109.2,AZ,747173,1.19,2.72
2024-07-28,Eugenio Suárez,553993,670059,0,76,71.13,52.47,37,103,AZ,747173,0.46,1.93
2024-07-28,Lourdes Gurriel Jr.,666971,670059,2,79,14.04,83.78,24,110.6,AZ,747173,-0.08,2.59
2024-07-29,Matt Carpenter,572761,543135,0,20,200.32,49.25,30,103.1,STL,745147,-0.33,2.06
2024-07-29,Nathaniel Lowe,663993,688297,1,55,55.79,49.85,33,101.1,STL,745147,-0.46,2.61
2024-07-29,Ben Rice,700250,554430,2,11,193.22,48.56,31,99.3,PHI,745547,0.44,3.05
2024-07-29,Aaron Judge,592450,554430,2,3,36.29,60.66,35,105,PHI,745547,0.19,3.05
2024-07-29,Brandon Marsh,669016,661563,1,30,233.05,71.12,33,108.6,PHI,745547,-0.1,2.93
2024-07-29,Aaron Judge,592450,628708,1,55,43.84,44.98,33,105.4,PHI,745547,-1.01,2.97
2024-07-29,Anthony Volpe,683011,642397,2,66,63.06,64.03,31,96.8,PHI,745547,-0.14,1.66
2024-07-29,Jazz Chisholm Jr.,665862,596117,1,77,205.87,63.48,35,100.7,PHI,745547,-0.27,2.99
2024-07-29,Jazz Chisholm Jr.,665862,554430,1,9,40.36,87.16,38,99.3,PHI,745547,0.27,2.5
2024-07-29,Pete Alonso,624413,680573,0,29,17.11,72.74,35,105.6,NYM,745791,-0.41,3.11
2024-07-29,Ryan Jeffers,680777,676130,0,83,20.29,78.28,30,100.5,NYM,745791,-0.12,2.03
2024-07-29,Marcell Ozuna,542303,607067,0,23,9.08,63.71,27,114.3,MIL,745959,-0.21,2.34
2024-07-29,Orlando Arcia,606115,607067,1,31,96.35,31.36,28,104,MIL,745959,0.21,2.45
2024-07-29,Rhys Hoskins,656555,656550,1,35,68.73,57.68,30,95.1,MIL,745959,0.32,2.51
2024-07-29,Willy Adames,642715,445926,1,45,61.41,30.35,35,104.6,MIL,745959,-0.55,2.22
2024-07-29,Jackson Chourio,694192,670241,0,61,37.79,68.78,29,98.1,MIL,745959,0.06,2.05
2024-07-29,Sean Murphy,669221,669060,2,69,20.62,70.17,25,106.8,MIL,745959,-0.13,1.95
2024-07-29,Yasmani Grandal,518735,672391,2,39,215.73,69.7,33,103.9,HOU,746360,-0.03,2.55
2024-07-29,Michael A. Taylor,572191,623352,2,71,83.58,41.06,27,109.6,HOU,746360,0.23,2.64
2024-07-29,José Ramírez,608070,676614,0,19,50.85,31.81,26,108.8,DET,746444,0.14,2.14
2024-07-29,Bo Naylor,666310,676614,2,43,233.85,92.59,27,100.8,DET,746444,-0.55,2.6
2024-07-29,José Ramírez,608070,676614,2,51,60.94,51.6,30,104.6,DET,746444,-0.17,1.15
2024-07-29,Wenceel Pérez,672761,683769,0,73,189.64,54.57,30,100.1,DET,746444,-0.34,2.74
2024-07-29,Will Benson,666181,592791,2,17,223.97,78.56,38,105.2,CIN,746684,0.1,2.75
2024-07-29,TJ Friedl,670770,592791,1,38,216.69,71.88,22,101.3,CIN,746684,0.08,3.08
2024-07-29,Jeimer Candelario,600869,663878,1,59,218.6,64.21,28,104.7,CIN,746684,-0.23,2.91
2024-07-29,Michael Busch,683737,571656,0,64,159.54,41.79,37,105.6,CIN,746684,0.2,1.7
2024-07-29,Andrew Vaughn,683734,608717,0,59,45.97,46.74,34,106.7,CWS,746765,-0.56,2
2024-07-29,Hunter Renfroe,592669,621051,1,64,211.9,84.14,33,96.2,CWS,746765,0.33,3.25
2024-07-29,MJ Melendez,669004,621051,1,65,237.27,90.21,40,102.6,CWS,746765,0.4,2.04
2024-07-29,Bobby Witt Jr.,677951,605154,2,70,61.8,57.38,28,98.8,CWS,746765,0.34,1.62
2024-07-29,Masataka Yoshida,807799,669302,2,22,177.84,34.59,31,106.3,BOS,746928,0.04,2.38
2024-07-29,Dominic Smith,642086,663423,0,43,26.84,95.12,31,98.6,BOS,746928,-0.57,2.9
2024-07-29,Randy Arozarena,668227,601713,1,50,23.7,90.55,40,100,BOS,746928,0.45,2.99
2024-07-29,Cal Raleigh,663728,601713,1,51,227.54,64.92,34,106.2,BOS,746928,0.59,2.27
2024-07-29,Romy Gonzalez,663853,642100,0,55,166.65,40.86,24,106.5,BOS,746928,0.19,2.39
2024-07-29,Addison Barger,680718,621107,1,46,172.69,32.73,31,106.8,BAL,747007,-0.08,1.92
2024-07-29,Anthony Santander,623993,666720,2,54,198.78,66.25,32,96.1,BAL,747007,0.06,2
2024-07-29,Vladimir Guerrero Jr.,665489,669211,1,63,234.79,86.02,25,102.1,BAL,747007,0.9,3.83
2024-07-29,Ryan Mountcastle,663624,657024,2,75,236.91,98.7,30,100.4,BAL,747007,-0.17,3.71
2024-07-29,Jordan Westburg,676059,670102,0,19,80.55,39.69,31,102.9,BAL,747039,-0.02,2.83
2024-07-29,Vladimir Guerrero Jr.,665489,608344,0,68,128.93,30.86,16,112.2,BAL,747039,0.08,2.25
2024-07-29,Colton Cowser,681297,670102,0,7,198.77,40.31,34,109.2,BAL,747039,0.35,3.27
2024-07-29,Alex Call,669743,656756,1,6,37.16,75.21,29,96,AZ,747172,-0.14,1.98
2024-07-29,Ketel Marte,606466,640448,0,83,231.37,77.18,19,110.2,AZ,747172,0.98,1.69
2024-07-29,Corbin Carroll,682998,640448,1,86,198.45,55.36,18,109.5,AZ,747172,-0.34,2.92
2024-07-30,Emmanuel Rivera,656896,605488,1,3,38.57,78.9,27,100.6,TB,745060,0.17,2.45
2024-07-30,Christopher Morel,666624,665795,1,31,84.15,34.17,25,104.9,TB,745060,-0.78,1.51
2024-07-30,Jake Burger,669394,641302,0,36,24.95,67.04,26,107.2,TB,745060,-0.04,3.34
2024-07-30,Masyn Winn,691026,453286,0,4,65.8,41.41,25,103.7,STL,745149,0.12,1.79
2024-07-30,Tommy Pham,502054,674003,2,43,175.96,42.87,22,106.2,STL,745149,0.64,2.88
2024-07-30,Wyatt Langford,694671,458681,0,8,23.47,87.29,38,106.6,STL,745149,-0.02,2.93
2024-07-30,Lawrence Butler,671732,592662,1,17,155.54,39.2,25,106.5,SF,745309,0.38,2.32
2024-07-30,Brent Rooker,667670,592662,1,35,55.66,53.61,33,105,SF,745309,-0.7,2.36
2024-07-30,JJ Bleday,668709,573124,0,56,229.01,86.8,32,97.3,SF,745309,0.66,2.36
2024-07-30,Daz Cameron,663662,592662,0,9,17.25,94.14,22,105,SF,745309,0.06,2.09
2024-07-30,Manny Machado,592518,607192,0,15,155.6,35.69,21,108.3,SD,745389,0.09,2.82
2024-07-30,Cavan Biggio,624415,663362,2,7,226.21,106.25,38,92.2,SD,745389,0.12,2.27
2024-07-30,Manny Machado,592518,595014,0,70,62.08,43.8,29,108.3,SD,745389,-0.35,2.37
2024-07-30,Jackson Merrill,701538,595014,1,72,209.76,63.01,34,102.5,SD,745389,0.86,2.57
2024-07-30,Austin Hays,669720,701542,1,19,29.48,93.97,44,99.5,PHI,745546,-0.21,1.97
2024-07-30,Jazz Chisholm Jr.,665862,605400,0,45,196.29,44.95,38,104.9,PHI,745546,0.03,3.22
2024-07-30,Jazz Chisholm Jr.,665862,621381,1,57,233.88,98.3,31,98,PHI,745546,-0.19,3.3
2024-07-30,Mark Vientos,668901,701581,0,33,39.8,64.98,28,99.7,NYM,745787,-0.73,1.85
2024-07-30,Jarred Kelenic,672284,605452,2,29,33.28,81.46,31,100.9,MIL,745958,-0.58,3
2024-07-30,Ryan McMahon,641857,656288,1,20,23.67,94.61,32,100.3,LAA,746197,-0.5,2.53
2024-07-30,Ezequiel Tovar,678662,650671,2,61,67.01,38.34,27,105.6,LAA,746197,-0.57,2.31
2024-07-30,Jo Adell,666176,656234,1,64,85.08,25.58,27,109.1,LAA,746197,-0.08,2.33
2024-07-30,Yainer Diaz,673237,663559,0,31,24.64,98.7,24,104.2,HOU,746365,-0.27,2.09
2024-07-30,Michael A. Taylor,572191,686613,2,46,46.16,56.09,32,104.3,HOU,746365,-0.36,3.43
2024-07-30,Josh Naylor,647304,656412,1,25,230.76,92.5,40,99,DET,746441,0.17,3.06
2024-07-30,José Ramírez,608070,671345,2,55,218.27,79.69,24,101.5,DET,746441,-0.79,3.09
2024-07-30,Brayan Rocchio,677587,666214,2,62,75.9,45.46,25,103.8,DET,746441,0.15,2.27
2024-07-30,Santiago Espinal,669289,657006,0,17,224.21,101.07,37,93.3,CIN,746683,0.53,2.97
2024-07-30,Cody Bellinger,641355,680689,0,47,194.64,70.24,35,96.2,CIN,746683,0.17,3.75
2024-07-30,Michael Massey,686681,686563,2,17,161.2,39.56,27,102.5,CWS,746763,-0.52,2.72
2024-07-30,Andrew Vaughn,683734,608379,1,29,14.13,83.75,26,106.7,CWS,746763,-0.85,1.97
2024-07-30,Rafael Devers,646240,622491,1,24,31.85,95.57,39,96,BOS,746926,0.25,3.42
2024-07-30,Jorge Polanco,593871,572020,2,29,85.93,35.21,28,100.7,BOS,746926,0.25,2.6
2024-07-30,Ramón Urías,602104,605135,0,19,203.08,65.29,27,103.2,BAL,747005,0.52,2.98
2024-07-30,Anthony Santander,623993,663893,1,41,197.48,74.5,30,97.4,BAL,747005,0.04,1.93
2024-07-30,Eugenio Suárez,553993,674285,0,52,,,32,111.2,AZ,747167,0.17,1.93
2024-07-30,Eugenio Suárez,553993,672851,2,64,53.21,58.64,27,100.3,AZ,747167,-0.24,1.8
2024-07-30,Eugenio Suárez,553993,571578,2,8,32.77,71.11,31,99.6,AZ,747167,-0.45,2.6
2024-07-31,Jake Burger,669394,671737,1,20,48,45.9,26,107.8,TB,745061,0.09,2.99
2024-07-31,Christopher Morel,666624,682610,2,6,12.39,94.1,23,107.3,TB,745061,0,2.46
2024-07-31,Jonah Bride,681146,671737,0,8,55.49,83.62,33,98.8,TB,745061,-0.56,3.48
2024-07-31,Luis Campusano,669134,477132,1,32,26.11,100.23,31,98.5,SD,745386,-0.19,1.57
2024-07-31,DJ LeMahieu,518934,650911,1,11,89.41,41.42,23,103.7,PHI,745543,-0.49,2.18
2024-07-31,Weston Wilson,642215,641482,0,37,44.93,60.01,25,104.9,PHI,745543,-0.12,3.32
2024-07-31,Mark Vientos,668901,641154,0,14,228.59,92.41,34,100.7,NYM,745789,-0.13,2.95
2024-07-31,Matt Wallner,670242,622663,0,22,161.53,23.32,26,108.2,NYM,745789,-0.43,2.56
2024-07-31,Byron Buxton,621439,622663,1,9,65.6,33.26,25,106.5,NYM,745789,-0.21,2.2
2024-07-31,Matt Olson,621566,642547,1,27,67.74,52.59,23,101.7,MIL,745960,-0.19,2.9
2024-07-31,Travis d'Arnaud,518595,642547,1,28,25.45,73.13,31,99.5,MIL,745960,0.16,2.3
2024-07-31,Matt Olson,621566,683232,0,62,162.61,34.5,30,103,MIL,745960,0.51,2.88
2024-07-31,Travis d'Arnaud,518595,683232,0,63,71.99,41.15,28,101.5,MIL,745960,0.27,2.04
2024-07-31,Logan O'Hoppe,681351,607536,1,36,196.6,65.22,25,105.3,LAA,746198,0.37,2.65
2024-07-31,Brenton Doyle,686668,668968,1,57,32.35,50.61,32,108.6,LAA,746198,-0.11,2.07
2024-07-31,Mauricio Dubón,643289,670059,2,49,55.21,53.7,25,104.4,HOU,746363,-0.69,3.13
2024-07-31,Joey Bart,663698,664285,0,9,42.72,56.47,34,107.8,HOU,746363,-0.06,2.42
2024-07-31,Jake Fraley,641584,543294,0,40,207.97,77.95,36,97.9,CIN,746678,-0.59,2.12
2024-07-31,Ian Happ,664023,666157,2,47,138.84,29.44,28,105.3,CIN,746678,-0.37,2.77
2024-07-31,Freddy Fermin,666023,689672,1,11,78.23,47.32,26,100.1,CWS,746764,0.2,2.97
2024-07-31,Vinnie Pasquantino,686469,671111,0,69,218.71,64.58,35,101.7,CWS,746764,0.27,2.21
2024-07-31,Josh Rojas,668942,678394,1,36,101.21,36.41,29,101.4,BOS,746925,0.08,1.9
2024-07-31,Colton Cowser,681297,502179,2,17,197.19,42.1,34,103,BAL,747003,0.1,2.73
2024-07-31,Addison Barger,680718,680570,0,19,205.38,71.19,40,99.8,BAL,747003,0.55,2.91
2024-07-31,Jackson Holliday,702616,666720,1,48,241.98,62.68,32,109.2,BAL,747003,0.37,2.55
2024-08-01,Logan O'Hoppe,681351,663372,0,30,104.42,16.23,27,110.2,LAA,746196,0.38,2.74
2024-08-01,Mickey Moniak,666160,663372,1,47,164.93,36.72,35,104.2,LAA,746196,-0.57,3.1
2024-08-01,Jake Cave,595909,519326,2,68,109.55,33.27,31,106.8,LAA,746196,-0.2,2.16
2024-08-01,Michael Toglia,669911,608334,1,9,164.62,47.13,22,106.1,LAA,746196,-0.14,2.7
2024-08-01,Vinnie Pasquantino,686469,672456,0,3,213.67,78.53,29,94.4,DET,746442,-0.04,1.37
2024-08-01,Bobby Witt Jr.,677951,669724,1,54,57.06,59.72,18,110.7,DET,746442,-0.42,2.51
2024-08-01,Vinnie Pasquantino,686469,669724,1,55,224.23,70.44,23,105.6,DET,746442,-0.32,2.92
2024-08-01,David Fry,681807,669432,2,25,76.64,41.67,30,100.8,CLE,746607,-0.32,2.74
2024-08-01,Anthony Santander,623993,594902,1,28,,,28,111.2,CLE,746607,0.11,2.58
2024-08-01,José Ramírez,608070,544150,0,55,211.96,74.52,22,103.3,CLE,746607,-0.74,1.99
2024-08-01,Bo Naylor,666310,657097,2,60,236.7,81.44,34,103.9,CLE,746607,0.92,2.13
2024-08-01,Paul Goldschmidt,502671,684007,2,3,86.69,40.51,35,104.5,CHC,746849,-0.05,2.42
2024-08-01,Seiya Suzuki,673548,543243,1,46,99.12,14.48,25,110,CHC,746849,-0.22,2.12
2024-08-01,Masyn Winn,691026,684007,1,51,47.8,76,20,102.4,CHC,746849,-0.69,3
2024-08-01,Cody Bellinger,641355,664854,1,70,104.41,39.23,27,99.2,CHC,746849,-0.45,2.72
2024-08-01,Orlando Arcia,606115,676974,2,27,38.79,58.23,32,106,ATL,747092,0.04,2.47
2024-08-01,Austin Riley,663586,676974,1,7,225.57,102.16,38,99.3,ATL,747092,0.54,2.52
2024-08-01,Matt Olson,621566,676974,1,9,215.53,76.63,36,101.5,ATL,747092,0.58,1.59
2024-08-02,CJ Abrams,682928,593423,1,25,156.17,41.85,33,102.2,WSH,744825,-0.13,3.09
2024-08-02,William Contreras,661388,606930,1,57,111.79,21.53,26,108,WSH,744825,0.24,3.17
2024-08-02,Wilyer Abreu,677800,570632,1,11,238.74,84.24,24,112.2,TEX,744986,0.05,2.11
2024-08-02,Leody Taveras,665750,676710,0,20,222.96,93.92,29,94.6,TEX,744986,0.44,2.4
2024-08-02,Corey Seager,608369,676710,1,22,177.59,41.31,33,106.5,TEX,744986,0.31,1.76
2024-08-02,Ceddanne Rafaela,678882,656641,2,46,43.9,58.8,31,104.2,TEX,744986,-0.11,2.24
2024-08-02,Corey Seager,608369,676710,1,5,196.75,66.67,32,99.4,TEX,744986,-0.21,2.54
2024-08-02,Marcus Semien,543760,676710,0,50,54.79,53.3,27,101.7,TEX,744986,0.1,2.73
2024-08-02,Rafael Devers,646240,605177,1,73,232.97,88.74,26,101.6,TEX,744986,0.54,2.2
2024-08-02,Luke Raley,670042,663969,1,16,220.48,37.88,28,115.4,SEA,745224,-0.04,2.51
2024-08-02,Justin Turner,457759,663969,2,21,32.75,67.35,29,101.1,SEA,745224,0.59,2.46
2024-08-02,Victor Robles,645302,663969,0,5,27.9,56.24,32,109.8,SEA,745224,-0.48,1.8
2024-08-02,Mitch Haniger,571745,621237,2,60,53.31,49.58,33,108.1,SEA,745224,-0.52,2.55
2024-08-02,Manny Machado,592518,596295,0,12,63.9,56.3,19,105.3,SD,745387,0.39,1.78
2024-08-02,Donovan Solano,456781,596295,0,28,75.86,48.25,22,106.2,SD,745387,-0.04,2.36
2024-08-02,Brendan Rodgers,663898,681190,0,8,54.37,57.55,21,107.8,SD,745387,-0.3,2.19
2024-08-02,Ketel Marte,606466,682847,0,2,221.14,58.75,27,106.2,PIT,745471,-0.06,3.09
2024-08-02,Joc Pederson,592626,682847,0,3,241.31,66.62,32,107.6,PIT,745471,0.15,1.8
2024-08-02,Josh Bell,605137,682847,0,4,194.99,48.27,28,106.8,PIT,745471,0.28,2.89
2024-08-02,Josh Bell,605137,547973,2,62,225.08,86.08,32,100,PIT,745471,0.61,2.94
2024-08-02,Ketel Marte,606466,642701,0,76,232.45,76.45,37,101.2,PIT,745471,0.64,3.2
2024-08-02,Shea Langeliers,669127,694813,0,28,10.17,66.61,25,112.8,OAK,745631,-0.49,2.16
2024-08-02,Seth Brown,664913,694813,1,30,194.07,51.17,28,99.5,OAK,745631,0.16,3.43
2024-08-02,Brent Rooker,667670,523260,0,39,117.58,29.85,34,108.2,OAK,745631,-0.25,2.75
2024-08-02,Teoscar Hernández,606192,683155,2,4,59.72,58.98,32,99.6,OAK,745631,-0.43,3.63
2024-08-02,Shohei Ohtani,660271,621053,2,73,224.74,67.16,25,116.3,OAK,745631,0.17,3.24
2024-08-02,Aaron Judge,592450,592332,1,10,58.12,36.33,28,117.5,NYY,745719,-0.19,2.5
2024-08-02,Anthony Volpe,683011,592332,0,44,169.91,41.96,28,101.4,NYY,745719,-0.29,3.02
2024-08-02,Miguel Vargas,678246,657746,2,19,58.26,60.97,37,102.4,MIN,745875,-0.27,1.86
2024-08-02,Willi Castro,650489,621051,2,66,185.51,50.24,29,98.8,MIN,745875,-0.28,2.5
2024-08-02,Byron Buxton,621439,672860,2,68,85.46,32.34,31,106.7,MIN,745875,0.74,2.27
2024-08-02,Royce Lewis,668904,663436,2,7,19.55,70.93,21,105.7,MIN,745875,-0.51,2.06
2024-08-02,Pete Alonso,624413,542881,1,22,2.56,79.24,26,113.8,LAA,746193,0.01,2.16
2024-08-02,Dylan Carlson,666185,579328,0,2,55.48,73.34,41,98,HOU,746354,-0.08,3.12
2024-08-02,Salvador Perez,521692,669373,0,10,67.4,26.86,23,113,DET,746443,0.23,2.16
2024-08-02,Justyn-Henry Malloy,669234,666142,2,7,38.7,60.58,33,103.8,DET,746443,-0.26,2.53
2024-08-02,Casey Schmitt,669477,671096,2,11,45.39,48.89,36,108.9,CIN,746679,-0.17,1.82
2024-08-02,Tyler Fitzgerald,666149,607259,1,48,57.4,56.2,32,99,CIN,746679,0.2,3.01
2024-08-02,Christian Bethancourt,542194,607200,1,16,182.16,54.15,30,100.1,CHC,746845,-0.44,2.62
2024-08-02,Michael Busch,683737,607200,2,18,201.85,62.19,37,104,CHC,746845,0.04,2.42
2024-08-02,Jake Burger,669394,680885,1,17,50.32,47.05,26,105.4,ATL,747089,0.33,2.35
2024-08-02,Orlando Arcia,606115,678368,0,35,172.09,44.18,28,102.2,ATL,747089,0.48,2.75
2024-08-02,Jonah Bride,681146,680885,2,4,51.32,55.12,34,100.1,ATL,747089,-0.17,2.66
2024-08-03,Luis García Jr.,671277,650644,0,23,196.97,53.05,26,102,WSH,744823,0.09,1.64
2024-08-03,Rhys Hoskins,656555,571882,0,51,77.15,50.98,39,98.2,WSH,744823,0.48,2.5
2024-08-03,Rob Refsnyder,608701,674003,1,2,23.6,72.91,31,103.2,TEX,744987,0.19,2.89
2024-08-03,Rob Refsnyder,608701,674003,0,23,81.47,43.61,24,106.4,TEX,744987,0.51,2.11
2024-08-03,Jonah Heim,641680,656557,2,35,225.78,73.28,36,100.3,TEX,744987,0.29,1.95
2024-08-03,Leody Taveras,665750,656557,2,36,204.32,72.43,25,99.6,TEX,744987,0.19,2.07
2024-08-03,Mitch Haniger,571745,663465,1,40,47.47,62.77,31,103.4,SEA,745225,-0.1,1.71
2024-08-03,Hunter Goodman,696100,527048,1,14,81.36,43.05,34,106.5,SD,745388,-0.23,3.58
2024-08-03,Jacob Stallings,607732,656945,1,53,42.09,83.15,23,99.5,SD,745388,-0.65,2.27
2024-08-03,Joey Bart,663698,656756,1,11,42.1,51.54,28,108.4,PIT,745474,-0.23,2.6
2024-08-03,Bryan Reynolds,668804,677944,0,45,153.27,16.33,29,106.1,PIT,745474,-0.19,2.36
2024-08-03,Trent Grisham,663757,621244,0,16,205.08,57.99,26,102.6,NYY,745714,0.21,2.19
2024-08-03,Vladimir Guerrero Jr.,665489,607074,2,3,110.2,30.87,29,104.7,NYY,745714,-0.22,1.49
2024-08-03,Anthony Volpe,683011,621244,2,43,50.24,51.48,40,100.4,NYY,745714,-0.37,2.45
2024-08-03,Aaron Judge,592450,621244,1,7,82.21,31.97,31,102.5,NYY,745714,-0.9,3.3
2024-08-03,Ryan Jeffers,680777,676979,2,12,37.62,84.77,44,101.8,MIN,745876,-0.05,3.33
2024-08-03,Brooks Baldwin,681460,641927,0,41,175.51,41.15,28,104.9,MIN,745876,-0.39,3.22
2024-08-03,Max Kepler,596146,657053,2,54,241.5,89.32,27,105.2,MIN,745876,-0.07,2.52
2024-08-03,J.D. Martinez,502110,519326,1,54,107.1,30.68,27,105.9,LAA,746194,-0.87,1.95
2024-08-03,Zach Neto,687263,623211,2,61,35.11,68.96,23,109.2,LAA,746194,-0.2,2.72
2024-08-03,Jon Singleton,572138,641793,1,15,205.3,80.93,41,101.3,HOU,746358,0.77,2.45
2024-08-03,Josh Lowe,666139,669854,2,37,205.67,70.65,21,107.3,HOU,746358,-0.2,2.69
2024-08-03,Yandy Díaz,650490,605463,0,50,210.78,88.29,23,98.4,HOU,746358,0.81,2.58
2024-08-03,Josh Lowe,666139,605463,2,53,55.7,87.2,42,100.4,HOU,746358,0.22,2.45
2024-08-03,Vinnie Pasquantino,686469,628317,2,41,230.91,85.77,30,100.2,DET,746440,-0.23,2.01
2024-08-03,Paul DeJong,657557,628317,1,50,17.45,81.19,23,108.2,DET,746440,-0.38,2.48
2024-08-03,Bligh Madris,676632,640451,0,68,164.51,32.32,29,102.8,DET,746440,0.04,2.38
2024-08-03,Angel Martínez,682657,621107,1,21,215.58,85.84,33,95.6,CLE,746608,0.18,1.36
2024-08-03,José Ramírez,608070,622554,1,68,239.83,81.12,32,107.5,CLE,746608,-0.2,2.58
2024-08-03,Tyler Stephenson,663886,690986,1,14,154.48,37.54,37,102.4,CIN,746681,-0.2,3.15
2024-08-03,Jonathan India,663697,690986,2,22,20.96,65.59,34,104.8,CIN,746681,-0.17,2.52
2024-08-03,Tyler Stephenson,663886,690986,0,30,127.82,30,33,103.5,CIN,746681,0.61,3.16
2024-08-03,Stuart Fairchild,656413,690986,2,33,11.69,94.87,23,110.8,CIN,746681,-0.15,3.22
2024-08-03,Michael Conforto,624424,458677,0,49,23.91,92.83,32,104.6,CIN,746681,-0.12,2.19
2024-08-03,Jerar Encarnacion,666464,663574,2,58,175.79,53.96,32,101.7,CIN,746681,-0.46,2.72
2024-08-03,Matt Chapman,656305,664747,0,64,50.4,44.88,27,105.9,CIN,746681,0.34,2.41
2024-08-03,Alec Burleson,676475,592791,1,2,214.55,78.21,34,103.2,CHC,746846,0.42,3.17
2024-08-03,Michael Busch,683737,502043,0,6,193.03,56.64,37,107.5,CHC,746846,0.46,2.02
2024-08-03,Jake Burger,669394,656550,2,21,106.07,34.64,35,106.8,ATL,747087,0.11,3.46
2024-08-03,Marcell Ozuna,542303,667725,1,24,19.33,60.96,30,103.7,ATL,747087,-0.9,2.62
2024-08-04,Gary Sánchez,596142,676395,2,59,80.93,24.5,26,111.4,WSH,744826,-0.11,2.06
2024-08-04,Luis García Jr.,671277,668964,2,6,137.77,32.41,30,106.1,WSH,744826,0.5,2.32
2024-08-04,Josh Jung,673962,601713,1,13,13.29,96.64,30,103.1,TEX,744979,0.03,2.65
2024-08-04,Wilyer Abreu,677800,543135,2,28,71.34,49.05,30,102.8,TEX,744979,-0.34,2.74
2024-08-04,Jarren Duran,680776,543135,1,35,170.24,43.39,29,104.6,TEX,744979,-0.1,2.01
2024-08-04,Wilyer Abreu,677800,679156,0,43,191.56,46.13,24,105.6,TEX,744979,-0.25,2.82
2024-08-04,Corey Seager,608369,601713,1,6,215.79,73.66,39,103.2,TEX,744979,0.03,3.05
2024-08-04,David Hamilton,666152,656271,2,62,217.42,71.44,31,102.4,TEX,744979,0.6,2.65
2024-08-04,Kyle Schwarber,656941,669302,0,1,236.01,63.84,23,114.9,SEA,745222,0.33,2.34
2024-08-04,Bryson Stott,681082,554340,0,51,176.26,43.31,28,101.6,SEA,745222,0.15,2.49
2024-08-04,Bryce Harper,547180,642048,2,55,194.63,56.49,28,100.7,SEA,745222,0.16,2.58
2024-08-04,Alec Bohm,664761,642048,2,56,42.68,69.2,35,104.2,SEA,745222,-0.37,1.75
2024-08-04,Brenton Doyle,686668,663362,0,26,41.99,84,40,100.9,SD,745384,-0.09,2.74
2024-08-04,Kyle Higashioka,543309,615698,0,37,42.96,79.11,23,98.3,SD,745384,0.14,1.76
2024-08-04,Jurickson Profar,595777,615698,1,39,222.05,73.35,34,101,SD,745384,-0.44,2.15
2024-08-04,David Peralta,444482,664875,0,47,194.28,55.2,22,104,SD,745384,0.03,1.96
2024-08-04,Jacob Stallings,607732,670970,0,51,24.74,95.79,27,99.4,SD,745384,-0.22,2.61
2024-08-04,Joc Pederson,592626,670059,2,57,60.98,45.96,23,107.4,PIT,745468,-0.61,2.53
2024-08-04,Ketel Marte,606466,663765,1,72,150.75,33.86,29,104.7,PIT,745468,-0.26,1.96
2024-08-04,Brent Rooker,667670,689981,2,11,68.28,35.02,27,108.7,OAK,745627,-0.54,2.68
2024-08-04,Juan Soto,665742,650893,0,57,68.89,49.14,23,109.3,NYY,745718,-0.05,1.69
2024-08-04,Royce Lewis,668904,623167,1,22,223.72,97.75,36,97.1,MIN,745879,0.75,2.93
2024-08-04,Andrew Benintendi,643217,660896,1,65,214.98,82.82,28,97.8,MIN,745879,0.4,1.98
2024-08-04,MJ Melendez,669004,571946,2,71,227,92.12,39,102,DET,746439,-0.22,3
2024-08-04,Jackson Holliday,702616,668909,1,31,217.54,84.33,28,97.3,CLE,746606,0.79,2.29
2024-08-04,Gunnar Henderson,683002,668909,2,34,180.63,47.92,19,104.7,CLE,746606,0.23,1.64
2024-08-04,Josh Naylor,647304,669203,2,48,161.96,32.73,24,107.7,CLE,746606,-0.28,2.18
2024-08-04,Jeimer Candelario,600869,592662,2,13,45.74,64.39,36,100.3,CIN,746680,-0.4,3.04
2024-08-04,Santiago Espinal,669289,592662,2,14,79.7,45.87,31,97.3,CIN,746680,0.32,3.16
2024-08-04,Matt Chapman,656305,686730,1,25,131.81,28.55,22,109.1,CIN,746680,-0.03,1.99
2024-08-04,LaMonte Wade Jr.,664774,686730,0,38,201.99,72.62,17,107.7,CIN,746680,0.52,1.69
2024-08-04,Tyler Fitzgerald,666149,518585,1,56,71.46,49.05,29,101.6,CIN,746680,-0.01,2.02
2024-08-04,Masyn Winn,691026,657006,1,19,164.04,41.08,30,100.5,CHC,746844,0.23,3.06
2024-08-04,Mike Tauchman,643565,667463,0,46,50.51,71.27,25,101.5,CHC,746844,0.02,2.56
2024-08-04,Miguel Amaya,665804,681676,2,49,99.05,43.74,28,97.7,CHC,746844,0.44,1.94
2024-08-04,Jonah Bride,681146,592426,2,33,25.45,94.92,27,98.3,ATL,747088,-0.44,2.35
2024-08-05,Tyler Fitzgerald,666149,571578,0,1,40.81,53.05,28,103.2,WSH,744821,-0.37,1.83
2024-08-05,Matt Chapman,656305,571578,2,20,15.95,73.93,36,107.9,WSH,744821,-0.24,1.96
2024-08-05,Alex Bregman,608324,571760,2,18,61.76,53.65,21,106.2,TEX,744982,0.03,1.97
2024-08-05,Corey Seager,608369,519151,2,63,190.52,55.1,28,103.6,TEX,744982,-0.57,2.99
2024-08-05,Josh Smith,669701,657571,2,80,196.13,48.46,33,104.2,TEX,744982,0.14,2.9
2024-08-05,Jeff McNeil,643446,542888,2,46,230.67,98.2,22,102.4,STL,745184,-0.24,2.21
2024-08-05,Lawrence Butler,671732,641771,2,50,148.47,35.28,28,104.1,OAK,745628,0.33,2.26
2024-08-05,Elly De La Cruz,682829,682610,0,2,200.92,50.23,23,109,MIA,746038,0.25,1.91
2024-08-05,Noelvi Marte,682622,682610,1,29,197.78,67.01,28,102.4,MIA,746038,0.64,3.08
2024-08-05,Ty France,664034,641312,1,40,150.96,33.67,25,107.6,MIA,746038,0.26,2.44
2024-08-05,Jesús Sánchez,660821,596001,0,52,196.9,16.85,27,116.4,MIA,746038,-0.03,2.32
2024-08-05,Elly De La Cruz,682829,641312,2,71,208.31,46.01,29,108.1,MIA,746038,0.6,3.02
2024-08-05,Teoscar Hernández,606192,605400,1,23,11.13,88.79,21,112.9,LAD,746116,-0.51,1.95
2024-08-05,Shohei Ohtani,660271,621383,0,60,85.16,49.19,37,107.4,LAD,746116,-0.16,2.66
2024-08-05,Romy Gonzalez,663853,672582,0,56,102.28,17.25,21,112.3,KC,746276,0.21,2.47
2024-08-05,Vinnie Pasquantino,686469,472610,0,72,209.72,52.48,24,101.4,KC,746276,-0.37,2.88
2024-08-05,Ketel Marte,606466,671106,0,1,72.44,49.84,30,101.3,CLE,746600,0.01,3.1
2024-08-05,Gabriel Moreno,672515,671106,0,2,33.17,71.72,30,102,CLE,746600,-0.73,3.12
2024-08-05,Joc Pederson,592626,605130,1,64,208.15,56.25,26,107.6,CLE,746600,-0.27,2.54
2024-08-05,Manuel Margot,622534,543294,0,31,52.61,65.77,27,96.6,CHC,746847,0.74,2.31
2024-08-06,Heliot Ramos,671218,669022,1,2,148.61,27.05,26,108.4,WSH,744817,0.2,3.05
2024-08-06,CJ Abrams,682928,806185,1,23,194.32,58.17,33,100.7,WSH,744817,-0.65,4.42
2024-08-06,Keibert Ruiz,660688,806185,0,31,206.46,57.65,30,101.6,WSH,744817,-0.27,2.87
2024-08-06,Michael Conforto,624424,669022,2,6,172.5,38.13,21,113.2,WSH,744817,0.28,1.96
2024-08-06,James Wood,695578,663546,0,77,85.37,32.62,30,108.3,WSH,744817,0.61,2.25
2024-08-06,Jackson Holliday,702616,605135,1,35,178.83,41.42,29,101.5,TOR,744901,0.46,2.53
2024-08-06,Alejandro Kirk,672386,642397,2,42,21.79,78.92,22,107.6,TOR,744901,-0.62,1.93
2024-08-06,Yordan Alvarez,670541,641540,2,64,197.32,36.98,32,112,TEX,744983,0.69,2.6
2024-08-06,Corey Seager,608369,664285,2,70,193.11,46.35,36,104.9,TEX,744983,-0.31,2.51
2024-08-06,Victor Scott II,687363,605488,2,19,192.92,55.71,33,99.7,STL,745141,0.41,3.08
2024-08-06,Brandon Lowe,664040,543243,0,2,231.31,62.6,28,104.4,STL,745141,0.07,2.23
2024-08-06,Tommy Pham,502054,605488,2,21,55.66,54.26,29,99.1,STL,745141,-0.32,3.14
2024-08-06,Luke Raley,670042,672456,1,37,97.28,36.84,31,107.6,SEA,745221,-0.19,2.16
2024-08-06,Parker Meadows,678009,663423,2,58,215.66,56.38,26,105.3,SEA,745221,0,2.43
2024-08-06,Andrew Benintendi,643217,548389,2,28,229.14,91.3,34,98.4,OAK,745629,0.01,2.62
2024-08-06,Zack Gelof,680869,686563,2,32,9.89,92.48,32,100.5,OAK,745629,0.27,2.16
2024-08-06,Ty France,664034,642629,0,42,169.92,45.52,31,103.8,MIA,746033,0.13,2.06
2024-08-06,Tyler Stephenson,663886,676974,0,9,113.19,41.67,29,104.4,MIA,746033,0.18,2.8
2024-08-06,Teoscar Hernández,606192,656546,0,65,120.23,27.63,28,109.6,LAD,746120,0.02,2.65
2024-08-06,Edmundo Sosa,624641,641703,0,69,229.65,99.38,27,98,LAD,746120,0.68,3.57
2024-08-06,Kyle Schwarber,656941,641703,0,70,246.81,77.54,33,109.2,LAD,746120,0.14,2.59
2024-08-06,Masataka Yoshida,807799,607625,1,21,208.23,67.52,30,97.7,KC,746273,0.9,1.76
2024-08-06,Michael Massey,686681,678394,2,42,194.27,36.56,28,107.6,KC,746273,0,1.86
2024-08-06,Jake Cave,595909,622663,2,34,40.06,74.81,41,98.1,COL,746519,0.13,3.52
2024-08-06,Royce Lewis,668904,684007,1,26,52.14,71.33,22,100.7,CHC,746840,-0.54,2.84
2024-08-06,Christian Vázquez,543877,592767,1,56,15.01,90.39,32,99.1,CHC,746840,-0.01,2.71
2024-08-06,Isaac Paredes,670623,641154,2,8,28.04,88.12,33,101.1,CHC,746840,0.22,2.35
2024-08-06,Willy Adames,642715,693821,1,21,98.99,33.28,27,102.3,ATL,747086,0.68,2.01
2024-08-06,Willy Adames,642715,693821,2,5,123.52,26.72,31,102.4,ATL,747086,-0.01,2.49
2024-08-07,Juan Yepez,660766,605483,2,26,14.07,78.66,37,99.2,WSH,744822,-0.68,2.72
2024-08-07,Mike Yastrzemski,573262,663623,1,29,192.95,41.34,31,107,WSH,744822,-0.14,3.41
2024-08-07,Heliot Ramos,671218,663623,1,37,62.16,40.06,24,109.5,WSH,744822,0.42,2.79
2024-08-07,Matt Chapman,656305,663623,2,39,60.86,43.77,19,108.4,WSH,744822,-0.18,2.47
2024-08-07,Anthony Santander,623993,670102,0,2,186.75,45.81,26,98.3,TOR,744903,-0.57,3.34
2024-08-07,Jackson Holliday,702616,621114,1,53,212.22,64,31,107.2,TOR,744903,0.14,3.01
2024-08-07,Anthony Santander,623993,642232,0,60,48.11,67.16,30,96.9,TOR,744903,-0.51,1.88
2024-08-07,Yordan Alvarez,670541,570632,0,19,157.96,34.25,18,117,TEX,744981,-0.1,1.79
2024-08-07,Victor Caratini,605170,600917,1,44,226.32,85.25,31,102,TEX,744981,0.29,1.9
2024-08-07,Marcus Semien,543760,579328,0,50,17.66,79.69,26,106.7,TEX,744981,-0.19,2.52
2024-08-07,Wenceel Pérez,672761,669923,0,1,213.41,83.41,28,96.5,SEA,745223,0.68,2.03
2024-08-07,Jake Rogers,668670,669923,2,27,34.39,60.24,36,105.4,SEA,745223,0.02,3.67
2024-08-07,Cal Raleigh,663728,669373,1,31,100.56,27.88,22,107,SEA,745223,-0.17,2.66
2024-08-07,Jackson Merrill,701538,594835,0,13,128.26,19.69,27,107.3,PIT,745469,-0.02,2.89
2024-08-07,Kyle Higashioka,543309,594835,0,33,121.44,29.04,27,104.1,PIT,745469,0.43,2.2
2024-08-07,Andrew McCutchen,457705,650633,2,40,9.86,80.58,36,105.3,PIT,745469,-0.49,2.37
2024-08-07,Jackson Merrill,701538,670280,1,81,164.89,37.41,35,106.2,PIT,745469,0.06,3.07
2024-08-07,Andrew Benintendi,643217,683155,0,8,200.16,61.22,27,102.9,OAK,745630,-0.06,3.14
2024-08-07,Oswaldo Cabrera,665828,669721,1,19,208.37,78.61,29,99.6,NYY,745709,0.58,3.06
2024-08-07,Zach Neto,687263,664776,0,62,19.31,78.03,34,104,NYY,745709,-0.32,2.41
2024-08-07,Zach Neto,687263,701542,2,15,67.66,42.39,24,106.1,NYY,745713,0.32,2.81
2024-08-07,Derek Hill,656537,671096,1,10,168.77,37.65,30,103.9,MIA,746031,-0.12,2.94
2024-08-07,Jake Burger,669394,671096,1,41,30.83,56,25,106.9,MIA,746031,-0.25,1.59
2024-08-07,TJ Friedl,670770,677053,2,58,189.39,51.72,23,100,MIA,746031,0.36,3.24
2024-08-07,Jake Burger,669394,671096,1,6,149.72,39.39,27,103.9,MIA,746031,0.38,2.68
2024-08-07,Kyle Schwarber,656941,694813,0,1,46.41,67.97,34,102.8,LAD,746115,-0.31,2.68
2024-08-07,Kyle Schwarber,656941,523260,2,51,174.04,33.02,21,109.7,LAD,746115,-0.54,3.05
2024-08-07,Kyle Schwarber,656941,675627,0,70,109.31,34.79,23,107.6,LAD,746115,-0.3,3.03
2024-08-07,Romy Gonzalez,663853,666142,2,23,19.03,73.33,24,105.3,KC,746272,-0.38,2.75
2024-08-07,Danny Jansen,643376,666142,0,29,23.19,82.25,21,107.2,KC,746272,-0.17,2.17
2024-08-07,Vinnie Pasquantino,686469,657514,2,39,220.4,71.93,25,100.8,KC,746272,0.94,2.01
2024-08-07,Bobby Witt Jr.,677951,676710,1,5,22.01,97.75,27,92.9,KC,746272,0.64,2.23
2024-08-07,Bobby Witt Jr.,677951,670174,2,53,136.4,28.83,26,106.4,KC,746272,0.13,2.41
2024-08-07,Ezequiel Tovar,678662,621112,1,7,156.94,26.05,27,104.5,COL,746521,-0.32,2.52
2024-08-07,David Fry,681807,593958,0,13,90.41,38.06,31,105,CLE,746602,0.64,3.14
2024-08-07,Josh Bell,605137,471911,2,21,214.26,75.18,18,110.8,CLE,746602,-0.01,2.33
2024-08-07,José Ramírez,608070,593958,0,45,39.27,64.71,31,105,CLE,746602,-0.31,1.78
2024-08-07,Randal Grichuk,545341,680704,0,49,23.49,73.4,34,106.1,CLE,746602,-0.39,2.02
2024-08-07,Josh Bell,605137,471911,0,7,27.16,82.79,27,101.6,CLE,746602,-0.61,2.73
2024-08-07,Geraldo Perdomo,672695,594902,1,11,200.93,63.18,33,99.2,CLE,746604,-0.37,2.16
2024-08-07,Corbin Carroll,682998,594902,0,31,216.66,85.04,35,96.3,CLE,746604,0.11,2.21
2024-08-07,Josh Naylor,647304,694297,0,36,194.04,51.01,34,110.3,CLE,746604,0.06,2.04
2024-08-07,Ketel Marte,606466,543238,2,69,49.25,54.55,32,102.8,CLE,746604,-0.33,2.02
2024-08-07,Ian Happ,664023,663485,1,37,228.74,85.9,34,105.8,CHC,746842,0.68,1.64
2024-08-07,Michael Busch,683737,657746,1,7,206.96,63.45,33,107.9,CHC,746842,0.14,2.27
2024-08-07,Austin Riley,663586,642547,2,47,52.76,41.22,26,110,ATL,747085,-0.53,1.81
2024-08-07,Jarred Kelenic,672284,642207,0,84,179.67,46.63,32,99.9,ATL,747085,0.47,3.09
2024-08-08,Luis García Jr.,671277,666808,2,77,27.35,96.29,39,93.4,WSH,744819,-0.04,3.64
2024-08-08,Colton Cowser,681297,592332,2,22,28.78,87.92,32,104.2,TOR,744899,0.04,2.06
2024-08-08,Vladimir Guerrero Jr.,665489,665152,0,41,197.06,59.76,26,103.6,TOR,744899,-0.09,2.61
2024-08-08,Brandon Lowe,664040,668941,1,58,98.73,38.29,28,104.9,STL,745143,-0.23,2.43
2024-08-08,Luke Raley,670042,676614,1,42,201.44,73.04,43,104.1,SEA,745226,0.15,2.48
2024-08-08,David Peralta,444482,682847,0,11,239.44,88.29,32,101.6,PIT,745466,0.82,2.55
2024-08-08,Manny Machado,592518,682847,2,4,30.62,66.56,21,107.1,PIT,745466,0.27,3.19
2024-08-08,Joey Bart,663698,673513,1,59,90.85,34.51,25,104.8,PIT,745466,0.62,3.38
2024-08-08,Nolan Schanuel,694384,641482,0,1,197.46,56.29,34,104.4,NYY,745710,0.04,2.88
2024-08-08,Jazz Chisholm Jr.,665862,542881,2,15,190.86,53.24,31,103.2,NYY,745710,0.36,3.13
2024-08-08,Oswaldo Cabrera,665828,690829,0,76,40.06,74.41,27,98,NYY,745710,-0.25,2.47
2024-08-08,TJ Friedl,670770,667725,2,4,203.92,66.59,34,97.5,MIA,746030,-0.19,2.96
2024-08-08,Pete Alonso,624413,596295,0,21,47.33,31.88,27,110.6,COL,746522,0.18,2.07
2024-08-08,Mark Vientos,668901,663567,2,39,47.54,45.31,30,103.5,COL,746522,0.16,2.28
2024-08-08,Pete Alonso,624413,596295,0,4,101.64,9.19,29,111.6,COL,746522,0.07,2.45
2024-08-08,Jackson Chourio,694192,450203,2,16,100.66,36.07,28,101.1,ATL,747081,0,2.51
2024-08-08,Garrett Mitchell,669003,450203,2,17,69.56,44.09,29,104,ATL,747081,-0.23,2.22
2024-08-08,Willy Adames,642715,450203,0,22,56.96,53.37,37,100.6,ATL,747081,-0.19,3.37
2024-08-08,Austin Riley,663586,593423,0,30,30.87,66.01,21,110,ATL,747081,-0.26,2.53
2024-08-08,William Contreras,661388,450203,2,4,91.57,26.98,33,105.8,ATL,747081,-0.24,3.37
2024-08-08,Jake Bauers,641343,670161,0,44,218.36,64.58,30,105.1,ATL,747081,-0.3,2.86
2024-08-08,Jackson Chourio,694192,670161,2,48,213.75,71.45,29,101.8,ATL,747081,0.04,2.95
2024-08-08,Marcell Ozuna,542303,669060,1,74,15.19,58.14,32,108,ATL,747081,-0.16,2.23
2024-08-08,Eugenio Suárez,553993,663465,1,37,16.5,86.82,27,109.5,AZ,747169,0.21,1.95
2024-08-08,Jake McCarthy,664983,689147,0,51,224.51,70.54,36,102.3,AZ,747169,0.39,2.11
2024-08-08,J.T. Realmuto,592663,677944,0,57,67.82,34.68,27,104.4,AZ,747169,0.27,3.8
2024-08-09,Jo Adell,666176,680730,2,13,59.74,37.27,31,106.5,WSH,744818,0.24,2.79
2024-08-09,Darell Hernaiz,687231,621244,0,16,58.51,55.9,23,97,TOR,744900,-1.12,2.86
2024-08-09,George Springer,543807,687765,0,5,48.82,46.72,36,106,TOR,744900,-0.13,1.99
2024-08-09,Spencer Horwitz,687462,613534,1,63,237.38,77.74,34,108.1,TOR,744900,0.38,2.36
2024-08-09,Colton Cowser,681297,641793,0,1,186.73,49.94,36,100.7,TB,745062,-0.1,1.9
2024-08-09,Cedric Mullins,656775,663992,1,44,163.13,30.66,26,105.5,TB,745062,-0.16,1.99
2024-08-09,Dylan Carlson,666185,666974,0,69,233.57,75.4,43,105.3,TB,745062,0.06,2.62
2024-08-09,Ryan Bliss,669208,500779,1,16,58.51,47,27,102.5,SEA,745220,0.52,2.32
2024-08-09,Josh Naylor,647304,686973,2,38,208.43,70.6,33,98.3,MIN,745871,-0.16,2.13
2024-08-09,Matt Wallner,670242,502171,2,46,218.26,70.13,29,106.9,MIN,745871,-0.14,2.49
2024-08-09,Carlos Santana,467793,676282,0,13,34.84,58.04,25,107.7,MIN,745927,0.15,3.43
2024-08-09,Ryan Jeffers,680777,676282,2,29,34.87,86.19,42,104.7,MIN,745927,-0.03,3.6
2024-08-09,Brayan Rocchio,677587,660896,1,50,200.88,70.85,40,99.7,MIN,745927,-0.03,2.59
2024-08-09,Brice Turang,668930,686730,1,17,81.29,50.99,24,101.5,MIL,745957,-0.14,2.3
2024-08-09,Spencer Steer,668715,650644,0,52,28.35,82.53,29,98.3,MIL,745957,0.36,2.67
2024-08-09,Stuart Fairchild,656413,683232,1,55,44.46,46.3,24,109.4,MIL,745957,-0.03,2.63
2024-08-09,Willy Adames,642715,686730,2,8,222.14,72.35,31,104.2,MIL,745957,0.57,3.07
2024-08-09,Jake Burger,669394,527048,0,25,36.53,49.9,27,107.5,MIA,746032,-0.28,2.32
2024-08-09,Jonah Bride,681146,527048,0,26,32.99,68.44,25,103.9,MIA,746032,0.05,2.42
2024-08-09,Jackson Merrill,701538,666277,0,62,150.63,39.44,34,102.8,MIA,746032,-0.16,2.36
2024-08-09,Shohei Ohtani,660271,656605,1,21,142.14,17.94,30,113.9,LAD,746113,0.29,1.79
2024-08-09,Oneil Cruz,665833,656427,0,28,176.01,46.98,19,111.4,LAD,746113,0.04,2.01
2024-08-09,Joey Bart,663698,656427,2,43,56.01,62.55,39,107.5,LAD,746113,0.02,2.4
2024-08-09,Enrique Hernández,571771,593334,2,48,53.88,67.3,19,105.6,LAD,746113,0.21,2.26
2024-08-09,Freddie Freeman,518692,656605,2,7,232.48,77.44,23,110,LAD,746113,0.46,2.93
2024-08-09,Alec Burleson,676475,547179,0,18,228.8,85.17,20,108.1,KC,746275,0.6,1.24
2024-08-09,Willson Contreras,575929,547179,1,3,217.82,69.34,22,104.1,KC,746275,0.74,2.38
2024-08-09,Willson Contreras,575929,672582,0,74,16.39,65.42,28,111.3,KC,746275,-0.15,2.55
2024-08-09,Brenton Doyle,686668,656550,2,23,157.82,26.87,25,106.7,COL,746523,-0.12,2.51
2024-08-09,Marcell Ozuna,542303,685299,2,3,91.38,20.76,21,114.8,COL,746523,0.16,2.12
2024-08-09,Ramón Laureano,657656,664875,0,54,204.51,63.17,31,102.4,COL,746523,0.38,2.32
2024-08-09,Jorge Soler,624585,683409,1,57,59.46,52.81,35,102,COL,746523,0.38,2.24
2024-08-09,Ian Happ,664023,676979,0,1,33.75,68.33,21,107.1,CWS,746760,-0.11,2.04
2024-08-09,Isaac Paredes,670623,676979,1,22,72.39,43.82,33,102,CWS,746760,0.22,2.51
2024-08-09,Nico Hoerner,663538,676979,1,23,32.58,87.3,22,103.7,CWS,746760,0.32,2.43
2024-08-09,Andrew Vaughn,683734,592791,0,36,126.01,31.81,27,105.6,CWS,746760,-0.15,2.33
2024-08-09,Cody Bellinger,641355,676979,1,4,192,47,29,102.3,CWS,746760,0.03,2.22
2024-08-09,Andrew Benintendi,643217,592791,0,48,208.73,81.05,34,95,CWS,746760,-0.23,2.21
2024-08-09,Andrew Benintendi,643217,592767,2,65,203.33,74.09,38,99.7,CWS,746760,-0.2,2.79
2024-08-09,Jose Altuve,514888,608371,1,53,42.08,97.5,31,98.9,BOS,746927,0.04,2.33
2024-08-09,Yainer Diaz,673237,592155,0,76,63.75,27.97,27,110.2,BOS,746927,0.03,3.24
2024-08-09,Joc Pederson,592626,554430,1,21,225.86,74.36,27,103.1,AZ,747168,0.44,2.84
2024-08-09,Bryce Harper,547180,669194,1,46,27.74,83.42,28,101.5,AZ,747168,-0.38,1.98
2024-08-09,Adrian Del Castillo,680728,656546,0,64,220.24,58.3,32,105.9,AZ,747168,-0.17,2.6
2024-08-10,James Wood,695578,656288,0,13,62.29,58.6,32,102.2,WSH,744820,0.42,2.43
2024-08-10,Zach Neto,687263,571578,0,34,137.4,35.76,25,101.8,WSH,744820,0.68,1.63
2024-08-10,Brent Rooker,667670,684320,2,40,68.18,58.08,40,106.5,TOR,744897,-0.18,2.16
2024-08-10,Jackson Holliday,702616,641302,0,11,190.81,46.83,26,104.4,TB,745056,0.18,2.7
2024-08-10,José Caballero,676609,572143,1,59,46.8,59.96,24,100.4,TB,745056,0.44,3.59
2024-08-10,Ramón Urías,602104,621363,0,63,80.47,36.67,32,105.6,TB,745056,-0.03,2.61
2024-08-10,Corey Seager,608369,596133,2,49,209.87,73.76,29,98.8,NYY,745708,0.68,3.47
2024-08-10,Giancarlo Stanton,519317,642520,2,74,120.6,16.37,24,112.2,NYY,745708,-0.34,2.04
2024-08-10,Jazz Chisholm Jr.,665862,642520,2,75,172.27,48.31,32,100.3,NYY,745708,0.16,1.53
2024-08-10,Jazz Chisholm Jr.,665862,681982,2,75,159.45,34.1,33,103.8,NYY,745712,-0.52,3
2024-08-10,Steven Kwan,680757,680573,0,1,188.91,51.67,34,100.5,MIN,745873,0.16,2.7
2024-08-10,Bo Naylor,666310,680573,0,36,218.99,72.81,43,105.2,MIN,745873,-0.34,2.45
2024-08-10,Rhys Hoskins,656555,663574,2,53,49.59,53.64,26,104.7,MIL,745955,-0.3,3.19
2024-08-10,Vidal Bruján,660644,663362,2,34,139.59,31.86,27,103.1,MIA,746026,0.35,3.07
2024-08-10,Jackson Merrill,701538,669622,0,68,190.96,50.67,26,103.7,MIA,746026,0.1,3.02
2024-08-10,Jake Burger,669394,670970,2,77,203.62,69.05,26,102.4,MIA,746026,-0.28,2.12
2024-08-10,Teoscar Hernández,606192,694973,2,39,159.94,29.32,28,108.8,LAD,746112,-0.26,2.45
2024-08-10,Ke'Bryan Hayes,663647,543339,1,68,72.54,54.13,31,101.8,LAD,746112,-0.01,2.94
2024-08-10,Salvador Perez,521692,667463,1,59,187.6,51.41,33,105,KC,746269,0.48,1.9
2024-08-10,Paul Goldschmidt,502671,608379,1,9,139.43,25.34,25,107.8,KC,746269,0.35,2.43
2024-08-10,Sam Hilliard,656541,608331,0,15,226.11,86.98,21,105.5,COL,746520,0.16,2.7
2024-08-10,Matt Olson,621566,641712,2,26,225.31,61.78,41,109.3,COL,746520,0.31,2.02
2024-08-10,Marcell Ozuna,542303,663562,1,43,35.69,63.32,39,99,COL,746520,-0.87,3.19
2024-08-10,Matt Olson,621566,683409,0,63,233.3,79.15,23,111,COL,746520,0.42,1.82
2024-08-10,Jorge Soler,624585,683627,2,73,204.48,66.7,30,101.5,COL,746520,0.61,2.54
2024-08-10,Yordan Alvarez,670541,670174,2,3,177.37,40.72,26,103.5,BOS,746922,-0.6,2.15
2024-08-10,Danny Jansen,643376,681293,0,33,30.29,71.29,32,103.1,BOS,746922,0.14,2.6
2024-08-10,Yordan Alvarez,670541,641745,0,38,237.2,67.72,40,106.2,BOS,746922,0.67,3.05
2024-08-10,Alex Bregman,608324,641745,2,49,112.17,28.4,29,105.3,BOS,746922,-0.15,2.39
2024-08-10,Masataka Yoshida,807799,681293,0,52,,,37,109.3,BOS,746922,0.44,2.07
2024-08-10,Zach Dezenzo,701305,677161,2,58,53.32,36.89,36,106.7,BOS,746922,-0.02,2.25
2024-08-10,Jake McCarthy,664983,605400,2,48,214.53,63.88,27,103.3,AZ,747164,0.48,2.58
2024-08-10,Jake McCarthy,664983,628708,1,63,217.92,54.94,32,104.1,AZ,747164,0.16,2.88
2024-08-10,Corbin Carroll,682998,628708,2,67,49.3,67.76,38,98.4,AZ,747164,-0.55,3.39
2024-08-10,Ketel Marte,606466,605400,1,8,177.88,43.02,36,105.9,AZ,747164,-0.27,2.02
2024-08-11,Jacob Young,696285,686799,0,66,36.66,68.79,34,100.3,WSH,744816,-0.38,2.87
2024-08-11,JJ Bleday,668709,605135,0,3,191.49,59.96,28,97.1,TOR,744895,0.19,2.35
2024-08-11,Daulton Varsho,662139,676664,1,34,227.79,101.48,27,91.1,TOR,744895,0.36,3.14
2024-08-11,Zack Gelof,680869,605135,1,6,88.6,38.79,32,102.7,TOR,744895,0.16,2.96
2024-08-11,Anthony Santander,623993,605488,0,24,52.68,62.03,38,104.7,TB,745057,-0.02,2.98
2024-08-11,Jorge Polanco,593871,622663,0,13,100.11,32.67,26,104.8,SEA,745216,0.22,1.53
2024-08-11,Cal Raleigh,663728,622663,2,42,213.02,51.66,30,108.3,SEA,745216,-0.31,2.14
2024-08-11,Jeff McNeil,643446,622491,2,46,217.83,91.3,37,100.5,SEA,745216,-0.02,2.78
2024-08-11,Cal Raleigh,663728,493603,2,55,196.74,49.99,28,106,SEA,745216,-0.22,2.19
2024-08-11,Matt Vierling,663837,806185,0,1,70.66,53.18,19,105.2,SF,745303,-0.07,2.54
2024-08-11,Dillon Dingler,693307,806185,2,15,148.58,36.45,29,107.9,SF,745303,-0.03,2.57
2024-08-11,Juan Soto,665742,571760,2,23,202.7,49.76,35,110.1,NYY,745711,-0.31,2.87
2024-08-11,Giancarlo Stanton,519317,600917,2,40,21.65,71.33,17,114.9,NYY,745711,0.31,1.55
2024-08-11,Juan Soto,665742,605177,0,60,209.46,56.73,28,106.6,NYY,745711,0.04,3.38
2024-08-11,Aaron Judge,592450,605177,0,61,173.77,55.93,37,108.4,NYY,745711,0.48,3.08
2024-08-11,Nathaniel Lowe,663993,643410,1,68,186.16,43.93,27,103.6,NYY,745711,0.34,1.61
2024-08-11,Carson Kelly,608348,643410,2,71,32.35,72.24,28,101.5,NYY,745711,-0.27,2.04
2024-08-11,Byron Buxton,621439,676440,1,13,36.3,74.52,23,107.4,MIN,745872,0.04,2.46
2024-08-11,José Ramírez,608070,701581,0,24,200.19,68.02,36,97.9,MIN,745872,-0.21,1.64
2024-08-11,David Fry,681807,573204,1,43,67.13,45.81,24,107.1,MIN,745872,0.41,3.14
2024-08-11,Byron Buxton,621439,680704,2,70,33.74,82.71,22,105.2,MIN,745872,0.62,2.43
2024-08-11,Joey Ortiz,687401,666157,1,16,36.88,78.35,32,97.4,MIL,745956,-0.92,1.4
2024-08-11,Tyler Stephenson,663886,669084,2,37,202.8,69.63,32,101.3,MIL,745956,0.52,2.61
2024-08-11,Jake Burger,669394,656302,1,17,153.62,41.57,26,102.8,MIA,746025,0.11,3.86
2024-08-11,Jesús Sánchez,660821,673513,0,57,219.47,69.76,34,101,MIA,746025,0.14,2.89
2024-08-11,Donovan Solano,456781,677053,1,64,26.94,75.84,35,100.7,MIA,746025,-0.47,2.02
2024-08-11,Andrew McCutchen,457705,607192,2,22,,,30,100.1,LAD,746114,0.48,2.51
2024-08-11,Andrew McCutchen,457705,607455,0,63,38.95,57.8,33,105,LAD,746114,-0.23,2.64
2024-08-11,Austin Riley,663586,607536,1,2,115.14,20.15,28,103.4,COL,746517,0.57,2.99
2024-08-11,Travis d'Arnaud,518595,607536,2,25,58.24,34.25,32,104.4,COL,746517,-0.32,1.76
2024-08-11,Jorge Soler,624585,664875,0,53,66.12,27.58,21,106.5,COL,746517,-0.1,3.04
2024-08-11,Jorge Soler,624585,642028,2,67,108.43,17.8,27,106.5,COL,746517,0.51,2.36
2024-08-11,Jake Cave,595909,592426,1,71,49.48,64.34,31,100.6,COL,746517,0.24,2.12
2024-08-11,Alex Bregman,608324,657514,0,34,74.88,27.55,28,105.9,BOS,746923,-0.69,2.02
2024-08-11,Yordan Alvarez,670541,657514,0,35,147.32,27.16,25,110,BOS,746923,0.07,1.67
2024-08-11,Jeremy Peña,665161,472610,2,49,41.13,62.72,35,101.4,BOS,746923,-0.02,3.08
2024-08-11,Corbin Carroll,682998,621237,0,68,64.09,50.88,23,106.2,AZ,747166,-0.22,2.24
2024-08-12,Alex Bregman,608324,671737,1,2,22.32,98.07,36,97.1,TB,745058,-1.01,2.72
2024-08-12,Yainer Diaz,673237,671737,2,20,65.8,45.07,28,105.7,TB,745058,-0.54,2.33
2024-08-12,Bobby Witt Jr.,677951,641154,1,2,55.45,52.52,18,105.3,MIN,745874,-0.38,3.06
2024-08-12,Willi Castro,650489,663903,2,20,215.89,70.47,33,102.6,MIN,745874,0.3,2.02
2024-08-12,Royce Lewis,668904,663903,2,22,36.18,69.16,33,100.3,MIN,745874,-0.62,2.83
2024-08-12,Mookie Betts,605141,642547,2,18,43.67,71.04,36,96.9,MIL,745953,-0.62,2.24
2024-08-12,Shohei Ohtani,660271,642547,0,32,71.9,36.02,36,107,MIL,745953,-0.87,2.64
2024-08-12,William Contreras,661388,523260,2,47,191.01,47.57,21,109.9,MIL,745953,0.26,2.18
2024-08-12,Leo Jiménez,677870,669721,2,22,100.87,40.02,28,99.9,LAA,746192,0.12,2.73
2024-08-12,Mickey Moniak,666160,670102,1,25,211.75,63.52,34,96.3,LAA,746192,0.91,2.79
2024-08-12,Jo Adell,666176,643338,0,67,180,49.05,21,107.2,LAA,746192,0.94,3.16
2024-08-12,Ian Happ,664023,594902,0,16,167.81,32.08,29,106.6,CLE,746603,0.01,1.71
2024-08-12,Pete Crow-Armstrong,691718,594902,1,26,224.29,98.3,26,103.6,CLE,746603,-0.13,2.73
2024-08-12,Jhonkensy Noel,678877,684007,2,36,16.77,77.93,33,106.3,CLE,746603,-0.24,1.17
2024-08-12,Steven Kwan,680757,684007,1,43,220.76,80.77,32,99.9,CLE,746603,0.45,3.16
2024-08-12,Jhonkensy Noel,678877,663878,1,51,50.69,65.76,28,97.9,CLE,746603,0.44,1.93
2024-08-12,Spencer Steer,668715,543243,2,25,40.15,80.96,34,96.3,CIN,746682,-0.47,2.83
2024-08-12,Elly De La Cruz,682829,543243,2,26,180.59,47.24,27,102.2,CIN,746682,0.65,3.22
2024-08-12,Spencer Steer,668715,543243,1,40,74.18,39.14,29,97.7,CIN,746682,0.34,2.47
2024-08-12,Korey Lee,686676,661563,0,37,18.33,72.75,24,108.4,CWS,746762,-0.27,2.29
2024-08-12,Brooks Baldwin,681460,660853,1,71,221.64,93.86,23,104.6,CWS,746762,0.13,1.58
2024-08-12,Corey Seager,608369,690544,2,59,233.29,85.46,24,106.6,BOS,746921,0.22,1.99
2024-08-12,Brendan Rodgers,663898,694297,1,41,107.28,28.54,32,104.9,AZ,747165,-0.07,2.77
2024-08-13,Alex Bregman,608324,669358,2,35,38.55,74.25,23,102.2,TB,745055,0.19,1.91
2024-08-13,Jeremy Peña,665161,669358,1,41,77.08,41.04,26,104,TB,745055,0.02,2.71
2024-08-13,Ramón Laureano,657656,690986,1,11,215.08,81.04,27,102.5,SF,745302,0.72,2.66
2024-08-13,Travis d'Arnaud,518595,690986,2,23,21.24,84.9,35,103.4,SF,745302,-0.53,2.46
2024-08-13,Tyler Fitzgerald,666149,450203,0,25,74.37,34.85,30,106.1,SF,745302,-0.18,2.16
2024-08-13,David Peralta,444482,682847,0,36,178.03,41.18,21,109,SD,745382,-0.15,1.77
2024-08-13,Jake Burger,669394,592836,0,18,59.54,48.72,39,107.5,PHI,745548,-0.33,2.65
2024-08-13,Jesús Sánchez,660821,608032,2,68,201.56,54.9,21,111.1,PHI,745548,0.04,2.36
2024-08-13,Shea Langeliers,669127,621112,0,23,49.34,53.27,30,99.5,NYM,745788,-0.22,1.97
2024-08-13,MJ Melendez,669004,805673,1,12,213.16,59.7,30,106.6,MIN,745867,0.79,2.62
2024-08-13,Christian Vázquez,543877,607625,1,32,137.37,30.74,26,103.4,MIN,745867,0.41,2.05
2024-08-13,Salvador Perez,521692,595345,1,50,122.12,24.98,26,108.1,MIN,745867,0.41,1.77
2024-08-13,Max Kepler,596146,519293,2,57,209.59,68.44,22,100.3,MIN,745867,-0.34,1.97
2024-08-13,Kyle Farmer,571657,519293,1,64,62.43,42.17,32,103.7,MIN,745867,0.11,2.84
2024-08-13,Will Smith,669257,607067,2,10,4.1,82.78,28,106.8,MIL,745954,-0.76,2.36
2024-08-13,Shohei Ohtani,660271,607067,2,19,204.44,50.89,24,109.3,MIL,745954,-0.08,2.47
2024-08-13,William Contreras,661388,694813,2,24,57.48,52.17,38,109.5,MIL,745954,-0.7,1.97
2024-08-13,Gavin Lux,666158,607067,0,27,203.02,50.34,29,105.1,MIL,745954,0.44,2.55
2024-08-13,Andy Pages,681624,607067,1,31,24.86,101.05,21,106.4,MIL,745954,-0.2,2.55
2024-08-13,Vladimir Guerrero Jr.,665489,608334,1,21,50.5,58.4,27,100.9,LAA,746187,-0.29,2.72
2024-08-13,Spencer Horwitz,687462,608334,1,22,172.31,44.47,25,102.8,LAA,746187,-0.23,3.16
2024-08-13,Willie Calhoun,641432,657024,0,70,155.56,41.86,28,99.2,LAA,746187,-0.23,2.23
2024-08-13,Kerry Carpenter,681481,669923,1,21,47.38,70.46,25,102.7,DET,746435,-0.15,2.53
2024-08-13,Kerry Carpenter,681481,669923,1,35,226.39,65.45,28,107,DET,746435,-0.21,2.57
2024-08-13,Jake Rogers,668670,669923,2,40,209.64,79.69,24,102.8,DET,746435,0.47,2.16
2024-08-13,Gio Urshela,570482,663423,0,54,38.34,80.3,25,102.1,DET,746435,0.1,2.42
2024-08-13,Javier Báez,595879,700187,2,59,60.18,64.46,33,99.9,DET,746435,0.63,2.6
2024-08-13,Jhonkensy Noel,678877,592767,2,48,8.52,68.75,25,111.3,CLE,746601,-0.14,2.58
2024-08-13,Ty France,664034,607200,0,14,221.38,92.13,38,98.8,CIN,746673,0.69,3.16
2024-08-13,Jeimer Candelario,600869,607200,2,46,210.75,75.77,34,96.1,CIN,746673,0.24,3.03
2024-08-13,Nolan Arenado,571448,668881,0,48,20.93,74.85,28,103.6,CIN,746673,0.11,2.46
2024-08-13,Juan Soto,665742,686563,1,17,36.88,83.27,32,103.9,CWS,746757,-0.24,2.02
2024-08-13,Juan Soto,665742,686563,0,33,53.29,46.5,25,110.4,CWS,746757,-0.64,2.41
2024-08-13,Juan Soto,665742,686642,1,50,203.93,53.89,32,105.1,CWS,746757,0.51,3.05
2024-08-13,Connor Wong,657136,570632,2,38,17.38,91.82,26,104.7,BOS,746924,-0.66,2.49
2024-08-13,Anthony Santander,623993,663623,1,25,89.26,41.6,24,107,BAL,747004,-0.39,2.07
2024-08-14,Jeremy Peña,665161,641793,0,27,53.24,61.61,35,101.8,TB,745053,-0.22,2.76
2024-08-14,Tyler Fitzgerald,666149,656550,0,10,44.84,87.26,39,96.5,SF,745301,-1,3.63
2024-08-14,Matt Olson,621566,663546,0,21,57.7,65.19,29,101.1,SF,745301,-0.65,2.67
2024-08-14,Austin Riley,663586,669062,0,37,43.59,73.32,34,100.4,SF,745301,0.18,2.38
2024-08-14,Michael Harris II,671739,592662,1,6,223.15,57,24,107.3,SF,745301,0.23,3.33
2024-08-14,Sean Murphy,669221,573124,0,64,39.36,58.58,26,106.2,SF,745301,-0.25,3.08
2024-08-14,David Peralta,444482,656605,1,29,201.94,62.23,34,100.7,SD,745381,0.31,3.11
2024-08-14,Joey Bart,663698,527048,0,47,52.92,67.6,29,96.3,SD,745381,0.32,1.57
2024-08-14,Jake Cronenworth,630105,656605,0,8,224.8,97.19,24,108.2,SD,745381,0.28,1.99
2024-08-14,Jonah Bride,681146,663969,1,4,42.19,66.36,22,103.5,PHI,745544,-0.37,2.65
2024-08-14,Kyle Schwarber,656941,665795,2,42,60.22,61.92,24,106.5,PHI,745544,-0.15,2.27
2024-08-14,Francisco Lindor,596019,683155,0,20,197.27,54.99,31,104.2,NYM,745790,0.31,2.69
2024-08-14,Pete Alonso,624413,683155,0,29,61.15,42.9,28,107.3,NYM,745790,0.45,2.64
2024-08-14,Bobby Witt Jr.,677951,686973,0,17,77.76,45.48,29,103.9,MIN,745869,0.31,4.07
2024-08-14,Carlos Santana,467793,666142,2,29,13.04,79.18,29,106.1,MIN,745869,0.06,2.55
2024-08-14,Paul DeJong,657557,686973,2,45,62.35,34.35,23,111.5,MIN,745869,0.07,3.05
2024-08-14,Jake Bauers,641343,621111,0,18,220.55,76.58,23,107,MIL,745951,0.21,3.15
2024-08-14,Daulton Varsho,662139,542881,1,34,203.13,58.16,34,99.6,LAA,746188,0.28,2.6
2024-08-14,Matt Thaiss,642136,621244,1,39,140.49,34.93,31,101.1,LAA,746188,0.03,2.12
2024-08-14,Vladimir Guerrero Jr.,665489,519326,1,67,52.04,54.34,30,103.7,LAA,746188,-0.43,2.45
2024-08-14,Ernie Clement,676391,542881,1,9,41.83,66.65,29,98.9,LAA,746188,0.5,2.49
2024-08-14,Kerry Carpenter,681481,554340,2,64,230.23,82.09,30,103.1,DET,746436,0.03,2.66
2024-08-14,Jonathan India,663697,502043,1,19,57.08,60.11,25,100.6,CIN,746677,0.46,1.74
2024-08-14,Tyler Stephenson,663886,502043,2,21,178.98,50.47,31,101.1,CIN,746677,0.31,2.16
2024-08-14,Jonathan India,663697,502043,0,37,113.98,33.07,30,102.3,CIN,746677,-0.21,2.65
2024-08-14,TJ Friedl,670770,502043,2,40,236.25,79.12,32,101.6,CIN,746677,0.32,2.35
2024-08-14,TJ Friedl,670770,681517,0,60,193.99,66.41,32,96.4,CIN,746677,0.65,2.83
2024-08-14,Gavin Sheets,657757,701542,0,12,48.36,73.99,23,99.6,CWS,746759,-0.75,3.31
2024-08-14,Juan Soto,665742,663436,1,2,218.88,87.74,37,104.2,CWS,746759,-0.26,2.84
2024-08-14,Aaron Judge,592450,641771,1,67,36.47,82.96,23,110.1,CWS,746759,-0.97,3.21
2024-08-14,Austin Wells,669224,621051,1,68,219.55,69.57,25,110.2,CWS,746759,-0.1,2.16
2024-08-14,Adolis García,666969,656557,0,41,61.62,44.54,21,108.6,BOS,746919,-0.65,1.81
2024-08-14,Wilyer Abreu,677800,641540,0,45,174.78,40.49,26,102,BOS,746919,-0.24,3
2024-08-14,Adolis García,666969,472610,0,58,82.97,51.25,38,102.9,BOS,746919,0.46,2.77
2024-08-14,Wyatt Langford,694671,670174,2,76,67.84,52.57,31,99.4,BOS,746919,-0.43,2.12
2024-08-14,Jonah Heim,641680,677161,0,81,184.35,55.43,27,97.2,BOS,746919,-0.02,2.48
2024-08-14,Gunnar Henderson,683002,687792,1,6,229.8,63.84,26,113.1,BAL,747000,0.5,2.78
2024-08-14,Eugenio Suárez,553993,666207,2,60,61.85,37.87,32,107.6,AZ,747163,0.27,2.31
2024-08-15,Willi Castro,650489,674003,0,12,61.33,56.92,30,101.8,TEX,744980,-0.02,1.93
2024-08-15,Casey Schmitt,669477,445926,1,44,31.37,81.1,20,109.1,SF,745298,0.39,2.05
2024-08-15,Grant McCray,687529,445926,2,46,147.6,37.35,26,102.1,SF,745298,0.43,2.35
2024-08-15,Keibert Ruiz,660688,554430,1,42,188.07,50.61,26,102.3,PHI,745545,0.16,1.47
2024-08-15,Keibert Ruiz,660688,689147,1,57,215.07,82.94,40,101,PHI,745545,0.12,3.13
2024-08-15,Weston Wilson,642215,663432,1,62,191.51,63.93,29,100.8,PHI,745545,0.01,2.54
2024-08-15,Alec Bohm,664761,680730,1,7,26.16,69.2,27,103.7,PHI,745545,-0.59,3.6
2024-08-15,Nick Castellanos,592206,680730,1,8,40.98,70.39,33,98.6,PHI,745545,-0.01,3.41
2024-08-15,Mark Vientos,668901,687765,0,26,196.3,41.78,26,107.2,NYM,745783,0.27,3.05
2024-08-15,JJ Bleday,668709,500779,2,39,227.38,95.1,21,102.7,NYM,745783,0.4,2.73
2024-08-15,Mark Vientos,668901,671305,1,43,209.53,73.98,32,101.1,NYM,745783,-0.09,2.01
2024-08-15,Jackson Chourio,694192,656427,0,5,91.01,32.27,27,104.9,MIL,745950,-0.51,3.19
2024-08-15,William Contreras,661388,656427,1,7,27.94,60.63,30,104.5,MIL,745950,-0.54,2.1
2024-08-15,Javier Báez,595879,662253,2,59,56.23,48.73,26,103.1,DET,746437,0.39,2.37
2024-08-15,Wilyer Abreu,677800,621107,0,21,222.17,62.04,25,106.3,BAL,747002,-0.45,1.37
2024-08-15,Gunnar Henderson,683002,601713,0,26,216.18,62.38,20,110.8,BAL,747002,0.11,1.94
2024-08-15,Cedric Mullins,656775,601713,0,35,208.95,71.13,19,104.3,BAL,747002,-0.08,2.23
2024-08-16,Ryan Jeffers,680777,571760,0,17,24.81,95.57,21,106.7,TEX,744974,0.31,2.51
2024-08-16,Carlos Santana,467793,571760,1,36,82.56,45.95,25,104.5,TEX,744974,0.7,3.04
2024-08-16,Marcus Semien,543760,680573,2,41,44.88,80.98,29,96.6,TEX,744974,-0.46,2.44
2024-08-16,Dylan Carlson,666185,669194,0,34,209.87,70.09,33,100.8,TB,745054,-0.3,2.96
2024-08-16,Corbin Carroll,682998,664126,2,71,221.42,72.79,30,104.9,TB,745054,0.03,2.28
2024-08-16,Paul Goldschmidt,502671,680736,0,15,195.23,63.04,40,100.2,STL,745144,0.31,3.4
2024-08-16,Masyn Winn,691026,680736,1,23,36.2,60.38,22,108.8,STL,745144,-0.84,2.02
2024-08-16,Pedro Pagés,686780,680736,0,36,100.97,13.19,27,108.7,STL,745144,-0.22,2.39
2024-08-16,Mookie Betts,605141,571945,0,40,42.15,61.85,35,101.7,STL,745144,-0.55,2.54
2024-08-16,Kevin Kiermaier,595281,552640,2,46,172.01,37.38,28,101.9,STL,745144,0.01,2.12
2024-08-16,Gavin Lux,666158,571945,0,8,126.38,34.65,31,101,STL,745144,-0.06,1.91
2024-08-16,Luke Raley,670042,694973,0,25,204.26,51.19,23,112.5,PIT,745462,-0.18,2.28
2024-08-16,Yasmani Grandal,518735,669302,1,38,202.54,54.28,31,102.8,PIT,745462,0.53,1.67
2024-08-16,Jorge Polanco,593871,670280,0,67,173.67,44.59,27,103.2,PIT,745462,-0.23,1.77
2024-08-16,Jeff McNeil,643446,682610,1,34,219.45,77.28,23,107.7,NYM,745784,0.28,2.33
2024-08-16,Brandon Nimmo,607043,666277,1,38,245.28,93.33,24,107.7,NYM,745784,0.31,2.62
2024-08-16,Jake Burger,669394,640455,2,45,59.16,56.05,31,104.2,NYM,745784,-0.07,3.37
2024-08-16,José Ramírez,608070,669060,0,60,230.84,65.15,28,104.3,MIL,745949,-0.26,2.08
2024-08-16,David Fry,681807,669060,1,62,164.16,37.38,28,102.5,MIL,745949,0.32,2.31
2024-08-16,Willy Adames,642715,668909,2,8,174.3,31.02,29,106.2,MIL,745949,-0.13,1.88
2024-08-16,Logan O'Hoppe,681351,680885,1,32,155.3,37.1,31,104.5,LAA,746189,-0.11,1.53
2024-08-16,Luis Robert Jr.,673357,681293,0,18,28.76,61.23,31,106.4,HOU,746357,-0.16,2.36
2024-08-16,Luis Robert Jr.,673357,681293,2,36,32.72,103.56,41,94.6,HOU,746357,0.13,2.44
2024-08-16,Jake Meyers,676694,657053,2,52,40.1,81.22,29,94,HOU,746357,-0.66,1.83
2024-08-16,Jon Singleton,572138,641771,2,78,59.62,67.68,31,99.5,HOU,746357,-0.47,2.74
2024-08-16,Oswald Peraza,672724,676428,1,33,19.37,76.74,30,105.1,DET,746438,-0.05,2.25
2024-08-16,Aaron Judge,592450,676428,1,58,118.18,24.82,29,110,DET,746438,-0.55,2.7
2024-08-16,Brendan Rodgers,663898,663362,1,10,27.68,49.94,28,108.8,COL,746518,-0.51,2.52
2024-08-16,Ha-Seong Kim,673490,615698,1,15,39.11,59.49,26,102,COL,746518,-0.63,2.12
2024-08-16,Charlie Blackmon,453568,663362,1,20,210.36,56.67,26,107.1,COL,746518,0.65,1.78
2024-08-16,Xander Bogaerts,593428,615698,0,29,26.19,46.66,30,106.1,COL,746518,-0.32,2.92
2024-08-16,Bobby Witt Jr.,677951,607259,1,22,65.37,35.58,31,107.9,CIN,746674,-0.31,2.97
2024-08-16,Vinnie Pasquantino,686469,518585,2,68,224.17,74.5,25,103.3,CIN,746674,-0.09,2.88
2024-08-16,Leo Jiménez,677870,543294,0,34,101.43,29.13,31,98.9,CHC,746843,-0.54,1.84
2024-08-16,Pete Crow-Armstrong,691718,684320,0,38,162.99,35.38,31,102.8,CHC,746843,-0.03,2.82
2024-08-16,Miguel Amaya,665804,684320,0,39,94.97,29.25,26,105.7,CHC,746843,0.11,3.18
2024-08-16,Ian Happ,664023,663893,0,55,118.9,7.26,33,106,CHC,746843,-0.59,2.29
2024-08-16,Cody Bellinger,641355,684320,2,7,185.84,46.66,25,104.2,CHC,746843,-0.19,2.55
2024-08-16,Rafael Devers,646240,669203,0,23,158.8,40.67,23,105.2,BAL,747001,0.34,3.07
2024-08-16,Masataka Yoshida,807799,669203,2,42,189.21,58.61,24,101.5,BAL,747001,-0.24,1.83
2024-08-16,David Hamilton,666152,518886,1,68,215.13,93.74,28,93.5,BAL,747001,0.28,2.58
2024-08-16,Jarren Duran,680776,518886,2,70,205.54,47.94,30,105.6,BAL,747001,-0.05,3.26
2024-08-16,Ramón Urías,602104,472610,0,73,149.03,35.23,29,104.5,BAL,747001,0.03,2.67
2024-08-17,Trevor Larnach,663616,543135,0,24,164.93,40.86,26,102,TEX,744977,0.39,2.4
2024-08-17,Brandon Lowe,664040,571670,2,52,230.17,98.86,42,103.5,TB,745049,-0.06,2.51
2024-08-17,Alec Burleson,676475,676272,1,24,228.55,81.54,25,102.8,STL,745140,0.63,2.61
2024-08-17,Shohei Ohtani,660271,669467,2,37,198.75,61.71,21,111.9,STL,745140,-0.13,2.3
2024-08-17,Masyn Winn,691026,676272,0,39,121.65,33.24,26,105.1,STL,745140,-0.02,2.76
2024-08-17,Nolan Arenado,571448,641703,0,61,19.57,86.92,26,103.5,STL,745140,-0.47,3.48
2024-08-17,Rowdy Tellez,642133,622491,1,31,174.97,48.66,26,100.7,PIT,745463,-0.05,1.97
2024-08-17,Jared Triolo,669707,608638,1,56,48.14,51.51,31,99.5,PIT,745463,-0.27,2.21
2024-08-17,Isiah Kiner-Falefa,643396,622491,0,6,140.93,35.55,26,103.6,PIT,745463,0.14,1.64
2024-08-17,Alex Call,669743,650911,0,20,192.2,64.36,30,99.5,PHI,745537,0.57,2.54
2024-08-17,Pete Alonso,624413,676974,0,12,145.34,33.34,37,110.3,NYM,745785,0.33,2.42
2024-08-17,Francisco Lindor,596019,676974,0,4,187.9,51.47,25,104.4,NYM,745785,-0.04,2.64
2024-08-17,Josh Naylor,647304,642547,2,24,200.91,73.88,26,94.6,MIL,745952,-0.39,3.51
2024-08-17,William Contreras,661388,676440,1,28,15.34,90.83,21,110,MIL,745952,-0.15,1.84
2024-08-17,Marcell Ozuna,542303,656288,0,3,134.23,22.11,29,107.7,LAA,746190,0.44,2.66
2024-08-17,Whit Merrifield,593160,656288,0,34,47.63,89.93,22,102.6,LAA,746190,-0.76,2.91
2024-08-17,Ramón Laureano,657656,657508,2,40,158.04,29.38,24,109.7,LAA,746190,0.52,2.25
2024-08-17,Michael Toglia,669911,656302,2,55,184.86,43.77,29,102.8,COL,746515,0.39,2.52
2024-08-17,Luis Campusano,669134,663567,0,65,49.61,49.01,32,99.1,COL,746515,0.06,3.1
2024-08-17,Dairon Blanco,680118,666157,2,12,135.76,34.42,27,104.4,CIN,746675,-0.06,2.36
2024-08-17,Dairon Blanco,680118,571656,1,24,42.15,57.52,38,105.7,CIN,746675,-0.31,2.96
2024-08-17,Jeimer Candelario,600869,672582,1,68,24.85,93.01,25,99.7,CIN,746675,-0.64,2.86
2024-08-17,Ian Happ,664023,605135,0,6,163.18,36.06,27,106.7,CHC,746841,-0.24,2.04
2024-08-17,Addison Barger,680718,605347,0,67,126.26,29.85,24,107.3,CHC,746841,-0.04,2.25
2024-08-17,Gunnar Henderson,683002,678394,2,44,193.65,69.14,33,93.2,BAL,746997,-0.38,2.14
2024-08-17,Rafael Devers,646240,572143,0,60,179.69,38.49,27,106.2,BAL,746997,-0.48,3.86
2024-08-18,Ryan Jeffers,680777,641816,1,4,79.84,43.37,21,104.5,TEX,744975,0.21,3.45
2024-08-18,Adolis García,666969,660896,1,59,70.91,51.45,37,104,TEX,744975,0.44,3.67
2024-08-18,Josh Jung,673962,660896,2,61,108.12,30,25,106.3,TEX,744975,0.1,3.06
2024-08-18,Carlos Santana,467793,489446,0,70,210.06,63.84,30,105.6,TEX,744975,-0.04,3.16
2024-08-18,Brandon Lowe,664040,518876,0,20,237.2,76.81,28,108.2,TB,745051,0.7,2.16
2024-08-18,Corbin Carroll,682998,641302,2,63,214.08,51.6,27,106.4,TB,745051,-0.24,2.62
2024-08-18,Adrian Del Castillo,680728,664126,1,72,193.01,48.74,29,104,TB,745051,0.21,2.25
2024-08-18,Shohei Ohtani,660271,543243,1,32,203.23,58.08,22,113.5,STL,745139,-0.13,2.38
2024-08-18,Lars Nootbaar,663457,543339,1,62,200.23,50.58,21,109.3,STL,745139,-0.29,2.13
2024-08-18,Josh Rojas,668942,663765,0,28,107.89,34.94,30,101.6,PIT,745464,0.03,2.62
2024-08-18,Cal Raleigh,663728,663765,1,3,225.5,87.67,25,104.2,PIT,745464,-0.47,2
2024-08-18,Dominic Canzone,686527,656924,1,40,150.91,32.69,35,103.8,PIT,745464,-0.03,1.97
2024-08-18,Joey Bart,663698,669923,1,52,162.32,28.61,22,110.5,PIT,745464,0.14,2.15
2024-08-18,Trea Turner,607208,663623,0,23,117.58,33.3,33,103.9,PHI,745539,-0.04,3.07
2024-08-18,Keibert Ruiz,660688,592836,0,29,221.99,87.83,30,97.8,PHI,745539,-0.62,4.07
2024-08-18,Alex Call,669743,592836,2,39,13.25,83.17,33,103.2,PHI,745539,-0.81,1.4
2024-08-18,Bryson Stott,681082,663623,1,51,218.95,86.81,40,97.6,PHI,745539,0.55,3.41
2024-08-18,Brandon Marsh,669016,663623,1,52,183.51,48.22,36,102.8,PHI,745539,0.09,1.86
2024-08-18,James Wood,695578,656546,1,73,192.22,43.2,36,107.5,PHI,745539,0.89,2.73
2024-08-18,Heliot Ramos,671218,676664,0,43,97.51,63.64,27,110.5,OAK,745621,0.72,2.68
2024-08-18,Jerar Encarnacion,666464,666204,0,67,154.03,40.35,28,102.5,OAK,745621,-0.11,3.83
2024-08-18,Michael Conforto,624424,666204,0,68,220.03,68.94,26,109.2,OAK,745621,0.44,1.84
2024-08-18,Brandon Nimmo,607043,678368,0,43,214.12,50.41,23,109.6,NYM,745786,0.02,2.23
2024-08-18,Ramón Laureano,657656,686799,0,24,62.94,31.11,32,110.7,LAA,746186,0.16,2.08
2024-08-18,Yainer Diaz,673237,681066,0,42,54.97,58.5,32,96.7,HOU,746359,-0.91,2.41
2024-08-18,Jose Altuve,514888,605154,0,56,43.63,87.46,35,94,HOU,746359,0.54,2.47
2024-08-18,Manny Machado,592518,641755,0,61,18.85,85.16,39,97.5,COL,746516,-0.2,2.6
2024-08-18,Dairon Blanco,680118,671096,0,33,144.92,33.02,26,104.7,CIN,746676,0.17,2.75
2024-08-18,Joey Loperfido,694388,684007,2,11,221.11,62.83,36,98.6,CHC,746838,0.35,3.71
2024-08-18,Adley Rutschman,668939,676710,0,34,175.18,40.89,39,105.5,BAL,746999,-0.07,2.92
2024-08-18,Gunnar Henderson,683002,690544,1,46,201.94,57.84,23,103.4,BAL,746999,0.2,1.93
2024-08-18,Rob Refsnyder,608701,622554,1,68,23.67,94.39,32,100.3,BAL,746999,0.02,2.81
2024-08-19,TJ Friedl,670770,592332,0,27,219,69.27,28,103,TOR,744898,0.28,1.99
2024-08-19,Vladimir Guerrero Jr.,665489,687924,2,7,39.12,47.34,30,111.1,TOR,744898,0.05,2.65
2024-08-19,Ernie Clement,676391,664747,0,72,71.16,43.48,30,101,TOR,744898,0.29,2.65
2024-08-19,Corey Seager,608369,682847,1,23,190.25,50.4,41,107.8,TEX,744976,-0.07,2.81
2024-08-19,Jared Triolo,669707,641540,2,30,13.87,94.82,30,102.6,TEX,744976,0.05,2.84
2024-08-19,Corey Seager,608369,682847,1,5,220.43,42.7,28,112.4,TEX,744976,-0.03,2.33
2024-08-19,Matt Chapman,656305,686563,0,47,17.13,76.59,26,102.8,SF,745294,0.49,2.93
2024-08-19,JJ Bleday,668709,671737,1,8,199.31,59.96,35,102.6,OAK,745620,0.17,2.95
2024-08-19,Ramón Urías,602104,656849,2,52,102.02,32.89,26,107.3,NYM,745780,0.05,1.91
2024-08-19,J.D. Martinez,502110,669432,1,6,182.47,50.36,29,100.1,NYM,745780,-0.33,1.74
2024-08-19,Francisco Alvarez,682626,622554,1,68,97.95,30.77,31,106.5,NYM,745780,-0.42,3.22
2024-08-19,Adrian Del Castillo,680728,670124,2,23,110.29,32.25,30,103.6,MIA,746027,-0.67,2.89
2024-08-19,Nick Fortes,663743,694297,0,25,16.39,77.26,30,103.1,MIA,746027,0,2.67
2024-08-19,Joc Pederson,592626,670124,1,37,237.03,73.79,26,109.2,MIA,746027,-0.02,4.05
2024-08-19,Jake McCarthy,664983,669111,0,68,203.44,57.42,34,101.3,MIA,746027,0.52,2.17
2024-08-19,Gavin Lux,666158,693433,1,47,91.48,43.88,25,104.8,LAD,746109,-0.19,2.7
2024-08-19,Max Muncy,571970,554340,1,49,227.7,72.14,25,109.6,LAD,746109,-0.26,2.33
2024-08-19,Paul DeJong,657557,608334,1,31,46.57,64.38,23,105.3,KC,746270,-0.2,2.48
2024-08-19,Zach Neto,687263,663460,0,63,28.07,82.64,25,106.3,KC,746270,0,3.05
2024-08-19,Jarren Duran,680776,579328,0,1,42.01,72.5,24,102,HOU,746351,-0.52,2.91
2024-08-19,Masataka Yoshida,807799,605463,2,48,40.41,89.27,24,99.2,HOU,746351,-0.43,3.57
2024-08-19,Yainer Diaz,673237,445276,1,76,55.41,52.5,34,106,HOU,746351,-0.15,2.84
2024-08-20,CJ Abrams,682928,596295,0,47,184.21,50.57,27,105.2,WSH,744814,0.44,2.71
2024-08-20,George Springer,543807,686730,2,19,27.35,92.08,21,107.3,TOR,744896,0.03,2.67
2024-08-20,Alejandro Kirk,672386,686730,2,27,26.94,70.15,24,105.7,TOR,744896,-0.46,2.01
2024-08-20,Spencer Horwitz,687462,686730,2,28,188.54,58.68,28,99.5,TOR,744896,-0.29,2.15
2024-08-20,Leo Jiménez,677870,686730,0,45,146.45,34.5,26,102.7,TOR,744896,0.3,2.11
2024-08-20,George Springer,543807,686730,1,47,20.62,89.29,31,99.7,TOR,744896,-0.3,2.33
2024-08-20,Matt Carpenter,572761,683232,2,60,216.31,77.23,27,102.1,STL,745136,0.04,3.74
2024-08-20,Ryan Jeffers,680777,527048,0,24,39.48,64.79,31,105.5,SD,745374,-0.03,2.29
2024-08-20,Manny Machado,592518,641927,0,51,80.09,29.46,25,107.7,SD,745374,0.36,2.91
2024-08-20,Jurickson Profar,595777,595345,0,64,34.06,89.34,24,98.1,SD,745374,-0.35,1.4
2024-08-20,Jose Siri,642350,683155,2,51,100.34,32.86,26,109.5,OAK,745624,0.06,2.76
2024-08-20,Brayan Rocchio,677587,661563,0,32,153.05,39.48,30,102.4,NYY,745707,-0.32,2.33
2024-08-20,Juan Soto,665742,571510,1,6,210.63,90.39,24,97.5,NYY,745707,-0.08,2.21
2024-08-20,Aaron Judge,592450,571510,1,7,164.27,54.06,36,102.1,NYY,745707,-0.68,2.56
2024-08-20,James McCann,543510,500779,1,29,20.06,49.4,33,107,NYM,745782,-0.62,2.52
2024-08-20,Anthony Santander,623993,500779,2,4,64.91,60.31,34,101.2,NYM,745782,0.48,2.59
2024-08-20,J.D. Martinez,502110,572143,1,66,147.62,30.71,22,104.7,NYM,745782,-0.04,2.91
2024-08-20,Corbin Carroll,682998,665795,2,34,38.2,68.98,31,102.8,MIA,746029,-0.47,2
2024-08-20,Lourdes Gurriel Jr.,666971,665795,2,43,10.06,76.1,29,107.7,MIA,746029,-0.44,2.29
2024-08-20,Gavin Lux,666158,682243,0,35,152.78,43.76,24,101.5,LAD,746107,0.11,2.7
2024-08-20,Max Muncy,571970,682243,1,37,227.36,68.05,36,107.2,LAD,746107,-0.02,3.51
2024-08-20,Jason Heyward,518792,662253,2,70,232.96,78.74,21,107.7,LAD,746107,0.26,3.44
2024-08-20,Zach Neto,687263,666142,0,41,16.21,65.63,34,104,KC,746266,-0.26,3.46
2024-08-20,Jon Singleton,572138,601713,2,12,190.26,59.43,20,106.5,HOU,746349,-0.33,1.87
2024-08-20,Triston Casas,671213,669854,0,3,229.87,82.4,30,103.2,HOU,746349,0.07,3.27
2024-08-20,Yainer Diaz,673237,601713,1,47,91.54,37.28,36,106.1,HOU,746349,-0.02,2.08
2024-08-20,Jarren Duran,680776,672391,2,66,57.97,67.21,34,99.8,HOU,746349,-0.2,2.33
2024-08-20,Dansby Swanson,621020,676614,2,50,53.99,59.75,29,107.1,CHC,746839,-0.32,2.43
2024-08-20,Marcell Ozuna,542303,554430,0,45,118.52,24.16,27,109.5,ATL,747083,0.33,2.73
2024-08-21,Luis García Jr.,671277,685299,1,25,147.65,30.79,26,106.4,WSH,744812,-0.07,2.92
2024-08-21,Ernie Clement,676391,607259,2,25,42.36,61.68,25,101.6,TOR,744893,-0.31,2.45
2024-08-21,Spencer Steer,668715,684320,2,30,9.87,84.67,36,104.9,TOR,744893,-0.12,2.04
2024-08-21,George Springer,543807,607259,0,4,51.94,74.17,36,96.6,TOR,744893,-0.47,2.66
2024-08-21,Noelvi Marte,682622,657024,0,54,189.81,61.8,28,99.5,TOR,744893,0.39,2.66
2024-08-21,Jonathan India,663697,657024,0,55,21.23,97.37,31,97,TOR,744893,-0.34,2.42
2024-08-21,Spencer Horwitz,687462,607259,1,7,207.02,60.02,38,106,TOR,744893,0.53,2.73
2024-08-21,Elly De La Cruz,682829,647315,0,74,27.92,101.12,32,101.4,TOR,744893,-0.09,2.53
2024-08-21,Luken Baker,663609,663542,1,63,61.48,55.97,24,101.6,STL,745138,0.43,2.32
2024-08-21,Nolan Arenado,571448,656730,1,96,19.17,89.7,22,101.5,STL,745138,0,2.62
2024-08-21,Matt Wallner,670242,663362,1,34,222.53,62.81,27,111.5,SD,745375,0.21,2.83
2024-08-21,Donovan Solano,456781,680573,2,51,68.23,51.81,21,107.6,SD,745375,0.12,2.47
2024-08-21,Jackson Merrill,701538,678692,2,75,234.18,85.69,40,106.4,SD,745375,0.52,2.7
2024-08-21,Jose Siri,642350,687765,0,48,56.52,41.84,35,110.1,OAK,745622,0.17,2.86
2024-08-21,JJ Bleday,668709,686752,2,6,226.5,85.66,30,97.4,OAK,745622,0.25,3.31
2024-08-21,Aaron Judge,592450,676282,1,21,174.3,54.15,36,103.9,NYY,745704,-0.17,2.8
2024-08-21,Juan Soto,665742,676282,0,5,107.72,26.95,30,112.4,NYY,745704,-0.33,2.69
2024-08-21,Aaron Judge,592450,669212,1,53,205.66,78.76,33,102.5,NYY,745704,0.36,2.44
2024-08-21,Jhonkensy Noel,678877,641835,0,56,189.72,63.69,23,102.9,NYY,745704,0.68,2.73
2024-08-21,Francisco Lindor,596019,608344,0,19,176.33,44.86,25,104.5,NYM,745781,0.9,2.39
2024-08-21,Austin Slater,596103,640455,2,43,217.74,84.8,28,101.1,NYM,745781,0.28,2.69
2024-08-21,Mark Vientos,668901,518886,1,53,152.24,33.38,27,107,NYM,745781,-0.35,2.68
2024-08-21,Jesse Winker,608385,622554,0,69,83.25,35.45,22,106.1,NYM,745781,-0.35,1.52
2024-08-21,Jake McCarthy,664983,682610,1,21,219.66,111.05,36,100.1,MIA,746028,0.49,1.68
2024-08-21,Cristian Pache,665506,656756,1,35,19.47,93.79,37,100.5,MIA,746028,-0.14,1.85
2024-08-21,Geraldo Perdomo,672695,642629,1,70,224.34,61.78,35,103.3,MIA,746028,0.58,1.49
2024-08-21,Jake Burger,669394,656756,0,8,71.22,47.78,27,99.1,MIA,746028,-0.04,2.04
2024-08-21,Mitch Haniger,571745,681911,0,75,139.8,28.91,21,108.2,LAD,746110,0.27,2.33
2024-08-21,MJ Melendez,669004,456501,2,46,198.73,134.17,25,104.3,KC,746267,-0.39,1.88
2024-08-21,Alex Bregman,608324,681867,0,6,39.15,81.14,19,109.1,HOU,746350,-0.16,1.86
2024-08-21,David Hamilton,666152,661527,2,68,231.07,85.27,35,102.7,HOU,746350,-0.05,2.86
2024-08-21,Trey Sweeney,700242,592791,1,12,141.9,32.31,30,102.8,CHC,746837,-0.23,2.31
2024-08-21,Riley Greene,682985,592791,2,15,199.08,48.77,24,112,CHC,746837,-0.38,2.48
2024-08-21,Christian Bethancourt,542194,676428,2,41,15.39,89.14,24,104.5,CHC,746837,-0.57,2.7
2024-08-21,Kerry Carpenter,681481,680891,2,71,94.39,47.56,26,102.5,CHC,746837,0.7,2.3
2024-08-21,Orlando Arcia,606115,605400,0,28,40.35,67.34,31,97.5,ATL,747084,-0.33,2.7
2024-08-22,Brenton Doyle,686668,571578,2,40,59.54,48.35,30,103.7,WSH,744815,0.31,2.03
2024-08-22,Juan Yepez,660766,663567,0,63,86.94,40.19,28,101,WSH,744815,0,2.55
2024-08-22,Jacob Stallings,607732,672851,2,72,161.47,45.71,28,101.6,WSH,744815,-0.03,2.65
2024-08-22,Ernie Clement,676391,657508,0,15,41.11,70.32,34,98.3,TOR,744894,0.3,4.6
2024-08-22,Niko Kavadas,694359,667297,2,68,40.64,80.76,35,99.2,TOR,744894,-0.5,2.06
2024-08-22,Yasmani Grandal,518735,596001,1,45,170,40,22,106.1,PIT,745465,-0.15,2.11
2024-08-22,Aaron Judge,592450,668909,1,28,231.43,97.28,32,104.6,NYY,745705,0.27,2.53
2024-08-22,Giancarlo Stanton,519317,680704,2,42,140,30.96,26,105.1,NYY,745705,0.83,1.99
2024-08-22,Miguel Amaya,665804,628317,2,16,22.15,74,32,98.6,CHC,746836,-0.47,3.15
2024-08-22,Spencer Torkelson,679529,657006,1,51,60.25,61.52,34,95.5,CHC,746836,-0.51,2.79
2024-08-22,Adam Duvall,594807,650911,0,44,93.57,31.52,23,110.4,ATL,747082,-0.19,2
2024-08-23,Joey Loperfido,694388,672710,0,68,83,43.24,29,104.4,TOR,744889,0.09,1.5
2024-08-23,Addison Barger,680718,672710,0,69,190.69,32.72,25,109.6,TOR,744889,0.08,1.93
2024-08-23,LaMonte Wade Jr.,664774,622491,1,2,137.53,36.8,23,103.5,SEA,745217,-0.1,1.76
2024-08-23,Michael Conforto,624424,622491,1,26,107.68,30.42,23,106.4,SEA,745217,-0.2,2.18
2024-08-23,Luke Raley,670042,663546,0,38,91.93,34.84,32,109.3,SEA,745217,-0.33,2.23
2024-08-23,Heliot Ramos,671218,622491,0,44,6.74,70.67,26,111.8,SEA,745217,-0.29,1.75
2024-08-23,Kyle Higashioka,543309,621112,0,14,30.25,86.29,23,104.4,SD,745378,-0.26,2.57
2024-08-23,Luis Arraez,650333,621112,0,4,175.46,44.33,29,98.2,SD,745378,0.01,3.17
2024-08-23,Tyler Stephenson,663886,663559,2,3,105.93,23.3,33,106.4,PIT,745460,-0.17,2.7
2024-08-23,Rhys Hoskins,656555,676664,0,13,32.75,74.01,30,101.6,OAK,745625,0.16,1.63
2024-08-23,Joey Ortiz,687401,676664,0,14,96.41,37.12,22,105.3,OAK,745625,-0.1,2.39
2024-08-23,Lawrence Butler,671732,650644,0,4,157.85,40.18,21,105.3,OAK,745625,0.24,2.34
2024-08-23,Giancarlo Stanton,519317,607536,2,28,187.73,56.48,26,101.5,NYY,745702,0.8,2.33
2024-08-23,Aaron Judge,592450,607536,0,44,48.81,62.12,37,102.6,NYY,745702,-1.08,3.17
2024-08-23,Brendan Donovan,680977,660896,0,43,169.79,37.28,29,102.9,MIN,745870,-0.31,3.35
2024-08-23,Pete Crow-Armstrong,691718,676974,0,16,196.28,79.05,19,107.1,MIA,746024,0.6,2.73
2024-08-23,Ian Happ,664023,676974,0,18,92.5,40.21,29,103.6,MIA,746024,-0.4,2.27
2024-08-23,Miguel Amaya,665804,592288,0,73,138.48,29.32,26,105.1,MIA,746024,-0.12,2.9
2024-08-23,Christopher Morel,666624,676272,2,19,21.52,84.67,41,101.3,LAD,746111,0.16,2.7
2024-08-23,Junior Caminero,691406,676272,2,3,167.38,35.14,24,109.2,LAD,746111,0.44,3.59
2024-08-23,Enrique Hernández,571771,641302,1,40,76.22,51.36,25,97.9,LAD,746111,-0.59,2.55
2024-08-23,Shohei Ohtani,660271,621363,2,72,159,45.51,35,105.1,LAD,746111,-0.3,1.94
2024-08-23,Salvador Perez,521692,592836,1,24,54.68,37.83,31,108.7,KC,746268,0.03,1.63
2024-08-23,Hunter Renfroe,592669,592836,1,26,42.71,54.05,22,107.7,KC,746268,-0.03,2.05
2024-08-23,Rob Refsnyder,608701,669194,2,52,197.65,55.9,29,105.9,BOS,746920,0.46,2.56
2024-08-23,Eugenio Suárez,553993,670174,1,58,49.1,91.25,39,96.8,BOS,746920,0.5,2.72
2024-08-23,Jose Altuve,514888,700249,1,19,193.59,59.92,29,98.8,BAL,746995,0.91,2.19
2024-08-23,Colton Cowser,681297,686613,0,25,213.48,68.72,32,100.4,BAL,746995,0.82,2.86
2024-08-23,Jeremy Peña,665161,700249,0,42,55.11,45.11,23,109.5,BAL,746995,-0.04,3.32
2024-08-23,Anthony Santander,623993,650556,0,66,196.17,51.32,32,103.1,BAL,746995,-0.31,3.92
2024-08-23,Michael Harris II,671739,669022,0,4,164.74,37.55,20,105.1,ATL,747080,0.28,2.86
2024-08-24,Vladimir Guerrero Jr.,665489,682989,0,57,110.06,32.5,18,111.7,TOR,744890,-0.17,2.63
2024-08-24,Taylor Ward,621493,670102,0,61,96.84,38,28,103,TOR,744890,0.55,2.72
2024-08-24,Mike Yastrzemski,573262,608723,2,59,217.36,93.94,22,105.3,SEA,745218,0.13,1.47
2024-08-24,Francisco Lindor,596019,650633,2,29,187.25,41.48,31,108.1,SD,745377,-0.17,2.56
2024-08-24,Francisco Lindor,596019,673513,0,51,45.43,80.85,21,108.9,SD,745377,0.13,2.04
2024-08-24,Harrison Bader,664056,670810,1,60,44.47,60.88,26,104.8,SD,745377,0.07,2.65
2024-08-24,Rowdy Tellez,642133,687924,0,15,222.39,49.67,26,109.4,PIT,745457,0.66,2.05
2024-08-24,Jake Bauers,641343,671212,2,37,179.38,46.45,32,102.4,OAK,745617,0.26,2.27
2024-08-24,Brent Rooker,667670,607067,0,47,69.59,46.35,33,104.3,OAK,745617,-0.19,2.3
2024-08-24,JJ Bleday,668709,607067,2,6,185.61,44.75,30,103.3,OAK,745617,0.1,1.88
2024-08-24,Alex Verdugo,657077,687134,0,38,167.41,41.63,35,104.1,NYY,745703,0.41,2.21
2024-08-24,Michael Toglia,669911,643410,1,43,160.08,31.67,23,110.4,NYY,745703,0.14,2.49
2024-08-24,Jake Cave,595909,543859,1,60,148.22,31.19,26,105,NYY,745703,-0.4,3.02
2024-08-24,Trevor Larnach,663616,543243,1,22,221.48,75.42,27,102.5,MIN,745868,0.88,3.28
2024-08-24,Trevor Larnach,663616,543243,1,41,132.81,29.68,30,107.7,MIN,745868,-0.17,2.2
2024-08-24,Matt Wallner,670242,681517,0,62,172.72,30.9,29,107.5,MIN,745868,-0.74,2.9
2024-08-24,Seiya Suzuki,673548,678368,0,18,62.28,38.53,22,110.3,MIA,746022,0.13,2.74
2024-08-24,Seiya Suzuki,673548,678368,2,3,92.9,35.84,28,103.8,MIA,746022,0.25,3.42
2024-08-24,Connor Norby,681393,684007,0,32,133.75,30.6,30,104,MIA,746022,0.22,3.11
2024-08-24,Pete Crow-Armstrong,691718,678368,2,39,218.01,46.96,33,106.6,MIA,746022,-0.15,2.45
2024-08-24,David Hensley,682073,684007,1,45,169.6,45.32,31,103.1,MIA,746022,-0.33,2.85
2024-08-24,Patrick Wisdom,621550,660644,2,82,25.54,73.4,23,112.7,MIA,746022,-0.16,3.11
2024-08-24,Teoscar Hernández,606192,671737,1,33,97.17,38.75,31,102.7,LAD,746108,0.16,2.09
2024-08-24,Shohei Ohtani,660271,671737,1,45,229.2,90.92,32,96.7,LAD,746108,-0.4,2.12
2024-08-24,Miguel Rojas,500743,669270,1,61,16.33,97.1,24,104.2,LAD,746108,-0.64,2.08
2024-08-24,Junior Caminero,691406,623465,0,72,147.99,31.17,22,107.8,LAD,746108,-0.2,1.76
2024-08-24,José Caballero,676609,523260,1,81,67.19,56.52,26,99.1,LAD,746108,0.09,2.09
2024-08-24,J.T. Realmuto,592663,663903,0,45,13.87,84.54,30,107,KC,746271,-0.82,2.65
2024-08-24,J.T. Realmuto,592663,608717,0,62,63.2,38.92,29,104.8,KC,746271,-0.16,2.15
2024-08-24,Jhonkensy Noel,678877,592351,0,28,40.58,58.33,35,106.6,CLE,746599,-0.7,2.28
2024-08-24,José Ramírez,608070,681982,0,53,208.49,72.26,39,103.1,CLE,746599,0.07,3.1
2024-08-24,Josh Naylor,647304,681982,0,54,205.66,49.09,30,108.2,CLE,746599,0.22,2.51
2024-08-24,Bo Naylor,666310,681982,0,64,191.19,56.02,25,101.8,CLE,746599,-0.75,2.47
2024-08-24,Matt Vierling,663837,681066,0,17,51.71,57.53,37,105.2,CWS,746756,-0.37,2.77
2024-08-24,Colt Keith,690993,605154,1,77,130.49,33.78,28,102.5,CWS,746756,-0.3,2.82
2024-08-24,Zach McKinstry,656716,605154,2,80,207.86,69.98,28,102.1,CWS,746756,-0.15,1.84
2024-08-24,Jose Altuve,514888,544150,0,1,29.23,64.19,33,106.1,BAL,746996,0.14,2.85
2024-08-24,Jeremy Peña,665161,544150,2,41,71.25,39.51,23,105.8,BAL,746996,0.56,2.01
2024-08-24,José Tena,677588,450203,1,11,199.22,57.06,29,101.1,ATL,747077,0.28,1.81
2024-08-24,Orlando Arcia,606115,663623,2,41,24.92,91.52,29,93.4,ATL,747077,-0.61,3.14
2024-08-24,Ramón Laureano,657656,686747,1,68,85.32,29.7,32,107.6,ATL,747077,0.43,3.03
2024-08-25,Addison Barger,680718,519326,2,47,208.66,65.26,28,105.7,TOR,744892,0.29,2.88
2024-08-25,Alejandro Kirk,672386,519043,1,54,53.98,56.14,36,103.6,TOR,744892,-0.01,1.97
2024-08-25,Brandon Drury,592273,667297,1,58,27.22,88.16,25,98.8,TOR,744892,0.19,2.09
2024-08-25,Heliot Ramos,671218,693433,1,3,46.27,62.32,34,107.8,SEA,745212,-0.44,3.13
2024-08-25,Grant McCray,687529,676092,0,56,239.45,77.8,27,106.9,SEA,745212,0.24,2.69
2024-08-25,J.D. Martinez,502110,527048,2,25,152.85,28.29,23,110.6,SD,745376,0.18,2.28
2024-08-25,Mark Vientos,668901,592094,1,50,171.57,29.82,28,106.8,SD,745376,-0.21,3.74
2024-08-25,Jurickson Profar,595777,676130,1,63,220.95,72.03,21,106.2,SD,745376,-0.34,2.81
2024-08-25,Jackson Merrill,701538,621242,1,71,215.95,63.95,28,104.4,SD,745376,0.17,2.23
2024-08-25,Yasmani Grandal,518735,664747,1,74,193.16,54.51,27,99.8,PIT,745459,-0.27,3.31
2024-08-25,Gary Sánchez,596142,683155,1,10,36.44,74.88,23,100.4,OAK,745618,-0.66,2.77
2024-08-25,Willy Adames,642715,680880,0,48,35.16,66.33,42,104,OAK,745618,0.1,2.55
2024-08-25,Juan Soto,665742,676105,1,59,174.55,36.67,29,102.7,NYY,745706,0.13,2.66
2024-08-25,Aaron Judge,592450,676105,1,60,167.04,55.16,38,103.3,NYY,745706,-0.24,3.18
2024-08-25,Giancarlo Stanton,519317,676105,1,61,129.31,26.94,22,110.5,NYY,745706,0.28,2.33
2024-08-25,Gleyber Torres,650402,656458,1,71,40.6,84.01,22,100.7,NYY,745706,-0.41,3.04
2024-08-25,Aaron Judge,592450,596295,1,9,101.85,27.62,27,106.7,NYY,745706,0.41,2.05
2024-08-25,Victor Scott II,687363,805673,2,34,223.3,67.43,32,101.6,MIN,745863,0.38,2.41
2024-08-25,Willi Castro,650489,607200,0,4,220.04,65.95,32,100.5,MIN,745863,0.8,2.35
2024-08-25,Connor Norby,681393,665871,0,6,221.47,92.74,34,99.9,MIA,746023,-0.05,1.87
2024-08-25,Jesús Sánchez,660821,665871,1,8,121.14,29.11,29,107.1,MIA,746023,0.15,1.83
2024-08-25,Enrique Hernández,571771,682052,0,34,85.26,44.75,22,102.7,LAD,746106,-0.17,2.13
2024-08-25,Jonny DeLuca,676356,694813,0,47,69.94,56.12,24,99.6,LAD,746106,-0.05,2.54
2024-08-25,Mookie Betts,605141,663992,0,59,77.58,50.44,26,99.8,LAD,746106,-0.39,2.62
2024-08-25,Bobby Witt Jr.,677951,663465,1,25,119.32,20.61,22,111.5,KC,746263,-0.16,2.3
2024-08-25,Maikel Garcia,672580,663465,0,42,59.17,41.12,23,107.3,KC,746263,0.2,1.97
2024-08-25,MJ Melendez,669004,614179,0,53,238.97,71.32,35,105.5,KC,746263,0.81,1.95
2024-08-25,Nick Castellanos,592206,519293,1,71,40.68,68.12,24,106.4,KC,746263,0.09,2.13
2024-08-25,Jhonkensy Noel,678877,674003,0,12,99.71,34.02,25,105.5,CLE,746595,-0.31,2.97
2024-08-25,Corey Seager,608369,683769,2,58,63.76,52.56,26,104,CLE,746595,-0.71,2.47
2024-08-25,David Fry,681807,670036,2,62,54.87,58.59,25,102.3,CLE,746595,0.19,3
2024-08-25,Andrew Vaughn,683734,676614,2,28,48.84,49.63,35,108.9,CWS,746754,-0.08,2.67
2024-08-25,Andy Ibáñez,628451,660853,2,59,26.1,72.07,25,102.8,CWS,746754,-0.27,2.03
2024-08-25,Rafael Devers,646240,518876,0,27,133.23,37.84,27,107.2,BOS,746918,-0.67,2.17
2024-08-25,Eugenio Suárez,553993,656557,1,47,46.61,92.77,32,99.8,BOS,746918,0.47,2.16
2024-08-25,Geraldo Perdomo,672695,608371,0,67,220.39,110.64,38,87.9,BOS,746918,0.62,3.2
2024-08-25,Triston Casas,671213,518876,2,7,182.59,38.51,34,110,BOS,746918,0.01,3.31
2024-08-25,Tyler O'Neill,641933,679885,0,71,220.91,110.81,34,96.6,BOS,746918,0.09,1.71
2024-08-25,Ramón Urías,602104,579328,1,39,91.49,34.19,28,102.7,BAL,746994,-0.01,3.81
2024-08-25,Alex Bregman,608324,572143,2,52,23.89,73.9,32,100.6,BAL,746994,0.07,2.17
2024-08-25,Yainer Diaz,673237,572143,2,53,61.96,25.37,27,111.4,BAL,746994,-0.24,2.27
2024-08-25,Matt Olson,621566,606930,1,45,139.15,25.71,26,108.5,ATL,747078,-0.01,2.65
2024-08-26,Gleyber Torres,650402,680730,0,1,24.85,89.92,25,101.2,WSH,744813,0.23,2.89
2024-08-26,Austin Wells,669224,663432,0,40,214.72,62.31,27,106.4,WSH,744813,0.69,2.07
2024-08-26,Juan Yepez,660766,641482,1,58,52.7,39.55,27,106.4,WSH,744813,0.39,2.42
2024-08-26,Jazz Chisholm Jr.,665862,686747,1,62,212.31,66.07,24,106.7,WSH,744813,0.28,2.67
2024-08-26,Jacob Young,696285,643410,0,66,61.32,50.4,27,100.4,WSH,744813,-0.75,1.85
2024-08-26,Manny Machado,592518,502043,2,4,131.73,29.37,27,103.7,STL,745133,0.48,2.71
2024-08-26,Jorge Polanco,593871,686752,1,12,227.08,102.33,23,110.1,SEA,745215,0.36,2.38
2024-08-26,Randy Arozarena,668227,686752,2,23,208.49,71.08,29,104.2,SEA,745215,0.57,2.69
2024-08-26,Josh Lowe,666139,682243,1,8,189.62,33.4,27,109.3,SEA,745215,-0.31,2.42
2024-08-26,Bryan Reynolds,668804,592791,2,27,228.92,94.92,25,105.1,PIT,745458,0.11,2.65
2024-08-26,Dansby Swanson,621020,593334,2,53,37.9,59.97,27,108.5,PIT,745458,-0.45,2.85
2024-08-26,Isaac Paredes,670623,621399,0,69,30.61,62.86,35,104.5,PIT,745458,0.49,2.12
2024-08-26,Connor Joe,656582,680891,1,95,38.99,62.69,38,106.5,PIT,745458,-0.63,2.4
2024-08-26,Brandon Marsh,669016,669854,0,39,64.03,53.39,29,102.6,PHI,745538,-0.33,2.36
2024-08-26,Travis d'Arnaud,518595,641927,2,18,2.29,68.9,27,109,MIN,745865,-0.75,3.18
2024-08-26,Matt Olson,621566,641927,0,4,204.39,45.94,29,102.6,MIN,745865,0.73,3.53
2024-08-26,Kyle Farmer,571657,572955,1,72,52.73,64.41,29,96.1,MIN,745865,-0.26,2.13
2024-08-26,Matt Wallner,670242,669276,0,78,200.37,66.36,29,95.9,MIN,745865,0.09,2.74
2024-08-26,Ryan McMahon,641857,665795,0,47,149.48,22.95,33,105.4,COL,746513,0.42,2.61
2024-08-26,Paul DeJong,657557,671106,0,12,64.53,45.54,34,107.5,CLE,746596,-0.1,1.77
2024-08-26,Daniel Schneemann,682177,679525,2,36,202.66,59.6,31,100.6,CLE,746596,0.8,2.37
2024-08-26,Salvador Perez,521692,671106,1,40,80.04,42.88,33,104.2,CLE,746596,0.82,2.87
2024-08-26,Salvador Perez,521692,682120,2,53,85.16,18.16,27,108.2,CLE,746596,0.34,1.94
2024-08-26,MJ Melendez,669004,669212,0,29,219.93,97.53,25,98.3,CLE,746628,0.19,3.25
2024-08-26,Bobby Witt Jr.,677951,683769,0,63,80.51,38,26,105.6,CLE,746628,-0.19,1.88
2024-08-26,Parker Meadows,678009,694363,0,53,209.62,52.59,24,108.4,CWS,746753,0.42,2.33
2024-08-26,Spencer Torkelson,679529,605121,1,58,135.44,21.44,26,108.8,CWS,746753,-0.16,2.35
2024-08-26,Andrew Benintendi,643217,689225,0,70,213.79,69.49,34,102.5,CWS,746753,0.19,1.59
2024-08-26,George Springer,543807,641745,1,35,230.39,99.84,21,105.1,BOS,746915,0.51,2.74
2024-08-26,Jarren Duran,680776,621244,1,66,120.32,28.41,28,108.2,BOS,746915,-0.04,2.76
2024-08-27,Andrés Chaparro,665953,543037,0,29,30.95,79.35,38,102.8,WSH,744811,0.23,3.46
2024-08-27,José Tena,677588,543037,0,30,155.56,37.94,26,103,WSH,744811,0.48,2.77
2024-08-27,Manny Machado,592518,571945,0,10,62.39,51.25,19,108.5,STL,745132,-0.43,3.24
2024-08-27,Paul Goldschmidt,502671,663773,1,46,62.94,36.96,39,107.5,STL,745132,-0.58,2.36
2024-08-27,Jose Siri,642350,608638,2,48,124.65,29.82,26,105.1,SEA,745213,0.45,1.87
2024-08-27,Yandy Díaz,650490,676092,0,53,59.43,43.78,20,106.5,SEA,745213,-0.44,2.2
2024-08-27,Seiya Suzuki,673548,683003,0,27,219.32,90.26,27,99.3,PIT,745461,0.47,1.76
2024-08-27,Dansby Swanson,621020,683003,1,31,164.34,32.95,29,105.2,PIT,745461,0.3,2.69
2024-08-27,Bryan De La Cruz,650559,663878,0,55,129.29,26.61,28,104.5,PIT,745461,-0.49,2.88
2024-08-27,Nick Castellanos,592206,434378,2,25,49.83,57.43,22,105.7,PHI,745540,-0.09,2.18
2024-08-27,Michael Harris II,671739,680573,1,10,232.61,92.5,23,109.4,MIN,745864,0.65,1.56
2024-08-27,Jackson Chourio,694192,657277,1,22,101.52,29.84,30,109.7,MIL,745946,-0.43,2.16
2024-08-27,Matt Chapman,656305,668964,2,28,162.38,44.36,26,102.6,MIL,745946,0.33,2.12
2024-08-27,Grant McCray,687529,668964,1,35,203.36,46.03,34,108.5,MIL,745946,0.56,2.9
2024-08-27,Willy Adames,642715,657277,0,45,42.87,43.16,26,110.8,MIL,745946,0.06,2.67
2024-08-27,Mike Yastrzemski,573262,606303,0,53,203.51,67.52,37,102.1,MIL,745946,-0.27,2.26
2024-08-27,Ramón Urías,602104,656427,1,34,29.33,76.03,25,104.5,LAD,746105,-0.15,1.65
2024-08-27,Ryan O'Hearn,656811,656427,1,8,188.97,60.43,25,102.5,LAD,746105,-0.04,2.48
2024-08-27,Jake Rogers,668670,456501,2,39,128.37,28.18,33,102.6,DET,746429,0.37,2.68
2024-08-27,Riley Greene,682985,456501,0,44,122.08,26.83,21,108.5,DET,746429,0.1,2.46
2024-08-27,Kerry Carpenter,681481,456501,0,46,170.63,32.83,32,107.1,DET,746429,0.02,1.84
2024-08-27,Ezequiel Tovar,678662,682610,0,20,32.97,64.78,26,98.4,COL,746510,-0.78,1.63
2024-08-27,Kyle Stowers,669065,615698,0,33,45.97,56.45,29,103.4,COL,746510,-0.15,2.33
2024-08-27,Charlie Blackmon,453568,682610,0,4,219.5,40.25,35,105.8,COL,746510,0.44,2.19
2024-08-27,Ezequiel Tovar,678662,682610,0,5,95.79,16.36,27,106.1,COL,746510,0.51,2.04
2024-08-27,Sam Hilliard,656541,642834,0,54,47.82,59.45,31,100,COL,746510,-0.37,2.59
2024-08-27,Jesús Sánchez,660821,683409,0,76,207.26,60.53,26,101.3,COL,746510,-0.78,2.94
2024-08-27,Paul DeJong,657557,668909,1,9,165.41,48.43,33,102.9,CLE,746594,-0.22,2.71
2024-08-27,Max Schuemann,680474,663574,2,51,216.05,93.95,28,96.3,CIN,746671,0.34,2.68
2024-08-27,Lawrence Butler,671732,458677,2,53,183.89,28.28,22,108,CIN,746671,0.67,2.2
2024-08-27,Zack Gelof,680869,668984,2,63,62.44,39.28,27,105.6,CIN,746671,0.4,2.54
2024-08-27,Will Wagner,695238,657514,2,51,176.29,53.18,33,96.9,BOS,746916,0.21,2.69
2024-08-27,Jarren Duran,680776,684320,0,6,230.53,91.44,33,101.3,BOS,746916,0.19,2.31
2024-08-27,Daulton Varsho,662139,445276,2,72,113.33,27.65,25,106.7,BOS,746916,-0.16,1.68
2024-08-27,Lourdes Gurriel Jr.,666971,640455,0,56,44.95,71.44,25,98.4,AZ,747162,-0.06,2.1
2024-08-27,Corbin Carroll,682998,640455,2,60,168.71,26.93,28,105.5,AZ,747162,0.12,2.79
2024-08-27,Pete Alonso,624413,694297,0,7,192.67,59.13,23,106.6,AZ,747162,-0.22,2.8
2024-08-28,Jazz Chisholm Jr.,665862,669022,2,13,130.77,16.39,36,104.6,WSH,744809,-0.03,2.7
2024-08-28,Dylan Crews,686611,607074,0,5,52.4,54.94,41,105.4,WSH,744809,-0.63,2.49
2024-08-28,Kyle Higashioka,543309,668941,2,65,20.82,90.43,33,100.8,STL,745134,-0.24,1.89
2024-08-28,Victor Robles,645302,641302,2,37,48.44,63.55,28,102.5,SEA,745211,0.35,3.46
2024-08-28,Julio Rodríguez,677594,641302,2,39,26.34,93.87,33,95,SEA,745211,-0.76,2.87
2024-08-28,Randy Arozarena,668227,641302,2,62,74.74,32.23,29,106,SEA,745211,-0.33,2.8
2024-08-28,Josh Lowe,666139,622491,0,8,195.08,64.61,30,96.4,SEA,745211,-0.29,1.81
2024-08-28,Connor Joe,656582,681799,0,39,27,66.88,29,106.8,PIT,745452,-0.23,1.96
2024-08-28,Christian Bethancourt,542194,693312,0,64,80.21,30.56,28,106.1,PIT,745452,0.12,2.78
2024-08-28,Bryan Reynolds,668804,543294,1,7,202.88,42.61,36,105.6,PIT,745452,0.63,2.6
2024-08-28,Yordan Alvarez,670541,592836,2,31,29.31,95.2,37,95.3,PHI,745541,-1.17,2.11
2024-08-28,Yordan Alvarez,670541,675650,0,51,152.21,25.73,23,107.8,PHI,745541,-0.53,2.14
2024-08-28,Chas McCormick,676801,675650,1,62,177.63,40.53,30,103.3,PHI,745541,-0.26,2.09
2024-08-28,Yordan Alvarez,670541,675650,1,63,139.67,34.83,18,109.4,PHI,745541,0.21,2.12
2024-08-28,Jorge Soler,624585,701581,1,2,100.04,26.54,24,107.5,MIN,745866,-0.44,2.61
2024-08-28,William Contreras,661388,690986,2,38,89.35,26.64,23,112.3,MIL,745943,-0.01,2.02
2024-08-28,Teoscar Hernández,606192,669203,2,28,49.82,42.7,23,113.3,LAD,746103,-0.45,2.29
2024-08-28,Shohei Ohtani,660271,669203,0,4,201.59,59.77,33,102.2,LAD,746103,-0.44,2.4
2024-08-28,Spencer Torkelson,679529,656288,1,14,57.6,48.55,27,106.1,DET,746430,0.09,2.71
2024-08-28,Mickey Moniak,666160,628317,2,46,209.28,55.23,35,103.9,DET,746430,0.09,2.3
2024-08-28,Aaron Schunk,668845,676974,1,41,19.68,60.25,28,105.5,COL,746512,-1.04,2.55
2024-08-28,Derek Hill,656537,607536,0,7,44.57,69.22,25,98.9,COL,746512,0.02,1.99
2024-08-28,Michael Massey,686681,676440,0,1,216.56,89.1,23,101,CLE,746589,0.08,2.61
2024-08-28,Bobby Witt Jr.,677951,676440,1,20,18.89,84.73,36,98.7,CLE,746589,0.09,2.92
2024-08-28,Vinnie Pasquantino,686469,676440,1,3,209.65,70.64,29,95.1,CLE,746589,-0.53,2.07
2024-08-28,Bo Naylor,666310,608379,0,60,196.54,62.86,25,98.6,CLE,746589,-0.06,2.65
2024-08-28,Lawrence Butler,671732,518585,0,1,196.32,66.18,28,100.9,CIN,746672,0.17,2.64
2024-08-28,Seth Brown,664913,594580,2,23,112.09,25.43,24,106.2,CIN,746672,0.06,2.66
2024-08-28,Brent Rooker,667670,543391,1,36,47.47,42.27,31,109.1,CIN,746672,0.2,3.03
2024-08-28,Will Benson,666181,671305,2,56,216.62,82.08,36,99.5,CIN,746672,0.34,2.43
2024-08-28,Seth Brown,664913,641941,0,60,106.36,36.23,22,103.9,CIN,746672,-0.23,1.99
2024-08-28,Wyatt Langford,694671,671111,0,31,55.62,48.92,24,103.9,CWS,746752,-0.6,2.28
2024-08-28,Tyler O'Neill,641933,663893,0,56,78.13,42.45,28,100.5,BOS,746913,0.67,2.51
2024-08-28,Joc Pederson,592626,622663,1,21,242.41,76.16,36,108.7,AZ,747161,0.35,1.84
2024-08-28,Corbin Carroll,682998,622663,2,31,153.93,22.9,27,108.8,AZ,747161,-0.23,2.54
2024-08-28,Harrison Bader,664056,593958,2,38,14.66,67.15,25,110,AZ,747161,-0.3,2.61
2024-08-28,Corbin Carroll,682998,621242,2,68,190.77,52.45,33,102.5,AZ,747161,-0.12,1.7
2024-08-29,Jackson Merrill,701538,543243,0,35,138.18,29.78,21,107.9,STL,745135,0.03,1.89
2024-08-29,Masyn Winn,691026,673513,1,49,18.42,86.42,35,99.5,STL,745135,-0.89,2.08
2024-08-29,Matt Olson,621566,650911,2,23,143.46,17.52,27,106.7,PHI,745531,0.09,2.76
2024-08-29,Matt Olson,621566,650911,0,44,160.95,29.45,21,110,PHI,745531,0.35,2.23
2024-08-29,Brandon Marsh,669016,450203,1,53,64.93,57.23,38,100.7,PHI,745531,-0.24,2.43
2024-08-29,Nick Castellanos,592206,656550,2,62,139.34,30.83,26,107.4,PHI,745531,-0.15,3.01
2024-08-29,Garrett Mitchell,669003,806185,1,14,194.32,56.65,24,103.1,MIL,745945,0.07,3.24
2024-08-29,Colton Cowser,681297,676272,2,42,93.97,41.59,34,105.9,LAD,746102,0.03,1.96
2024-08-29,Zach Neto,687263,672456,2,34,58.87,51.59,22,105.8,DET,746432,0.54,2.16
2024-08-29,Brendan Rodgers,663898,678368,1,26,142.98,23.97,28,104.7,COL,746514,0.1,2.3
2024-08-29,Brenton Doyle,686668,678368,2,28,137.22,25.58,27,104.1,COL,746514,0.34,2.85
2024-08-29,Brendan Rodgers,663898,678368,2,44,21.23,54.49,32,104.7,COL,746514,-0.34,2.72
2024-08-29,Derek Hill,656537,663562,1,57,52,45.33,24,108.4,COL,746514,0.08,2.55
2024-08-29,Derek Hill,656537,687134,0,8,116.57,24.23,36,102.7,COL,746514,0.23,2.84
2024-08-29,Lawrence Butler,671732,687924,2,13,158.76,28.84,24,106.4,CIN,746670,-0.27,2.15
2024-08-29,Will Benson,666181,669372,2,26,99.33,30.27,28,106.4,CIN,746670,-0.18,2.11
2024-08-29,Lawrence Butler,671732,687924,1,29,111.04,35.05,21,104.7,CIN,746670,-0.03,3.29
2024-08-29,JJ Bleday,668709,687924,2,31,213.3,58.46,32,101.7,CIN,746670,-0.36,2.53
2024-08-29,Tyler Stephenson,663886,669372,1,34,200.63,65.88,28,101.2,CIN,746670,0.18,3
2024-08-29,Lawrence Butler,671732,664747,0,72,242.35,86.02,30,109.5,CIN,746670,0.94,2.36
2024-08-29,Corey Seager,608369,680897,1,21,240.01,78.69,30,113,CWS,746748,0.47,2.42
2024-08-29,Andrew Benintendi,643217,489446,1,67,233.33,84.09,31,102,CWS,746748,0.43,1.47
2024-08-29,Randal Grichuk,545341,656849,2,22,186.55,54.53,23,103.1,AZ,747159,0.41,1.88
2024-08-29,Francisco Lindor,596019,669194,0,40,228.56,74.86,29,103.6,AZ,747159,0.27,3.13
2024-08-29,Pete Alonso,624413,669194,0,8,146.09,22.44,33,109.9,AZ,747159,0.38,2.63
2024-08-30,Cody Bellinger,641355,663623,2,19,181.62,53.35,30,101.7,WSH,744810,-0.28,3.25
2024-08-30,Dylan Crews,686611,684007,0,28,51.37,52.93,24,106.9,WSH,744810,0.14,2.84
2024-08-30,Nathaniel Lowe,663993,676664,0,12,65.72,45.97,28,103.5,TEX,744969,-0.16,3.14
2024-08-30,Brent Rooker,667670,592351,1,2,53.01,46.76,30,103.6,TEX,744969,-0.12,3.06
2024-08-30,JJ Bleday,668709,592351,2,21,198.8,68.35,25,99.1,TEX,744969,0.32,3.14
2024-08-30,Brent Rooker,667670,641540,2,53,67.4,49.3,35,104.4,TEX,744969,0.58,2.65
2024-08-30,Shea Langeliers,669127,641540,2,73,88.12,27.97,23,109.9,TEX,744969,-0.05,2.18
2024-08-30,Manny Machado,592518,671737,2,18,170.66,36.64,24,105.3,TB,745052,-0.07,3.46
2024-08-30,Yandy Díaz,650490,527048,1,24,54.96,53.11,33,104.6,TB,745052,-0.37,1.38
2024-08-30,David Peralta,444482,541640,2,41,235.56,76.42,28,105.5,TB,745052,0.38,2.15
2024-08-30,Xander Bogaerts,593428,664076,0,80,43.07,77.56,23,103.1,TB,745052,-0.19,2.36
2024-08-30,Orlando Arcia,606115,624133,0,16,56.41,48.91,23,105.6,PHI,745533,-0.18,1.75
2024-08-30,Sean Murphy,669221,624133,0,17,33,65.82,37,103.5,PHI,745533,-0.35,2.29
2024-08-30,Bryson Stott,681082,625643,0,32,212.49,84.44,31,92.7,PHI,745533,0.65,1.47
2024-08-30,Orlando Arcia,606115,676661,2,45,96.56,31.04,27,104.4,PHI,745533,0.22,2.31
2024-08-30,J.T. Realmuto,592663,572955,0,56,52.06,61.54,22,106.8,PHI,745533,0.35,2.36
2024-08-30,Austin Wells,669224,607200,2,28,172.41,44.56,27,101.2,NYY,745700,-0.23,1.96
2024-08-30,Nolan Arenado,571448,664776,2,57,51.61,65.03,20,103.9,NYY,745700,0.22,1.42
2024-08-30,Austin Wells,669224,676617,2,62,182.48,41.59,32,104.1,NYY,745700,0.34,2.63
2024-08-30,Taylor Ward,621493,669923,0,12,207.89,70.3,33,101.2,LAA,746184,0.43,2.73
2024-08-30,Julio Rodríguez,677594,691951,1,31,84.33,20.76,23,101.6,LAA,746184,-0.44,3
2024-08-30,Mickey Moniak,666160,669923,0,42,203.13,59.98,29,108.4,LAA,746184,0.22,3.08
2024-08-30,Brandon Drury,592273,669923,0,43,196.78,72.68,23,104.3,LAA,746184,0.57,2.98
2024-08-30,Ben Gamel,592325,607625,0,16,54.8,74.19,21,103.8,HOU,746353,-0.51,2.36
2024-08-30,Paul DeJong,657557,623352,1,64,61.6,66.39,25,99.5,HOU,746353,0.18,1.98
2024-08-30,Connor Wong,657136,663554,2,43,37.74,78.78,26,97.4,DET,746433,0.35,1.57
2024-08-30,Kerry Carpenter,681481,657514,1,62,45.26,65,34,100,DET,746433,-0.47,2.82
2024-08-30,Ceddanne Rafaela,678882,571946,1,74,51.32,56.09,33,102.1,DET,746433,0.28,3.59
2024-08-30,Jarren Duran,680776,663947,1,75,197.26,39.23,22,109.3,DET,746433,0.34,2.49
2024-08-30,Emmanuel Rivera,656896,596295,2,30,117.8,24.33,31,100.8,COL,746511,0.38,2.2
2024-08-30,Brendan Rodgers,663898,622554,1,71,42.24,42,26,108,COL,746511,0.17,3.01
2024-08-30,Rowdy Tellez,642133,594902,1,43,174.09,41.83,31,105.1,CLE,746593,-0.07,2.93
2024-08-30,Jhonkensy Noel,678877,669387,1,50,62.75,27.33,21,111.2,CLE,746593,-0.66,2.54
2024-08-30,Andrés Giménez,665926,669387,1,51,235.93,92.73,22,106.2,CLE,746593,0.29,2.13
2024-08-30,Andrew McCutchen,457705,661403,0,83,212.1,76.65,24,103.1,CLE,746593,-0.09,2.3
2024-08-30,Garrett Mitchell,669003,686730,0,41,71.78,47.11,27,106,CIN,746665,-0.26,2.35
2024-08-30,Rhys Hoskins,656555,686730,2,51,29.69,82.26,22,109.6,CIN,746665,0.31,2.51
2024-08-30,Willy Adames,642715,691172,1,68,28.52,73.31,32,100.3,CIN,746665,-0.12,1.48
2024-08-30,William Contreras,661388,571912,2,75,186.17,49.26,25,107.6,CIN,746665,0.04,2.64
2024-08-30,Santiago Espinal,669289,607067,1,14,56.56,51.11,35,100.8,CIN,746730,-0.27,3.36
2024-08-30,William Contreras,661388,607259,0,27,169.96,40.28,24,108,CIN,746730,0.37,2.59
2024-08-30,Jonathan India,663697,607067,0,41,3.76,88.93,28,108.8,CIN,746730,-0.24,2.9
2024-08-30,Willy Adames,642715,607259,0,9,28.57,72.92,30,100.7,CIN,746730,-0.76,2.27
2024-08-30,J.D. Martinez,502110,686563,2,26,58.67,66.18,30,94.2,CWS,746749,-0.37,1.81
2024-08-30,Corbin Carroll,682998,477132,0,20,,,31,106,AZ,747156,0,1.91
2024-08-30,Freddie Freeman,518692,668678,1,3,68.11,52.1,29,101.8,AZ,747156,-0.28,2.46
2024-08-30,Will Smith,669257,623149,2,63,54.17,53.23,39,104.4,AZ,747156,-0.83,2.54
2024-08-30,Shohei Ohtani,660271,623149,2,70,51.57,64.27,32,99,AZ,747156,-0.05,2.65
2024-08-30,Eugenio Suárez,553993,607455,1,84,22.6,91.66,25,105.8,AZ,747156,0.16,2.56
2024-08-31,Andrés Chaparro,665953,665871,0,26,44.27,66.78,35,97.9,WSH,744808,0.33,2.75
2024-08-31,Jonah Heim,641680,683155,2,13,222.11,77.85,31,97.9,TEX,744971,0.44,3.8
2024-08-31,Lawrence Butler,671732,674003,0,22,209.94,76.13,17,112.6,TEX,744971,0.14,2.37
2024-08-31,Junior Caminero,691406,681190,2,21,88.86,29.2,24,105.8,TB,745050,-0.25,2.29
2024-08-31,Jake Cronenworth,630105,669358,1,3,218.38,62.25,28,107.1,TB,745050,0.35,1.62
2024-08-31,Griffin Conine,665052,696131,2,12,,,27,112.5,SF,745296,0.14,3.37
2024-08-31,Connor Norby,681393,573124,0,39,48.27,75.83,34,96.2,SF,745296,-0.41,2.95
2024-08-31,Michael Conforto,624424,622786,2,62,164.98,34.3,20,112.8,SF,745296,-0.07,2.48
2024-08-31,Edmundo Sosa,624641,608331,0,19,74.48,23.89,28,107.6,PHI,745532,0.11,1.96
2024-08-31,Trea Turner,607208,608331,0,43,48.47,62.21,36,102.7,PHI,745532,-0.54,3.48
2024-08-31,Brendan Donovan,680977,701542,1,21,219.28,100.85,30,89.1,NYY,745699,-0.17,2.08
2024-08-31,Addison Barger,680718,805673,1,18,196.95,55.35,39,108.1,MIN,745859,0.23,2.66
2024-08-31,Daulton Varsho,662139,805673,0,2,82.75,35.08,30,104.8,MIN,745859,-0.57,3.09
2024-08-31,Spencer Horwitz,687462,805673,0,4,212.48,70.95,27,102.3,MIN,745859,0.29,2.53
2024-08-31,Will Wagner,695238,656240,0,51,220.93,57.45,24,106.3,MIN,745859,0.21,2.73
2024-08-31,Jo Adell,666176,693433,1,22,97.71,37.69,18,109,LAA,746182,0.23,2.1
2024-08-31,Justin Turner,457759,542881,0,25,42.49,67,26,103.6,LAA,746182,0.31,2.72
2024-08-31,Jo Adell,666176,693433,0,48,12.54,80,44,110.2,LAA,746182,-0.14,2.69
2024-08-31,Mickey Moniak,666160,693433,1,58,173.14,48.07,20,105.9,LAA,746182,-0.28,2.06
2024-08-31,Mickey Moniak,666160,662253,2,76,232.1,71.21,36,107.1,LAA,746182,0.62,1.61
2024-08-31,Justin Turner,457759,542881,0,8,28.31,79.73,35,100.5,LAA,746182,-0.79,2.31
2024-08-31,Bobby Witt Jr.,677951,593576,2,57,28.8,69.6,27,102.8,HOU,746348,-0.58,1.58
2024-08-31,Tyler O'Neill,641933,669373,2,3,62.25,49.66,21,111.5,DET,746424,0.05,1.61
2024-08-31,Anthony Santander,623993,663372,2,28,190.02,33.5,25,105.1,COL,746507,0.16,2.48
2024-08-31,Eloy Jiménez,650391,663372,0,36,144.92,21.48,21,110.1,COL,746507,0.25,2.76
2024-08-31,Willy Adames,642715,571656,2,22,162.36,41.78,28,103.6,CIN,746667,0.1,2.61
2024-08-31,Amed Rosario,642708,593423,1,52,34.53,54.9,25,107.7,CIN,746667,-0.15,2.29
2024-08-31,Jackson Chourio,694192,458677,1,73,202.23,63.38,28,102.8,CIN,746667,0.39,2.95
2024-08-31,Pete Alonso,624413,663436,2,4,61.43,48.58,36,106.3,CWS,746751,-0.52,2.87
2024-08-31,Jesse Winker,608385,663436,2,5,170.43,41.69,31,102.9,CWS,746751,-0.14,2.24
2024-08-31,Shohei Ohtani,660271,518876,0,1,104.15,30.38,35,108.9,AZ,747158,-0.21,2.72
2024-08-31,Mookie Betts,605141,518876,0,2,52.61,54.61,36,101.1,AZ,747158,-0.1,2.04
2024-08-31,Freddie Freeman,518692,518876,0,3,182.29,30.66,29,109.8,AZ,747158,-0.16,2.81
2024-08-31,Lourdes Gurriel Jr.,666971,694813,1,31,29.89,74.39,39,105.2,AZ,747158,-0.71,3.2
2024-08-31,Corbin Carroll,682998,694813,0,7,120.24,31.44,31,104.2,AZ,747158,-0.39,2.39
2024-09-01,Josh Jung,673962,695243,2,88,225.74,89.94,29,97.7,TEX,744970,0.43,3.16
2024-09-01,Jackson Merrill,701538,686752,0,24,124.34,34.78,31,106.3,TB,745048,-0.29,3.14
2024-09-01,Kyle Stowers,669065,657277,2,37,171.75,26.97,27,105.1,SF,745292,-0.1,1.88
2024-09-01,Mike Yastrzemski,573262,670766,0,4,210.4,61.4,31,105.5,SF,745292,-0.13,2.91
2024-09-01,Michael Harris II,671739,605400,2,18,162.85,36.17,24,102,PHI,745536,-0.19,1.68
2024-09-01,Giancarlo Stanton,519317,571945,1,15,17.29,84.84,21,112.3,NYY,745701,-0.83,2.62
2024-09-01,Luken Baker,663609,641482,2,31,30.25,74.5,34,99.2,NYY,745701,-0.04,1.89
2024-09-01,Jordan Walker,691023,664123,2,39,100.42,30.27,28,103.9,NYY,745701,-0.44,2.35
2024-09-01,Lars Nootbaar,663457,676760,0,81,97.35,27.73,24,106.6,NYY,745701,-0.77,2.96
2024-09-01,Ernie Clement,676391,641927,1,2,63.88,42.79,30,100.9,MIN,745861,0.22,3.27
2024-09-01,Royce Lewis,668904,643338,1,67,47.31,79.03,31,91.1,MIN,745861,-0.19,2.57
2024-09-01,Luke Raley,670042,702674,2,11,167.41,26.61,27,109.4,LAA,746183,-0.33,2.51
2024-09-01,Taylor Ward,621493,682243,0,4,108.42,39.59,36,104.2,LAA,746183,-0.28,1.78
2024-09-01,Yordan Alvarez,670541,679525,0,27,219.38,81.92,38,101.8,HOU,746347,0.6,1.72
2024-09-01,Jon Singleton,572138,679525,2,31,212.05,63.18,26,106.2,HOU,746347,0.82,1.99
2024-09-01,Yordan Alvarez,670541,669674,0,47,97.88,38.29,27,105.6,HOU,746347,-0.42,3.08
2024-09-01,Bobby Witt Jr.,677951,593576,1,52,14.18,88.68,24,108.1,HOU,746347,-0.52,3.57
2024-09-01,Spencer Torkelson,679529,448179,1,35,41.8,74.86,26,101.1,DET,746426,0.38,2.38
2024-09-01,Riley Greene,682985,677161,0,44,228.92,97.18,22,114,DET,746426,0.25,2.41
2024-09-01,James McCann,543510,621389,1,26,64.8,35.9,26,108.3,COL,746505,0.3,2.06
2024-09-01,Kyle Manzardo,700932,656605,0,27,182.65,43.23,36,106.6,CLE,746592,0.63,2.13
2024-09-01,Kyle Manzardo,700932,656605,0,42,183.54,41.77,37,107.9,CLE,746592,0.13,2.05
2024-09-01,Andrés Giménez,665926,656605,1,5,167.13,40.52,31,97.9,CLE,746592,0.05,2.67
2024-09-01,José Ramírez,608070,621366,1,54,26.04,79.71,22,109,CLE,746592,-0.53,2.19
2024-09-01,Jake Fraley,641584,668964,0,12,216.59,70.58,28,101.4,CIN,746669,0.19,2.92
2024-09-01,Willy Adames,642715,682227,0,28,148.49,38.98,38,106.3,CIN,746669,0,1.96
2024-09-01,Francisco Lindor,596019,676979,0,19,50.85,57.2,33,100.8,CWS,746750,0.21,2.31
2024-09-01,Randal Grichuk,545341,680736,2,23,147.66,27.47,27,106.1,AZ,747157,0,2.6
2024-09-01,Eugenio Suárez,553993,680736,0,28,96.33,29.04,30,102.9,AZ,747157,-0.32,2.29
2024-09-02,Wyatt Langford,694671,596133,0,56,35.44,59.32,35,107.4,TEX,744972,-0.33,3.21
2024-09-02,Giancarlo Stanton,519317,502624,0,60,114.43,30.41,36,112.4,TEX,744972,0,2.78
2024-09-02,Trevor Larnach,663616,641793,2,17,222.83,84.89,19,112.5,TB,745046,0.31,3.02
2024-09-02,Brooks Lee,686797,664076,0,66,88.2,38.03,28,99.1,TB,745046,-0.18,2.43
2024-09-02,Jonny DeLuca,676356,663485,2,72,25.91,89.45,31,93.7,TB,745046,-0.97,2.36
2024-09-02,Shea Langeliers,669127,669302,2,25,40.64,61.02,32,104.4,OAK,745619,-0.14,2.09
2024-09-02,Cal Raleigh,663728,674370,1,3,226.55,78.29,30,102.7,OAK,745619,-0.48,3.26
2024-09-02,Shea Langeliers,669127,608723,0,69,8.35,75.6,31,107,OAK,745619,-0.65,2.25
2024-09-02,Pedro Pagés,686780,642547,0,17,86.13,35.62,26,106.9,MIL,745947,-0.12,2.72
2024-09-02,Rhys Hoskins,656555,669467,0,32,40.4,68.97,32,98.7,MIL,745947,0.1,1.86
2024-09-02,Pedro Pagés,686780,642547,1,39,32,70,33,97.6,MIL,745947,-0.18,3.19
2024-09-02,Jackson Chourio,694192,676617,1,55,46.06,48.13,27,103.4,MIL,745947,-0.33,2.6
2024-09-02,Willy Adames,642715,669467,2,8,43.7,73.44,40,104.8,MIL,745947,-0.26,2.63
2024-09-02,Lane Thomas,657041,608379,1,31,77.83,38.39,26,103.7,KC,746265,0.09,2.53
2024-09-02,Josh Naylor,647304,663460,0,40,153.08,31.05,22,105.9,KC,746265,-0.11,2.99
2024-09-02,Dansby Swanson,621020,683003,0,18,70.65,60.42,23,98.3,CHC,746833,0.31,2.47
2024-09-02,Bryan Reynolds,668804,605347,0,56,88.89,48.78,24,105.2,CHC,746833,0.23,2.89
2024-09-02,Andrew McCutchen,457705,605347,1,58,63.05,62.23,34,99.8,CHC,746833,-0.86,2.2
2024-09-02,Gunnar Henderson,683002,623167,0,7,168.42,44.18,33,108.2,BAL,746992,0.53,3.03
2024-09-02,Cedric Mullins,656775,657053,2,81,210.62,78.95,33,96,BAL,746992,0.41,1.64
2024-09-02,Freddie Freeman,518692,593958,1,18,30.68,82.77,31,97.2,AZ,747155,-0.47,2.6
2024-09-02,Freddie Freeman,518692,677944,2,70,160.81,26.19,27,108.4,AZ,747155,-0.12,2.62
2024-09-02,Eugenio Suárez,553993,656848,2,77,75.86,28.76,26,107.7,AZ,747155,-0.05,2.19
2024-09-03,Kyle Schwarber,656941,605135,0,1,196.99,55.03,28,108.3,TOR,744891,-0.11,2.97
2024-09-03,Addison Barger,680718,663969,1,12,190.14,66.58,31,99.1,TOR,744891,0.08,1.79
2024-09-03,Kyle Schwarber,656941,605135,1,39,214.64,76.13,22,111.4,TOR,744891,0.04,1.91
2024-09-03,Vladimir Guerrero Jr.,665489,592836,1,60,44.24,71.28,20,109.6,TOR,744891,-0.9,3.12
2024-09-03,Daulton Varsho,662139,663969,0,7,145.51,28.83,26,106.4,TOR,744891,-0.62,2.12
2024-09-03,Kyle Schwarber,656941,643338,0,86,220.81,53.81,24,114.4,TOR,744891,0.02,2.92
2024-09-03,Leo Jiménez,677870,621381,2,93,54.4,66.23,26,103.1,TOR,744891,0.02,2.97
2024-09-03,Josh Jung,673962,607074,0,26,58.44,58.34,31,101.1,TEX,744968,-0.96,2.68
2024-09-03,Wyatt Langford,694671,605280,1,77,20.29,71.23,32,109.7,TEX,744968,-0.21,2.7
2024-09-03,Carlos Santana,467793,605488,0,8,19.31,78.41,37,105.1,TB,745047,-0.45,2.82
2024-09-03,Randal Grichuk,545341,663941,0,38,59.86,65.72,36,103,SF,745293,-0.16,3.05
2024-09-03,Randal Grichuk,545341,690986,2,5,151.15,35.28,23,107.1,SF,745293,0.14,2.67
2024-09-03,Matt Chapman,656305,669194,2,53,105.43,36.25,17,109.9,SF,745293,0.15,2.26
2024-09-03,Mike Yastrzemski,573262,657044,0,65,69.76,54.16,30,101.7,SF,745293,-0.75,2.61
2024-09-03,Seth Brown,664913,622491,2,30,94.2,36.4,27,104.3,OAK,745615,-0.32,3.28
2024-09-03,Lawrence Butler,671732,622491,0,7,160.31,37.5,20,108.1,OAK,745615,0.08,2.32
2024-09-03,Francisco Lindor,596019,676710,2,21,211.87,76.65,39,104.8,NYM,745778,0.26,2.98
2024-09-03,Mark Vientos,668901,686580,0,49,101.28,28.09,27,106.1,NYM,745778,0.07,2.59
2024-09-03,Pete Alonso,624413,455119,2,64,106.98,29.4,30,108.4,NYM,745778,0.39,2.77
2024-09-03,Joey Ortiz,687401,571927,0,20,34.08,80.34,29,96.6,MIL,745944,0,1.59
2024-09-03,Jackson Chourio,694192,571927,1,22,157.18,39.03,31,100.2,MIL,745944,0.23,2.96
2024-09-03,Paul Goldschmidt,502671,650644,1,26,47.3,43.09,24,110.1,MIL,745944,-0.44,2.65
2024-09-03,Joey Gallo,608336,676974,1,28,143.86,31.99,35,106.1,MIA,746020,-0.45,2.51
2024-09-03,Keibert Ruiz,660688,676974,2,47,204.75,67.63,31,100,MIA,746020,0.09,1.51
2024-09-03,Logan O'Hoppe,681351,621111,0,13,156.41,24.29,30,106.4,LAA,746185,0.41,2.58
2024-09-03,Taylor Ward,621493,621111,2,39,230.26,89.04,25,101.2,LAA,746185,0.37,2.67
2024-09-03,Mookie Betts,605141,672710,2,71,43.9,49.13,27,104.4,LAA,746185,-0.26,2.66
2024-09-03,Brayan Rocchio,677587,669674,0,51,16.83,94.07,23,101.9,KC,746264,-0.03,2.5
2024-09-03,Jared Triolo,669707,668338,1,54,51.22,68.68,21,104.1,CHC,746834,-0.02,2.63
2024-09-04,Kyle Schwarber,656941,670102,0,1,213.28,54.15,33,108.4,TOR,744887,0.08,3.13
2024-09-04,Kody Clemens,665019,670102,1,15,201.78,74.71,32,93.7,TOR,744887,0.77,2.72
2024-09-04,J.T. Realmuto,592663,621114,0,63,44.3,61.44,26,104.5,TOR,744887,-0.02,2.16
2024-09-04,Juan Soto,665742,543135,2,43,22.65,101.31,25,102.7,TEX,744964,-1.06,3.13
2024-09-04,Trent Grisham,663757,681982,2,80,236.05,93.31,36,104.9,TEX,744964,0.48,2.76
2024-09-04,Yandy Díaz,650490,686973,1,35,124.09,27.66,21,106,TB,745045,0.05,2.66
2024-09-04,Kyle Farmer,571657,641302,0,54,24.15,77.86,26,104,TB,745045,-0.74,2.05
2024-09-04,Carlos Santana,467793,641302,2,58,15.44,96.49,21,113.6,TB,745045,-0.26,2.61
2024-09-04,Eugenio Suárez,553993,806185,0,10,37.17,75.28,36,101.2,SF,745290,0.17,1.79
2024-09-04,Pavin Smith,656976,702352,2,39,159.68,32.28,29,105,SF,745290,0.07,2.18
2024-09-04,LaMonte Wade Jr.,664774,656464,0,55,234.81,71.12,30,106.6,SF,745290,0.26,3.01
2024-09-04,Trey Sweeney,700242,673513,0,29,224.01,84.38,39,101.4,SD,745370,0.78,3.5
2024-09-04,Matt Vierling,663837,506433,2,3,44.21,77.62,29,94.6,SD,745370,-0.49,3.45
2024-09-04,Jackson Merrill,701538,672456,1,36,54.61,66.43,31,101.8,SD,745370,-0.18,2.86
2024-09-04,Luis Urías,649966,676083,0,50,19.01,76.96,33,105.9,OAK,745614,-0.32,2.82
2024-09-04,Jesse Winker,608385,656557,1,8,93.38,43.08,25,102.6,NYM,745776,-1.01,2.44
2024-09-04,Eric Haase,606992,668941,0,61,38.79,43.91,31,109.6,MIL,745938,-0.42,2.42
2024-09-04,Niko Kavadas,694359,676272,0,16,223.12,66.42,42,107.9,LAA,746178,0.7,2.31
2024-09-04,Taylor Ward,621493,676272,0,36,66.06,49.16,40,105.6,LAA,746178,-0.43,2.18
2024-09-04,Mickey Moniak,666160,676272,0,8,196.43,36.05,27,107.8,LAA,746178,0.63,1.91
2024-09-04,Tommy Pham,502054,594902,2,35,77.15,32.89,25,106.2,KC,746262,-0.25,2.94
2024-09-04,Jonathan India,663697,681293,0,4,97.41,24.69,27,106.4,CIN,746666,0.03,2.11
2024-09-04,Jon Singleton,572138,608718,2,68,218.2,86.82,22,103.4,CIN,746666,0.84,3.26
2024-09-04,Dansby Swanson,621020,593334,2,27,31.09,82.33,22,107.5,CHC,746835,-0.24,2.96
2024-09-04,Pete Crow-Armstrong,691718,593334,2,28,120.13,30.3,29,104,CHC,746835,-0.52,3.02
2024-09-04,Cody Bellinger,641355,693312,2,53,108.6,39.69,27,103.3,CHC,746835,-0.15,2.58
2024-09-04,Nicky Lopez,670032,544150,0,1,192.66,59.23,24,105.1,BAL,746990,0.17,1.75
2024-09-04,Andrew Vaughn,683734,544150,0,24,144.02,32.8,27,104.3,BAL,746990,-0.08,2.45
2024-09-04,Dominic Fletcher,666150,544150,1,27,241.5,87,31,99.2,BAL,746990,0.78,1.2
2024-09-04,Gunnar Henderson,683002,686563,0,5,184.95,47.48,20,108.3,BAL,746990,0.33,2.85
2024-09-04,Jarred Kelenic,672284,687134,2,11,215.94,66.29,28,100.3,ATL,747075,0.22,1.74
2024-09-05,Adolis García,666969,686799,1,8,176.24,49.79,26,105.9,TEX,744966,0.03,2.41
2024-09-05,Matt Wallner,670242,671737,1,18,206.98,79.53,41,105.3,TB,745042,0.15,3.1
2024-09-05,Edouard Julien,666397,671737,0,9,213.92,66.54,28,105.3,TB,745042,0.08,2.54
2024-09-05,Xander Bogaerts,593428,663554,0,14,45.88,80.67,22,100.6,SD,745369,-0.57,3.29
2024-09-05,Parker Meadows,678009,663158,2,66,50.36,73.82,30,98.2,SD,745369,-0.6,3.26
2024-09-05,Jurickson Profar,595777,663554,2,8,223.81,63.37,35,105.8,SD,745369,0.08,3
2024-09-05,Andrés Chaparro,665953,663559,1,4,73.29,37.66,28,103.6,PIT,745451,0.05,2.09
2024-09-05,Julio Rodríguez,677594,683155,0,19,5.42,61.43,27,111.1,OAK,745612,-0.02,3.15
2024-09-05,Cal Raleigh,663728,683155,1,3,239.37,83.66,38,112,OAK,745612,0.15,2.51
2024-09-05,Brent Rooker,667670,693433,1,44,61.25,57.33,28,99.5,OAK,745612,0.19,1.7
2024-09-05,Luke Raley,670042,621053,1,75,137.11,36.84,33,106.9,OAK,745612,-0.59,2.77
2024-09-05,Brent Rooker,667670,662253,2,81,120.54,32.65,34,107.4,OAK,745612,0.12,2.82
2024-09-05,Bryson Stott,681082,670124,1,42,213.13,62.36,31,104.5,MIA,746021,0.51,3.2
2024-09-05,Ty France,664034,650556,0,51,60.65,54.15,28,100.8,CIN,746664,-0.58,1.93
2024-09-05,Michael Toglia,669911,625643,2,12,123.42,16.24,32,106.5,ATL,747073,-0.59,2.7
2024-09-05,Ezequiel Tovar,678662,625643,1,39,15.84,86.39,26,103.6,ATL,747073,-0.24,1.86
2024-09-06,Logan O'Hoppe,681351,570632,0,43,24.81,66.18,30,104.9,TEX,744967,-0.07,2.06
2024-09-06,Dylan Moore,664238,669461,1,45,31,81.47,25,104.1,STL,745131,-0.69,2.28
2024-09-06,Jordan Walker,691023,700187,2,57,30.53,64.72,24,105.2,STL,745131,0.16,2.69
2024-09-06,Michael Conforto,624424,650633,0,44,211.21,64.37,25,103.8,SD,745371,0.1,1.69
2024-09-06,Manny Machado,592518,681810,0,62,44.98,49.16,23,110.5,SD,745371,-0.05,2.58
2024-09-06,Manny Machado,592518,696131,1,7,52.63,65.93,24,99.9,SD,745371,0.64,2.54
2024-09-06,Seth Brown,664913,571946,1,89,224.23,74.83,28,103,OAK,745611,0.03,2.4
2024-09-06,Elly De La Cruz,682829,640455,0,22,101.66,33.82,30,111.1,NYM,745777,0.17,2.42
2024-09-06,TJ Friedl,670770,640455,2,50,215.09,66.11,25,101.1,NYM,745777,0.02,2.88
2024-09-06,Mark Vientos,668901,518585,1,6,36.66,79.57,25,106.2,NYM,745777,-0.04,2.5
2024-09-06,Mark Vientos,668901,458677,0,73,26.63,69.67,27,106.6,NYM,745777,-0.92,2.2
2024-09-06,Michael Toglia,669911,593423,2,42,130.45,41.17,31,107.6,MIL,745941,-0.15,2.8
2024-09-06,Trea Turner,607208,685116,0,14,66.86,50.01,24,104.4,MIA,746016,0.19,1.98
2024-09-06,Kyle Schwarber,656941,675540,2,55,178.32,30.73,29,108.7,MIA,746016,-0.33,1.56
2024-09-06,Andrés Giménez,665926,689017,1,37,214.63,77.38,34,99.9,LAD,746104,0.19,3.02
2024-09-06,Shohei Ohtani,660271,571510,1,41,109.21,32.81,38,111.2,LAD,746104,0.17,2.75
2024-09-06,Brayan Rocchio,677587,607455,1,53,26.91,77.33,28,101,LAD,746104,0.24,2.07
2024-09-06,Michael Massey,686681,805673,2,30,226.57,66.91,26,104.8,KC,746257,0.47,2.55
2024-09-06,Yordan Alvarez,670541,694297,0,38,215.68,60.15,35,108.9,HOU,746343,0.75,3.31
2024-09-06,Yordan Alvarez,670541,656756,1,50,163.57,32.99,21,110.8,HOU,746343,0,2.12
2024-09-06,Ceddanne Rafaela,678882,641582,1,56,46.67,66.46,27,105,BOS,746912,-0.5,2.61
2024-09-06,Gunnar Henderson,683002,669358,0,39,184.43,53.11,24,100.9,BAL,746993,0.59,2.02
2024-09-07,Taylor Ward,621493,683004,0,1,65.73,55.19,27,102.4,TEX,744963,-0.02,2.56
2024-09-07,Pedro Pagés,686780,669302,1,58,49.21,55.11,27,103.9,STL,745125,-0.26,2.11
2024-09-07,Grant McCray,687529,656302,2,15,231.64,74.95,32,106.6,SD,745372,0.19,2.79
2024-09-07,Grant McCray,687529,673513,2,69,210.45,58.21,27,104,SD,745372,0.46,2.58
2024-09-07,Dylan Crews,686611,682847,2,11,67.72,46.07,29,103.7,PIT,745455,-0.15,2.82
2024-09-07,Rowdy Tellez,642133,606930,2,54,222.92,47.05,25,113,PIT,745455,0.34,1.96
2024-09-07,Andrés Chaparro,665953,621366,2,61,35.62,51.38,26,106,PIT,745456,0.12,2.15
2024-09-07,Harrison Bader,664056,594580,0,40,174.4,48.91,24,102.3,NYM,745775,0.29,3.01
2024-09-07,William Contreras,661388,621389,1,23,190.38,55.79,26,103.5,MIL,745942,-0.35,2.23
2024-09-07,Ryan McMahon,641857,668964,0,26,154.57,61.33,24,106.6,MIL,745942,0.28,1.76
2024-09-07,Sam Hilliard,656541,657649,2,60,236.28,60.8,24,109.9,MIL,745942,0.86,2.22
2024-09-07,Willy Adames,642715,621389,2,7,228.54,88.02,29,102.7,MIL,745942,0.43,1.97
2024-09-07,Gary Sánchez,596142,621389,2,8,73.96,37.67,32,105.3,MIL,745942,0.27,3.32
2024-09-07,Jonah Bride,681146,605400,0,43,22.78,91.14,27,100.7,MIA,746018,0.12,3.33
2024-09-07,Otto Lopez,672640,592836,1,62,128.72,26.14,29,106.8,MIA,746018,-0.36,2.15
2024-09-07,Connor Norby,681393,605400,0,8,166.24,27.34,25,107.5,MIA,746018,0.03,2.04
2024-09-07,Andy Pages,681624,658648,2,12,100.73,25.91,30,104.4,LAD,746099,-0.11,2.86
2024-09-07,Lane Thomas,657041,675627,1,17,84.59,47.48,20,105.9,LAD,746099,-0.28,2.66
2024-09-07,Mookie Betts,605141,605130,2,40,51.65,66.09,36,97.2,LAD,746099,-0.14,2.58
2024-09-07,Kevin Newman,621028,579328,2,29,62.94,58.29,30,97.5,HOU,746344,-0.47,2.69
2024-09-07,Eugenio Suárez,553993,579328,0,49,55.64,67.48,26,99.2,HOU,746344,0.16,2.05
2024-09-07,Jeremy Peña,665161,571670,1,58,180.95,51.36,25,105.7,HOU,746344,0.1,2.71
2024-09-07,Jose Altuve,514888,677944,2,69,30.9,83.68,25,101,HOU,746344,-0.21,2.59
2024-09-07,Andrew Vaughn,683734,681867,2,4,88.71,40.86,32,104.1,BOS,746911,0.36,2.15
2024-09-07,Tyler O'Neill,641933,660853,0,44,47.17,52.92,37,107.6,BOS,746911,-0.21,2.79
2024-09-07,Andrew Benintendi,643217,663767,1,59,179.28,46.45,35,99.3,BOS,746911,-0.17,3.1
2024-09-07,Tyler O'Neill,641933,676979,1,9,11.24,85.58,25,110.1,BOS,746911,-0.4,2.21
2024-09-07,Yandy Díaz,650490,621107,0,1,14.67,58.06,25,107.4,BAL,746986,0.02,2.53
2024-09-07,Taylor Walls,670764,621107,0,17,198.21,59.23,31,100.2,BAL,746986,-0.08,2.25
2024-09-07,Cedric Mullins,656775,686752,0,51,227.95,86.73,22,103.3,BAL,746986,0.21,2.76
2024-09-07,Spencer Horwitz,687462,680885,0,25,194.38,42.63,26,104.2,ATL,747076,0.4,1.71
2024-09-07,Spencer Horwitz,687462,680885,0,9,113.51,29.47,26,102,ATL,747076,-0.05,2.29
2024-09-08,Ezequiel Duran,677649,702674,0,13,88.65,35.57,29,107,TEX,744965,-0.06,3.03
2024-09-08,Charles Leblanc,641779,571760,0,29,25.07,85.7,34,107,TEX,744965,-0.86,2.13
2024-09-08,Marcus Semien,543760,702674,0,4,68.97,47.83,23,103.5,TEX,744965,0.08,2.21
2024-09-08,Nathaniel Lowe,663993,702674,2,8,235.18,72.99,32,107.2,TEX,744965,0.47,2.18
2024-09-08,Randy Arozarena,668227,571945,1,15,22.97,78.24,19,110.3,STL,745128,-0.43,1.96
2024-09-08,Jorge Polanco,593871,571927,1,42,100.4,31.42,19,109.3,STL,745128,-0.01,2.15
2024-09-08,Matt Chapman,656305,605397,1,23,78.12,36.38,30,108.2,SD,745368,0.11,2.78
2024-09-08,Jerar Encarnacion,666464,605397,1,26,37.44,55.12,25,110.6,SD,745368,0.09,2.61
2024-09-08,Luis Matos,682641,605397,1,27,46.77,71.95,23,98.5,SD,745368,0.63,1.88
2024-09-08,Jackson Merrill,701538,702352,0,41,45.51,69.47,29,101.3,SD,745368,-0.03,2.48
2024-09-08,Curt Casali,592200,689690,1,47,77.54,43.23,32,99,SD,745368,-0.06,3.33
2024-09-08,Xander Bogaerts,593428,666808,0,68,38.48,57.71,35,102,SD,745368,-0.83,3.04
2024-09-08,CJ Abrams,682928,683003,0,1,169.47,36.46,27,105.4,PIT,745453,-0.11,2.27
2024-09-08,Andrew McCutchen,457705,571578,0,26,24.67,73.16,33,104.6,PIT,745453,-0.06,2.13
2024-09-08,Michael A. Taylor,572191,571578,0,49,73.16,37.73,36,106,PIT,745453,-0.55,1.62
2024-09-08,Joey Bart,663698,571578,1,7,21.76,67.84,24,110.5,PIT,745453,0.08,1.88
2024-09-08,Trey Sweeney,700242,669372,0,16,226.8,68.95,23,109,OAK,745616,0.31,2.11
2024-09-08,Hunter Goodman,696100,642547,0,18,188.13,57.28,27,103.4,MIL,745940,0.26,1.89
2024-09-08,Sam Hilliard,656541,571948,2,40,203.95,69.19,23,102.5,MIL,745940,0.01,2.02
2024-09-08,Connor Norby,681393,676661,2,29,110.2,54.55,29,102.8,MIA,746017,0.07,2.35
2024-09-08,Connor Norby,681393,686751,0,5,72.18,38.24,27,106.9,MIA,746017,0.01,1.86
2024-09-08,Shohei Ohtani,660271,676440,1,37,230.79,95.68,34,116.7,LAD,746098,0.13,2.99
2024-09-08,Max Muncy,571970,543238,1,59,91.33,40.62,33,105.1,LAD,746098,-0.41,2.56
2024-09-08,Pavin Smith,656976,434378,0,11,220.96,99.34,41,106.3,HOU,746345,0.44,2.74
2024-09-08,Pavin Smith,656976,434378,1,23,60,63.71,30,99.7,HOU,746345,-0.57,2.89
2024-09-08,Alex Bregman,608324,669194,0,37,38.12,82.35,23,97.7,HOU,746345,-0.89,2.81
2024-09-08,Pavin Smith,656976,672391,0,41,240.27,86.59,24,112.1,HOU,746345,-0.08,2.58
2024-09-08,Eugenio Suárez,553993,623352,0,80,32.15,71.71,25,111,HOU,746345,0.52,2.87
2024-09-08,Connor Wong,657136,623167,2,14,55.8,55.06,28,104.1,BOS,746910,0.32,1.79
2024-09-08,Wilyer Abreu,677800,623167,2,46,176.33,33.41,21,110.1,BOS,746910,0.1,1.52
2024-09-08,Jonny DeLuca,676356,669203,0,40,65.08,43.66,28,104.7,BAL,746989,0.26,2.02
2024-09-08,Jarred Kelenic,672284,684320,2,13,194.34,44.55,24,106.4,ATL,747072,-0.28,2.43
2024-09-08,Spencer Horwitz,687462,641729,2,56,231.47,86.74,25,103.5,ATL,747072,0.42,1.37
2024-09-09,Oneil Cruz,665833,678368,2,6,124.86,19.12,22,113.7,PIT,745454,-0.06,3.51
2024-09-09,Kyle Schwarber,656941,641302,1,42,174.98,24.38,25,113.3,PHI,745534,0.04,2.22
2024-09-09,Brandon Lowe,664040,608032,0,60,108.53,32.47,28,106.7,PHI,745534,0.39,2.1
2024-09-09,Salvador Perez,521692,607074,2,20,63.82,39.45,23,110.5,NYY,745698,0.73,2.81
2024-09-09,Alex Verdugo,657077,663903,2,35,200.35,66.98,30,97.8,NYY,745698,-0.31,1.98
2024-09-09,Hunter Renfroe,592669,607074,0,45,34.66,76.97,22,103.5,NYY,745698,-0.22,2.09
2024-09-09,Austin Wells,669224,663704,1,60,203.6,54.88,30,108.4,NYY,745698,0.53,1.92
2024-09-09,Brandon Drury,592273,701581,2,19,39.39,44.6,28,109.6,MIN,745860,-0.57,3.34
2024-09-09,Kyle Farmer,571657,672282,2,33,3.41,79.42,32,106.9,MIN,745860,0.01,2.27
2024-09-09,Niko Kavadas,694359,678692,2,45,213.43,88.26,28,106.7,MIN,745860,-0.15,2.62
2024-09-09,Michael Busch,683737,621111,1,28,27.17,102.97,28,92,LAD,746101,-0.7,3.07
2024-09-09,Cody Bellinger,641355,621111,2,4,217.27,49.58,26,105.3,LAD,746101,-0.61,3.25
2024-09-09,Mookie Betts,605141,592767,0,60,50.15,62.42,31,98.5,LAD,746101,-0.07,1.79
2024-09-09,David Fry,681807,694363,1,17,129.48,31.75,26,102.9,CWS,746746,0.49,2.22
2024-09-09,Bo Naylor,666310,660853,2,26,139.69,26.18,25,103.2,CWS,746746,0.52,2.16
2024-09-09,Bryan Ramos,682868,680704,0,63,39.49,64.16,33,103.2,CWS,746746,-0.72,2.93
2024-09-09,Rob Refsnyder,608701,700249,1,27,114.78,32.98,25,107.1,BOS,746909,0.61,2.6
2024-09-09,Tyler O'Neill,641933,700249,1,28,63.29,62.69,41,110,BOS,746909,0.17,2.77
2024-09-09,Anthony Santander,623993,670174,0,61,180.33,43.38,26,103.8,BOS,746909,0.05,2.61
2024-09-09,Rob Refsnyder,608701,608344,1,77,232.12,75.03,39,96,BOS,746909,0.93,2.76
2024-09-09,Tyler O'Neill,641933,608344,1,78,58.63,41.48,26,107.3,BOS,746909,0.07,1.42
2024-09-10,Michael Harris II,671739,669022,2,30,221.28,79.04,24,102.2,WSH,744807,0.3,2.98
2024-09-10,Orlando Arcia,606115,606930,1,41,164.31,44.7,26,100.7,WSH,744807,0.37,2.73
2024-09-10,Sean Murphy,669221,686747,2,52,39.89,74.01,23,105.5,WSH,744807,0.49,2.26
2024-09-10,Michael Harris II,671739,545121,0,76,209.13,52.67,36,103.9,WSH,744807,-0.25,3.36
2024-09-10,Luke Raley,670042,506433,0,12,231.49,93.21,29,103.8,SEA,745210,0.31,2.21
2024-09-10,Fernando Tatis Jr.,665487,669923,1,19,201.3,56.01,26,107.2,SEA,745210,0.12,2.77
2024-09-10,Manny Machado,592518,669923,0,42,148.95,26.72,21,108.8,SEA,745210,0.23,3.07
2024-09-10,Cal Raleigh,663728,506433,2,7,226.06,73.58,35,103.3,SEA,745210,-0.16,1.55
2024-09-10,Garrett Mitchell,669003,663941,0,38,118.49,33.19,21,109.7,SF,745291,-0.2,2.34
2024-09-10,Mike Yastrzemski,573262,650644,0,43,229.32,103.7,28,99.6,SF,745291,-0.03,2.19
2024-09-10,Andrew McCutchen,457705,670124,1,42,53.54,52.44,36,102,PIT,745446,-0.59,2.27
2024-09-10,Trea Turner,607208,671737,0,27,57.52,54.26,35,101.8,PHI,745535,-0.3,3.27
2024-09-10,Kyle Schwarber,656941,671737,0,5,170.01,27.21,23,113.9,PHI,745535,-0.14,2.66
2024-09-10,Trea Turner,607208,670955,2,75,49.75,67.15,32,100.2,PHI,745535,0.12,2.3
2024-09-10,Tommy Pham,502054,643410,0,48,58.24,77.52,22,105.1,NYY,745694,-0.28,3.11
2024-09-10,Kyle Farmer,571657,656288,1,16,42.05,61.77,26,100.2,MIN,745856,-0.05,2.35
2024-09-10,Matt Wallner,670242,656288,0,22,237.6,56.31,30,114.1,MIN,745856,-0.52,2.79
2024-09-10,Zach Neto,687263,641154,2,39,132.15,25.63,27,106.6,MIN,745856,0.36,2.82
2024-09-10,Carlos Santana,467793,656288,2,45,187,43.6,30,98.5,MIN,745856,-0.91,2.03
2024-09-10,Tommy Edman,669242,684007,0,13,20.09,99.28,29,99,LAD,746097,0.08,2.81
2024-09-10,Tommy Edman,669242,684007,1,28,91.99,45.85,30,101,LAD,746097,-0.22,2.6
2024-09-10,Max Muncy,571970,684007,0,35,197.65,52.43,29,107.8,LAD,746097,0.24,2.14
2024-09-10,Zack Gelof,680869,681293,0,10,32.79,58.04,30,106,HOU,746346,-0.15,2.95
2024-09-10,Parker Meadows,678009,687134,0,4,222.2,83.52,23,103.6,DET,746428,0.24,2.96
2024-09-10,Lane Thomas,657041,681402,1,42,49,68.73,23,102.4,CWS,746747,-0.05,2.85
2024-09-10,Cedric Mullins,656775,676710,2,19,234.6,73.54,28,104.8,BOS,746907,0.36,2.74
2024-09-10,Cedric Mullins,656775,676710,1,2,224.78,105.81,44,97.9,BOS,746907,0.51,3.09
2024-09-10,Christian Walker,572233,543135,1,24,218.5,81.21,22,104.3,AZ,747152,0.41,1.97
2024-09-10,Joc Pederson,592626,543135,2,8,184.23,25.96,28,108.9,AZ,747152,0.22,2.33
2024-09-10,Christian Walker,572233,543135,2,9,214.46,75.83,22,104.5,AZ,747152,0.51,2.73
2024-09-11,CJ Abrams,682928,608331,2,31,137.85,29.46,25,105.8,WSH,744804,-0.18,3.07
2024-09-11,Francisco Lindor,596019,670102,0,60,228.91,73.94,26,107.8,TOR,744881,-0.25,2.9
2024-09-11,Francisco Alvarez,682626,650893,2,67,125,19,24,109,TOR,744881,-0.18,2.85
2024-09-11,Nolan Arenado,571448,682227,1,29,87.19,41.17,24,102.8,STL,745127,-0.1,3.06
2024-09-11,Fernando Tatis Jr.,665487,693433,1,48,12.95,92.31,21,115.6,SEA,745214,-0.73,3.12
2024-09-11,Mike Yastrzemski,573262,607067,0,20,220.07,94.13,32,94.4,SF,745285,-0.23,1.49
2024-09-11,Matt Chapman,656305,607067,2,39,29.94,67.75,22,108,SF,745285,-0.51,2.21
2024-09-11,Jerar Encarnacion,666464,607067,2,9,211.22,84.24,36,101.6,SF,745285,0.15,2.28
2024-09-11,Jared Triolo,669707,642834,1,15,35.48,75.35,30,100.2,PIT,745450,-0.37,2.88
2024-09-11,Jonathan Aranda,666018,554430,1,43,231.47,79.72,28,105,PHI,745525,0.52,1.77
2024-09-11,Nick Castellanos,592206,669358,2,8,60.36,64.42,26,95.8,PHI,745525,0.39,2.34
2024-09-11,Michael Massey,686681,661563,1,25,217.5,77.52,27,100.9,NYY,745697,0.27,3.08
2024-09-11,Juan Soto,665742,666142,1,46,222.96,72.69,32,102.7,NYY,745697,0.25,1.87
2024-09-11,Taylor Ward,621493,805673,0,1,125.06,30.84,22,109.4,MIN,745857,0.11,1.94
2024-09-11,Nolan Schanuel,694384,805673,0,20,211.01,70.07,32,101,MIN,745857,0.48,2.11
2024-09-11,Jordyn Adams,677941,660896,2,50,87.18,33.87,34,105.5,MIN,745857,-0.42,2.22
2024-09-11,Matt Wallner,670242,686799,1,9,86.43,27.18,23,110.3,MIN,745857,-0.18,2.2
2024-09-11,Tommy Edman,669242,696136,2,12,40.01,73.96,30,96.4,LAD,746100,0.15,2.03
2024-09-11,Will Smith,669257,696136,2,13,47.51,55.05,28,102,LAD,746100,-0.69,1.99
2024-09-11,Max Muncy,571970,696136,2,14,195.65,52.04,39,104,LAD,746100,0.23,2.85
2024-09-11,Seiya Suzuki,673548,676272,1,26,186.16,56.84,27,101.9,LAD,746100,0.11,2.76
2024-09-11,Cody Bellinger,641355,676272,1,46,105.12,32.45,24,103.8,LAD,746100,-0.77,2.9
2024-09-11,Tommy Edman,669242,622259,2,78,196.47,63.29,29,96.8,LAD,746100,0.08,1.95
2024-09-11,Shohei Ohtani,660271,696136,0,8,169.47,41.06,19,118.1,LAD,746100,0.18,2.5
2024-09-11,Kyle McCann,668832,686613,0,46,54.47,75.94,37,97.2,HOU,746342,-0.96,2.24
2024-09-11,Trey Sweeney,700242,685299,2,11,234.66,73.74,26,108.5,DET,746425,0.28,3.19
2024-09-11,Ryan McMahon,641857,663554,0,13,225.39,95.18,27,104.2,DET,746425,0.51,2.27
2024-09-11,Riley Greene,682985,685299,1,5,206,77,25,97.1,DET,746425,-0.93,2.66
2024-09-11,Austin Hedges,595978,663436,0,19,25.25,91.7,34,95.8,CWS,746745,-0.26,2.7
2024-09-11,Emmanuel Rivera,656896,601713,0,16,47.25,79.71,38,97.7,BOS,746908,0.03,2.69
2024-09-11,Anthony Santander,623993,686580,2,58,220.89,62.75,28,103.9,BOS,746908,0.59,1.9
2024-09-11,Tyler O'Neill,641933,669211,1,78,45.01,61.91,39,107.5,BOS,746908,-0.42,1.84
2024-09-11,Eugenio Suárez,553993,674003,0,14,27.52,56.28,32,107.3,AZ,747154,0.16,2
2024-09-11,Marcus Semien,543760,518876,2,22,42.21,57.92,35,103.6,AZ,747154,-0.17,2.26
2024-09-11,Ketel Marte,606466,674003,1,36,54.15,54.61,26,100.9,AZ,747154,-0.35,2.14
2024-09-11,Adrian Del Castillo,680728,502624,2,51,205.01,68.9,32,93.5,AZ,747154,0.86,3.06
2024-09-11,Randal Grichuk,545341,674003,0,6,40.84,57.43,21,111.5,AZ,747154,-0.43,2.31
2024-09-11,Eugenio Suárez,553993,669391,1,68,37.55,80.88,39,98,AZ,747154,-0.26,2.06
2024-09-12,Masyn Winn,691026,596001,2,19,26.64,70.81,26,102.7,STL,745129,0.06,2.63
2024-09-12,Brendan Donovan,680977,686730,0,51,220.44,74.21,25,105.1,STL,745129,0.09,1.91
2024-09-12,Josh Jung,673962,682243,2,11,196.27,69.43,29,99.9,SEA,745208,0.08,2.22
2024-09-12,Justin Turner,457759,677958,1,28,143.58,37.81,25,101.8,SEA,745208,0.34,2.85
2024-09-12,Nathaniel Lowe,663993,700187,0,51,34.46,90.98,29,98,SEA,745208,0.31,2.65
2024-09-12,Marcus Semien,543760,676092,1,60,76.4,49.76,28,98.9,SEA,745208,-0.05,2.34
2024-09-12,Jackson Chourio,694192,702352,1,55,216.6,78.15,32,102.8,SF,745288,-0.53,3.11
2024-09-12,Danny Jansen,643376,641482,0,34,34.32,72.61,36,99.5,NYY,745695,-0.06,2.44
2024-09-12,Gleyber Torres,650402,681867,0,4,178.5,59.94,27,100.4,NYY,745695,-0.01,2.99
2024-09-12,Jason Heyward,518792,687765,2,16,211.41,83.63,21,103.5,HOU,746337,-0.35,2.14
2024-09-12,Brent Rooker,667670,519151,1,57,85.19,33.91,33,109.5,HOU,746337,-0.34,2.77
2024-09-12,Tyler Nevin,663527,623352,1,71,201.61,71.88,22,101.8,HOU,746337,0.46,2.51
2024-09-12,Jordan Beck,687597,669373,1,14,51.9,46.81,32,104.3,DET,746427,0.4,3.23
2024-09-12,Brandon Lowe,664040,668909,1,2,207.54,68.18,22,110.6,CLE,746591,0.08,2.5
2024-09-13,Otto Lopez,672640,687792,1,27,75.32,46.82,30,98.5,WSH,744800,-0.12,2.57
2024-09-13,Luis García Jr.,671277,685107,0,51,217.54,57.06,25,103.9,WSH,744800,0.75,3.68
2024-09-13,Thomas Saggese,695336,650893,1,61,19.81,89.98,29,102.6,TOR,744882,-0.52,1.65
2024-09-13,Wyatt Langford,694671,676106,0,38,36.72,69.24,42,106,SEA,745207,0.12,2.13
2024-09-13,Julio Rodríguez,677594,502085,2,74,13.5,70.54,31,111.7,SEA,745207,-0.34,2
2024-09-13,Fernando Tatis Jr.,665487,657277,0,2,148.89,24.97,24,109.6,SF,745286,-0.32,2.36
2024-09-13,Salvador Perez,521692,682847,2,16,84.01,28.31,33,110.6,PIT,745447,0.26,2.85
2024-09-13,Kyle Isbel,664728,682847,1,29,201.14,64.12,29,102.1,PIT,745447,0.01,2.32
2024-09-13,Adam Frazier,624428,693312,2,64,227.19,70.25,31,103.1,PIT,745447,0.3,2.31
2024-09-13,Francisco Alvarez,682626,605400,0,30,27.45,103.85,34,99.4,PHI,745529,-1.01,1.91
2024-09-13,Brandon Nimmo,607043,605400,1,34,198.13,74.33,24,97.9,PHI,745529,0.34,2.07
2024-09-13,Harrison Bader,664056,656457,2,59,54.55,48.67,26,102.3,PHI,745529,0.22,2.04
2024-09-13,Pete Alonso,624413,665019,2,66,92.06,43.86,37,104.9,PHI,745529,0.28,3.5
2024-09-13,Brandon Marsh,669016,622065,2,74,221.8,93.07,27,98.1,PHI,745529,0.31,2.05
2024-09-13,Masataka Yoshida,807799,657376,2,42,182.34,43.78,25,105.2,NYY,745696,0.02,2.95
2024-09-13,Trevor Story,596115,643410,1,51,181.96,59.12,26,99.5,NYY,745696,0.1,2.92
2024-09-13,Aaron Judge,592450,592155,0,59,17.52,60.57,29,101.9,NYY,745696,0.15,2.56
2024-09-13,Byron Buxton,621439,687924,0,32,57.52,55.35,27,101,MIN,745855,-0.75,2.51
2024-09-13,Elly De La Cruz,682829,660896,2,50,208.46,60.18,26,107.3,MIN,745855,0.14,2.28
2024-09-13,TJ Friedl,670770,641927,1,8,223.89,97.35,41,98.3,MIN,745855,0.51,2.18
2024-09-13,Alex Bregman,608324,691951,0,21,23.61,84.06,34,99.6,LAA,746181,-0.54,2.73
2024-09-13,Mickey Moniak,666160,579328,2,39,178.57,48.79,24,104.8,LAA,746181,0.49,2.02
2024-09-13,Yordan Alvarez,670541,656271,0,67,104.04,40.01,21,108.1,LAA,746181,-0.25,1.97
2024-09-13,Kerry Carpenter,681481,621107,1,5,209.93,53.42,28,109.6,DET,746423,0.15,2.14
2024-09-13,Hunter Goodman,696100,665871,2,19,28.22,53.81,38,107.5,COL,746509,-0.88,2.51
2024-09-13,Ezequiel Tovar,678662,681799,2,59,192.02,50.2,30,102.5,COL,746509,0.64,1.84
2024-09-13,Michael Busch,683737,680767,0,63,237.46,51.47,33,109,COL,746509,0.31,1.92
2024-09-13,Hunter Goodman,696100,663878,1,71,61.96,44.28,35,103,COL,746509,0.35,2.72
2024-09-13,Logan Driscoll,686482,676440,0,16,211.81,64.57,26,105.5,CLE,746586,-0.04,2.48
2024-09-13,Jonathan Aranda,666018,676440,1,26,224.21,92,31,98.2,CLE,746586,-0.6,2.46
2024-09-13,Gio Urshela,570482,689017,0,15,65.18,41.79,32,103.3,ATL,747069,0.44,2.92
2024-09-13,Jorge Soler,624585,689017,1,18,26.73,75.46,30,97.9,ATL,747069,-0.43,3.07
2024-09-13,Miguel Rojas,500743,680885,1,24,28.99,58.26,23,106.7,ATL,747069,-0.3,1.92
2024-09-13,Rhys Hoskins,656555,593958,2,30,,,34,105.4,AZ,747153,-0.31,2.89
2024-09-14,Joey Gallo,608336,678368,1,16,232.98,75.6,36,107.3,WSH,744803,0.09,3.03
2024-09-14,José Tena,677588,678368,1,46,157.36,35.14,26,102.9,WSH,744803,-0.4,1.85
2024-09-14,Juan Yepez,660766,666277,0,61,61.01,58.56,28,99,WSH,744803,0.6,2.97
2024-09-14,Jordan Walker,691023,621244,2,15,76.79,46.03,32,104,TOR,744884,-0.24,3.19
2024-09-14,Davis Schneider,676914,502043,1,18,184.59,57.45,29,101.2,TOR,744884,0.02,2.93
2024-09-14,Leody Taveras,665750,669302,0,19,232.91,77.58,33,103.4,SEA,745209,0.72,2.69
2024-09-14,Julio Rodríguez,677594,453286,0,23,26.23,47.42,24,110.8,SEA,745209,-0.37,1.78
2024-09-14,Marcus Semien,543760,669302,1,38,46.05,82.55,39,94.3,SEA,745209,-0.56,3.06
2024-09-14,Luke Raley,670042,683004,2,45,162.88,26.16,29,110.1,SEA,745209,-0.23,2.5
2024-09-14,Xander Bogaerts,593428,696131,1,27,70.39,48.21,31,104.4,SF,745284,-0.69,2.58
2024-09-14,Bobby Witt Jr.,677951,656605,1,2,56.93,43.46,21,111.5,PIT,745448,0.47,2.82
2024-09-14,Bryce Harper,547180,622663,1,33,54.8,54.54,24,106.1,PHI,745528,-0.39,2.11
2024-09-14,Bryce Harper,547180,622663,2,49,199.35,60.78,27,101.9,PHI,745528,-0.01,1.71
2024-09-14,TJ Friedl,670770,686973,2,35,205.4,64.62,28,98.6,MIN,745858,0.08,2.42
2024-09-14,Jake Fraley,641584,656240,1,42,210,81,22,108.5,MIN,745858,-0.11,2
2024-09-14,Yordan Alvarez,670541,542881,0,38,219.68,63.15,19,112.1,LAA,746177,0.39,2.82
2024-09-14,Kyle Tucker,663656,670871,1,70,166.85,41.25,26,100.6,LAA,746177,0.48,1.99
2024-09-14,Gunnar Henderson,683002,628317,2,47,230.23,91.12,22,106.7,DET,746422,0,2.37
2024-09-14,Parker Meadows,678009,622554,0,64,202.21,53.33,26,103,DET,746422,0.16,2.32
2024-09-14,Cody Bellinger,641355,607536,0,24,213.41,63.39,24,102.7,COL,746508,0.87,3.48
2024-09-14,Pete Crow-Armstrong,691718,607536,1,48,137.11,21.83,31,101.6,COL,746508,-0.01,2.85
2024-09-14,Michael Toglia,669911,592791,0,52,76.02,34.46,22,109.8,COL,746508,-0.36,2.58
2024-09-14,Sam Hilliard,656541,687863,2,75,191.62,45.88,40,106.2,COL,746508,-0.13,2.56
2024-09-14,Lane Thomas,657041,685801,1,60,59.25,54.56,37,103.7,CLE,746584,-0.19,1.63
2024-09-14,José Ramírez,608070,685801,1,61,,,25,106.8,CLE,746584,0.29,2.61
2024-09-14,Gavin Sheets,657757,669372,0,26,227.05,94.8,22,107.3,CWS,746740,0.05,3.18
2024-09-14,Andrew Benintendi,643217,663687,0,83,233.4,102.28,29,95.8,CWS,746740,0.26,2.47
2024-09-14,Willy Adames,642715,694297,2,18,47.63,66.9,25,100.5,AZ,747148,-0.35,2.51
2024-09-14,Garrett Mitchell,669003,571670,0,32,73.52,48.53,28,101.3,AZ,747148,-0.42,2.78
2024-09-14,Willy Adames,642715,571670,0,33,187.43,55.25,25,104,AZ,747148,0.36,2.59
2024-09-14,Randal Grichuk,545341,668964,0,67,25.31,82.75,35,99,AZ,747148,-1.15,2.04
2024-09-14,William Contreras,661388,700270,2,87,191.84,44.71,24,109,AZ,747148,0.06,2.68
2024-09-15,James Wood,695578,670124,2,40,104.05,24.25,29,109,WSH,744801,-0.53,2.59
2024-09-15,Jonah Bride,681146,674285,0,49,54.22,52.99,24,103.8,WSH,744801,0.05,3.24
2024-09-15,James Wood,695578,686539,0,61,76.95,33.4,26,107.7,WSH,744801,0.1,2.15
2024-09-15,Davis Schneider,676914,571945,0,33,91.71,36.16,28,105.2,TOR,744883,0.22,2.38
2024-09-15,Lars Nootbaar,663457,642232,0,45,215.62,81.56,20,110.1,TOR,744883,0.37,2.99
2024-09-15,Randy Arozarena,668227,642520,1,52,29.54,51.82,23,110.5,SEA,745206,-0.35,1.81
2024-09-15,Mitch Garver,641598,571760,2,8,86.41,38.96,33,105.8,SEA,745206,0.36,3.02
2024-09-15,Donovan Walton,622268,527048,0,41,160.77,37.55,26,101.2,SF,745287,-0.32,2.77
2024-09-15,Fernando Tatis Jr.,665487,643511,0,53,85.48,42.21,25,103.4,SF,745287,-0.44,2.36
2024-09-15,Heliot Ramos,671218,663158,0,64,234.66,81.17,30,103.8,SF,745287,0.31,2.34
2024-09-15,Tyrone Taylor,621438,650911,0,50,92.93,38.15,26,103.9,PHI,745530,0.35,2.47
2024-09-15,Gleyber Torres,650402,676710,0,20,214.8,92.36,23,100.2,NYY,745693,0.56,3.29
2024-09-15,Aaron Judge,592450,676710,0,22,141.4,19.2,29,112.1,NYY,745693,0.07,3.01
2024-09-15,Tyler O'Neill,641933,607074,1,29,52.54,54.94,26,104.6,NYY,745693,0.3,3.46
2024-09-15,Carlos Santana,467793,458677,2,61,44.12,82.92,43,103.9,MIN,745852,-0.39,2.77
2024-09-15,Jason Heyward,518792,702674,0,13,173.62,39.8,30,103.7,LAA,746180,0.45,1.96
2024-09-15,Taylor Ward,621493,672391,1,65,64.19,40.24,33,106.3,LAA,746180,-0.03,2.69
2024-09-15,Riley Greene,682985,700249,2,25,210.66,67.48,30,109.2,DET,746419,-0.03,2.11
2024-09-15,Adley Rutschman,668939,676684,2,60,213.17,71.73,35,100.3,DET,746419,0.4,2.41
2024-09-15,Riley Greene,682985,642397,1,63,206.96,75.32,28,99.9,DET,746419,0.04,2.5
2024-09-15,Jacob Stallings,607732,543294,0,26,37.18,53.77,31,101.9,COL,746506,0.26,2.92
2024-09-15,Michael Busch,683737,656234,1,56,,,35,105.3,COL,746506,0.15,1.73
2024-09-15,Michael Busch,683737,664875,1,73,194.16,21.42,26,109.3,COL,746506,0.43,1.82
2024-09-15,Pete Crow-Armstrong,691718,664875,1,75,35.21,74.86,29,97.7,COL,746506,-0.35,2.78
2024-09-15,Brent Rooker,667670,680732,2,37,72.68,54.75,36,108.5,CWS,746741,0.03,2.9
2024-09-15,Bryan Ramos,682868,676664,2,49,84.59,46.34,26,101.6,CWS,746741,-0.19,2.83
2024-09-15,Shea Langeliers,669127,686642,2,69,25.67,82.64,20,113.7,CWS,746741,-0.25,2.07
2024-09-15,Gavin Sheets,657757,676664,2,9,190.28,50.82,28,101,CWS,746741,-0.08,2.44
2024-09-15,Teoscar Hernández,606192,628452,2,74,96.28,36.55,24,105.4,ATL,747071,0.13,2.83
2024-09-15,Tommy Edman,669242,605154,2,75,184.7,43.36,24,103,ATL,747071,0.12,2.39
2024-09-15,Max Muncy,571970,605154,2,76,177.41,33.31,30,107.2,ATL,747071,-0.3,1.73
2024-09-15,Jackson Chourio,694192,668678,0,42,48.01,57.61,19,105.5,AZ,747151,-0.63,1.47
2024-09-15,Eric Haase,606992,656464,2,53,15.01,75.46,26,106.5,AZ,747151,-0.62,3.28
2024-09-16,Jackson Merrill,701538,681293,0,28,126.78,31.93,30,106,SD,745367,-0.25,2.7
2024-09-16,Jurickson Profar,595777,605463,0,63,216.67,65.15,25,103.8,SD,745367,0.12,2.92
2024-09-16,Brandon Marsh,669016,650644,2,37,71.05,58.52,35,99.5,MIL,745939,-0.46,2.6
2024-09-16,Eric Wagaman,676572,686563,2,20,107.55,39.29,31,98.2,LAA,746179,0.31,2.95
2024-09-16,Lenyn Sosa,672820,672282,0,22,23.94,71.27,28,102.9,LAA,746179,-0.33,1.79
2024-09-16,Andrew Benintendi,643217,672282,1,3,213.34,54.71,30,101.2,LAA,746179,0.04,2.98
2024-09-16,Andrew Vaughn,683734,672282,1,4,61.86,36.03,24,107.7,LAA,746179,-0.58,2.12
2024-09-16,Charles Leblanc,641779,686563,1,41,82.71,44.61,24,101.6,LAA,746179,-0.03,2.27
2024-09-16,Andrew Benintendi,643217,670871,1,51,189.43,53.57,35,102.3,LAA,746179,-0.18,2.88
2024-09-16,Bobby Witt Jr.,677951,681857,1,25,24.7,80.78,41,106.3,KC,746260,-0.07,3.22
2024-09-16,Colt Keith,690993,607625,2,40,176.43,42.63,28,101.1,KC,746260,-0.23,2.51
2024-09-16,Ketel Marte,606466,622608,0,2,138.1,12.68,29,106.9,COL,746502,-0.31,2.92
2024-09-16,Ezequiel Tovar,678662,518876,0,28,172.43,37.11,34,102.1,COL,746502,0.72,2.11
2024-09-16,Hunter Goodman,696100,656464,2,52,35.92,70.82,29,97.7,COL,746502,0.43,2.31
2024-09-16,Kyle Manzardo,700932,643377,1,70,220.27,62.85,35,108.3,CLE,746588,0.52,2.98
2024-09-16,Dansby Swanson,621020,683155,0,20,42.38,78.29,42,102.2,CHC,746828,0.04,3.42
2024-09-16,Brent Rooker,667670,684007,0,25,195.99,68.51,31,99.5,CHC,746828,0.33,2.58
2024-09-16,Freddie Freeman,518692,607481,2,54,29.41,96.44,35,99.2,ATL,747067,-0.12,2.15
2024-09-17,Davis Schneider,676914,543135,2,50,69.62,43.35,31,103.1,TEX,744961,-0.67,2.87
2024-09-17,Wyatt Langford,694671,663893,1,72,211.19,78.43,34,102.8,TEX,744961,0.27,3.15
2024-09-17,Leody Taveras,665750,666818,1,83,192.54,54.17,22,108.6,TEX,744961,0.36,2.55
2024-09-17,Triston Casas,671213,669358,2,10,215.88,71.03,25,108.1,TB,745044,0.34,2.06
2024-09-17,Junior Caminero,691406,601713,1,26,61.16,54.02,20,107,TB,745044,-0.41,4.05
2024-09-17,Josh Lowe,666139,601713,0,33,67.64,53.64,31,102.3,TB,745044,-0.26,2.44
2024-09-17,Jose Siri,642350,601713,2,36,28.63,101.92,37,95.5,TB,745044,0.79,2.82
2024-09-17,Brandon Lowe,664040,690544,2,38,206.73,66.71,23,101.8,TB,745044,-0.09,2.71
2024-09-17,Romy Gonzalez,663853,664076,0,55,106.92,29.57,23,104.5,TB,745044,-0.33,1.39
2024-09-17,Bryan De La Cruz,650559,458681,2,10,86.91,28.93,31,103.5,STL,745122,-0.35,3.33
2024-09-17,Jordan Walker,691023,663559,1,30,57.06,41.01,26,108,STL,745122,-0.27,3.32
2024-09-17,Jorge Polanco,593871,661563,1,21,215.07,74.58,26,104.9,SEA,745205,-0.11,2.45
2024-09-17,Juan Soto,665742,693433,2,35,81.4,39.21,22,110.1,SEA,745205,0.21,1.75
2024-09-17,Jasson Domínguez,691176,693433,2,43,117.17,31.92,24,105.7,SEA,745205,-0.4,2.03
2024-09-17,Luke Raley,670042,573186,0,73,55.33,51.72,27,104.9,SEA,745205,-0.26,2.16
2024-09-17,Manny Machado,592518,686613,1,46,71.12,44.52,31,102.9,SD,745366,0.44,2.55
2024-09-17,Francisco Alvarez,682626,680730,0,33,40.58,62.49,23,109.4,NYM,745772,0.28,3.42
2024-09-17,Pete Alonso,624413,694350,2,53,58.23,63.38,35,101.8,NYM,745772,-0.37,2.88
2024-09-17,Luisangel Acuña,682668,686747,1,68,74.61,39.37,25,103.2,NYM,745772,0.12,1.82
2024-09-17,Bryce Harper,547180,593423,1,40,90.88,43.68,36,104,MIL,745935,-0.14,2.36
2024-09-17,Nick Castellanos,592206,593423,0,7,87.68,28.87,30,105.3,MIL,745935,0.55,2.73
2024-09-17,Shohei Ohtani,660271,670766,1,24,222.82,67.2,32,105.3,MIA,746015,0.84,1.71
2024-09-17,Otto Lopez,672640,675627,1,31,27.3,87.03,27,97.3,MIA,746015,-0.49,2.91
2024-09-17,Miguel Rojas,500743,670766,1,36,34.43,83.58,30,94.3,MIA,746015,-1.06,2.07
2024-09-17,Jake Burger,669394,543339,1,77,102,32.99,30,105.8,MIA,746015,-0.09,2.19
2024-09-17,Eric Wagaman,676572,660853,1,45,62.35,34.92,23,110,LAA,746176,-0.47,3.28
2024-09-17,Ezequiel Tovar,678662,656756,0,24,186.32,46.09,23,103.4,COL,746503,0.35,2.24
2024-09-17,Hunter Goodman,696100,686796,2,63,125.44,20.25,21,107.5,COL,746503,0.43,2.01
2024-09-17,Christian Walker,572233,677955,1,66,220.3,78.98,33,99.6,COL,746503,0.32,2.27
2024-09-17,Lane Thomas,657041,805673,1,30,98.34,29.76,23,108.4,CLE,746587,0.26,2.02
2024-09-17,Willi Castro,650489,680704,2,59,215.37,78.09,25,104.1,CLE,746587,0.29,2.54
2024-09-17,Michael Harris II,671739,682227,0,1,163.78,31.79,23,106.8,CIN,746659,0.14,2.49
2024-09-17,Jorge Soler,624585,686730,1,34,108.42,32.08,31,107.1,CIN,746659,0.25,3.47
2024-09-17,Matt Olson,621566,682227,1,4,213.26,76.93,41,103.3,CIN,746659,0.16,3.35
2024-09-17,Spencer Steer,668715,572955,0,69,69.13,52.39,23,100.7,CIN,746659,0.47,1.94
2024-09-17,Lawrence Butler,671732,696136,0,19,193.06,66.29,34,99.6,CHC,746830,0.64,2.25
2024-09-17,Ian Happ,664023,687765,0,25,184.4,54.59,36,102,CHC,746830,0.62,2.68
2024-09-17,Shea Langeliers,669127,696136,1,3,101.78,35.86,22,109.4,CHC,746830,-0.29,2.25
2024-09-17,Shea Langeliers,669127,696136,1,40,23.97,62.93,32,107.7,CHC,746830,-0.78,1.91
2024-09-17,Ian Happ,664023,695243,1,73,37.89,80.79,27,100.3,CHC,746830,-0.37,2.27
2024-09-17,Mike Yastrzemski,573262,544150,0,1,213.48,54.59,30,104,BAL,746987,-0.31,2.87
2024-09-18,Adolis García,666969,670102,0,43,29.81,82.24,35,97.7,TEX,744959,-0.83,2.67
2024-09-18,Trevor Story,596115,686752,0,37,52.84,56.95,22,105.2,TB,745040,-0.28,2.77
2024-09-18,Brendan Donovan,680977,663765,0,13,228.55,75.88,28,103,STL,745121,0.66,1.6
2024-09-18,Billy Cook,695257,669461,2,50,199.88,63.96,24,104.2,STL,745121,0.61,3.31
2024-09-18,Masyn Winn,691026,670280,0,60,21.05,83.9,26,98,STL,745121,-0.45,2.68
2024-09-18,Justin Turner,457759,605280,1,61,7.09,93.24,29,102.3,SEA,745199,0.05,2.41
2024-09-18,Manny Machado,592518,664285,0,40,70.86,48.48,19,109.7,SD,745365,-0.62,1.76
2024-09-18,Fernando Tatis Jr.,665487,672391,0,54,76.72,46.29,21,109.5,SD,745365,-0.15,3.11
2024-09-18,Manny Machado,592518,672391,0,55,39.22,77.95,30,95.7,SD,745365,0.18,1.58
2024-09-18,Donovan Solano,456781,672391,0,56,61.39,65.18,32,97.3,SD,745365,-0.37,2.94
2024-09-18,Brandon Nimmo,607043,606930,1,35,178.06,37.2,24,102.6,NYM,745771,0.39,2.74
2024-09-18,Luisangel Acuña,682668,694350,1,65,33.45,72.7,33,99.8,NYM,745771,-0.81,2
2024-09-18,Rhys Hoskins,656555,605400,0,35,69.91,53.76,37,103.2,MIL,745933,0.21,1.98
2024-09-18,Alec Bohm,664761,642547,1,9,95.72,40.24,20,102,MIL,745933,0.41,1.73
2024-09-18,Will Smith,669257,677960,1,10,,,31,107.2,MIA,746014,-0.8,2.45
2024-09-18,Tommy Edman,669242,677960,1,25,217.9,83.82,25,102.7,MIA,746014,0.17,2.08
2024-09-18,Enrique Hernández,571771,677960,1,28,39.36,47.07,23,110.1,MIA,746014,-0.49,1.56
2024-09-18,Andrew Vaughn,683734,686799,0,23,52.82,57.88,36,99.9,LAA,746172,-0.63,2.85
2024-09-18,Riley Greene,682985,679525,0,23,227,57.54,29,112.1,KC,746254,0.19,2.48
2024-09-18,Corbin Carroll,682998,596295,1,14,230.51,90.01,21,107.3,COL,746500,-0.08,2.63
2024-09-18,Randal Grichuk,545341,596295,1,15,98.68,25.42,31,106.1,COL,746500,-0.11,2.18
2024-09-18,Corbin Carroll,682998,596295,1,2,197.01,35.78,29,104.9,COL,746500,-0.14,2.17
2024-09-18,Josh Naylor,647304,641927,0,13,203.23,35.55,29,109.6,CLE,746582,0.31,2.46
2024-09-18,Josh Naylor,647304,641927,0,51,213.51,66.64,37,106.8,CLE,746582,0.11,1.98
2024-09-18,Marcell Ozuna,542303,663574,0,46,87.71,40.58,38,108.5,CIN,746662,-0.07,2.89
2024-09-18,Michael Harris II,671739,458677,0,56,207.38,56.24,28,103.8,CIN,746662,0.79,2.98
2024-09-18,Tyler Soderstrom,691016,681799,2,28,71.99,50.1,23,105.3,CHC,746831,-0.35,2.64
2024-09-18,Mike Yastrzemski,573262,665152,0,1,190.65,51.63,29,99.1,BAL,746988,-0.57,3.15
2024-09-18,Michael Conforto,624424,665152,0,42,241.97,85.77,24,111.6,BAL,746988,0.1,2.16
2024-09-19,Vladimir Guerrero Jr.,665489,670036,0,49,12.85,69.25,25,109.7,TEX,744962,0.18,2.38
2024-09-19,Vladimir Guerrero Jr.,665489,642520,2,64,127.99,20.3,24,110.6,TEX,744962,0.12,2.88
2024-09-19,Yasmani Grandal,518735,552640,2,50,224.21,73.1,32,101.5,STL,745120,0.19,2.26
2024-09-19,Jazz Chisholm Jr.,665862,669302,2,27,191.26,55.67,25,105.7,SEA,745204,-0.04,3.13
2024-09-19,Trea Turner,607208,622663,2,20,35.99,46.28,27,106.6,NYM,745769,-0.43,2.79
2024-09-19,Brandon Nimmo,607043,592836,0,23,157.39,42.06,32,103.2,NYM,745769,-0.13,1.79
2024-09-19,Francisco Alvarez,682626,592836,0,35,7.55,74.69,33,111.7,NYM,745769,0.03,3.06
2024-09-19,Mark Vientos,668901,592836,2,7,23.4,98.44,21,113.2,NYM,745769,-0.31,3.17
2024-09-19,Pete Alonso,624413,592836,2,8,195.37,57.7,33,104.9,NYM,745769,0.87,2.94
2024-09-19,Garrett Mitchell,669003,694297,2,51,155.09,39.7,23,105,MIL,745937,0.12,1.82
2024-09-19,Pavin Smith,656976,605452,1,55,68.93,45.13,28,104.5,MIL,745937,-0.39,2.38
2024-09-19,Jake Burger,669394,656427,0,15,80.63,36.16,27,107.8,MIA,746011,0.06,2.57
2024-09-19,Griffin Conine,665052,656427,1,42,202.75,69.34,32,97,MIA,746011,-0.09,2.4
2024-09-19,Shohei Ohtani,660271,666277,1,49,203.23,38.75,36,111.2,MIA,746011,0.22,1.9
2024-09-19,Shohei Ohtani,660271,657508,2,62,36.95,67.57,27,109.7,MIA,746011,-0.38,2.24
2024-09-19,Shohei Ohtani,660271,660644,2,80,212.53,42.16,36,113.6,MIA,746011,-0.22,3.19
2024-09-19,Nick Fortes,663743,656657,1,89,34.57,82.47,24,96.7,MIA,746011,-0.55,3.16
2024-09-19,Taylor Ward,621493,579328,0,1,78.62,91.24,28,104.8,HOU,746341,0.07,1.75
2024-09-19,Kyle Manzardo,700932,680573,1,6,237.49,92.08,34,100.6,CLE,746579,-0.28,2.09
2024-09-19,Ramón Laureano,657656,687924,2,21,220.33,78.99,32,99.1,CIN,746663,0.03,2.09
2024-09-19,Matt Olson,621566,691172,0,38,185.77,45.63,31,103.1,CIN,746663,0.81,2.85
2024-09-19,Blake Dunn,694362,519242,0,42,123.75,28.19,28,105.3,CIN,746663,0.16,2.47
2024-09-19,Jorge Soler,624585,605335,1,50,93.87,40.52,25,101.1,CIN,746663,-0.46,2.19
2024-09-19,Michael Harris II,671739,605335,0,68,181.49,46.09,28,99.5,CIN,746663,0.53,2
2024-09-19,Matt Olson,621566,687924,0,7,197.33,61.04,19,106.7,CIN,746663,0.31,3.27
2024-09-19,Michael Harris II,671739,605335,1,81,201.18,67.73,18,111.9,CIN,746663,0.41,2.75
2024-09-19,Seiya Suzuki,673548,571578,1,28,87.13,48.16,28,108.2,CHC,746823,-0.15,1.96
2024-09-19,Joey Gallo,608336,592767,2,52,229.94,83.02,25,103.7,CHC,746823,0.6,2.83
2024-09-19,Michael Conforto,624424,621107,0,24,199.11,68.36,22,113.2,BAL,746985,-0.23,2.61
2024-09-19,Anthony Santander,623993,676254,2,76,186,52.88,38,102.9,BAL,746985,0.01,2.01
2024-09-20,Josh Rojas,668942,594798,0,16,185.47,52.8,29,101.8,TEX,744960,0.55,1.78
2024-09-20,Julio Rodríguez,677594,683004,1,35,43.6,60.62,34,107,TEX,744960,-0.48,1.53
2024-09-20,Julio Rodríguez,677594,683004,1,51,219.71,81.88,31,103.7,TEX,744960,-0.06,3.07
2024-09-20,Jonathan Aranda,666018,621244,1,45,174.04,39.79,27,103,TB,745043,0.27,1.9
2024-09-20,José Ramírez,608070,502043,1,37,233.46,95.72,23,101.4,STL,745123,0.38,3.18
2024-09-20,Andrés Giménez,665926,502043,0,43,222.32,70.36,27,106,STL,745123,-0.16,2.37
2024-09-20,Lane Thomas,657041,571927,0,59,31.63,60.87,29,108.3,STL,745123,-0.61,1.34
2024-09-20,Lenyn Sosa,672820,663158,2,67,52.91,64.73,22,104.3,SD,745364,-0.1,2.67
2024-09-20,Alec Bohm,664761,493603,2,35,67.5,50.69,30,98.6,NYM,745770,0.08,2.11
2024-09-20,Jose Iglesias,578428,650911,0,4,92.51,36.33,24,102.5,NYM,745770,-0.27,1.92
2024-09-20,J.T. Realmuto,592663,664849,2,71,56.86,41.77,29,109.7,NYM,745770,0.27,2.23
2024-09-20,Ketel Marte,606466,607067,1,2,217.58,89.46,33,90.3,MIL,745934,0.2,2.62
2024-09-20,Joey Ortiz,687401,668678,1,41,53.38,46.75,24,105,MIL,745934,-0.38,2.92
2024-09-20,William Contreras,661388,668678,2,44,162.94,40.52,31,104.3,MIL,745934,-0.05,2.06
2024-09-20,Garrett Mitchell,669003,668678,2,45,67.4,51.24,22,106.3,MIL,745934,-0.45,2.31
2024-09-20,Lourdes Gurriel Jr.,666971,669084,0,47,56.84,50.19,33,100.7,MIL,745934,0.82,2.52
2024-09-20,Orlando Arcia,606115,678368,2,33,38.6,72.31,35,99.9,MIA,746013,0.16,2.72
2024-09-20,Ramón Laureano,657656,678368,1,48,189.75,48.18,26,104.4,MIA,746013,0.46,2.46
2024-09-20,Charlie Blackmon,453568,543339,2,33,160.04,32.19,24,105.1,LAD,746094,-0.35,1.64
2024-09-20,Andy Pages,681624,607536,0,36,43.32,56.15,27,104.1,LAD,746094,0.31,2.67
2024-09-20,Shohei Ohtani,660271,607536,2,40,114.72,27.31,27,110.1,LAD,746094,0.26,3.86
2024-09-20,Sam Hilliard,656541,681911,2,44,175.02,52.49,28,99.8,LAD,746094,-0.23,2.88
2024-09-20,Teoscar Hernández,606192,607536,0,46,28.54,70.06,26,114.1,LAD,746094,0.07,2.67
2024-09-20,Michael Toglia,669911,656629,0,66,208.75,71.85,31,99.9,LAD,746094,-0.47,2.34
2024-09-20,Alex Bregman,608324,542881,1,24,109.65,29.4,26,105,HOU,746340,0.37,2.21
2024-09-20,Jake Meyers,676694,542881,2,28,40.07,86.14,20,105.9,HOU,746340,-0.49,2.36
2024-09-20,Kyle Tucker,663656,672710,0,60,182.28,50.13,23,105.3,HOU,746340,0.22,2.11
2024-09-20,Kevin Pillar,607680,593576,0,65,26.83,88.71,34,96.7,HOU,746340,-0.34,1.77
2024-09-20,Jonathan India,663697,656605,1,32,67.29,37,28,104.4,CIN,746661,0.13,2.81
2024-09-20,Oneil Cruz,665833,608718,0,54,116.38,33.17,21,106.7,CIN,746661,-0.42,2.66
2024-09-20,Tyler Stephenson,663886,656605,2,6,160.6,36.77,26,105.4,CIN,746661,-0.01,2.47
2024-09-20,James Wood,695578,668338,0,58,217.3,54.37,31,109,CHC,746824,0.4,2.18
2024-09-20,Dansby Swanson,621020,592866,1,6,93.34,45.25,25,104.3,CHC,746824,-0.5,1.91
2024-09-20,Colton Cowser,681297,672456,0,13,124.98,32.49,28,103.4,BAL,746984,-0.4,2.18
2024-09-20,James McCann,543510,672456,2,33,89.28,33.1,25,106.1,BAL,746984,0.12,3.02
2024-09-20,Colton Cowser,681297,672456,0,47,221.11,58.83,27,107.8,BAL,746984,0.07,2.13
2024-09-20,James McCann,543510,672456,2,50,14.42,85.5,33,104.5,BAL,746984,-0.41,2.52
2024-09-20,Anthony Santander,623993,663947,2,8,71.32,37.76,20,107.1,BAL,746984,0.19,2.04
2024-09-21,Julio Rodríguez,677594,641540,0,1,219.54,85.12,26,102.6,TEX,744958,0.5,2.28
2024-09-21,Josh Smith,669701,676106,2,27,227.77,95.16,26,104.3,TEX,744958,0.42,2.28
2024-09-21,Jonathan Aranda,666018,684320,2,28,148.84,33.02,35,102.2,TB,745038,-0.02,3.57
2024-09-21,Jordan Walker,691023,571510,1,31,24.21,87.89,22,101.4,STL,745124,-0.62,2.2
2024-09-21,Bo Naylor,666310,571945,1,36,203.76,61.51,29,104.8,STL,745124,-0.19,2.68
2024-09-21,Iván Herrera,671056,680704,2,60,66.05,40.63,28,104.3,STL,745124,-0.14,2.05
2024-09-21,José Ramírez,608070,668941,0,64,20.29,80.21,28,100.2,STL,745124,-0.47,1.32
2024-09-21,Xander Bogaerts,593428,623167,0,13,83.5,33.04,28,105.5,SD,745360,0.08,2.18
2024-09-21,David Peralta,444482,623167,1,32,201.02,58.3,30,101.7,SD,745360,-0.28,2.07
2024-09-21,Elias Díaz,553869,660853,1,69,71.17,48.75,25,105.7,SD,745360,-0.06,2.25
2024-09-21,Anthony Volpe,683011,676664,0,11,73.45,36.79,25,107.3,OAK,745610,-0.32,3.02
2024-09-21,Giancarlo Stanton,519317,676664,0,21,31.82,46.39,29,111.5,OAK,745610,0.13,2.09
2024-09-21,Aaron Judge,592450,656232,0,53,93.92,30,34,107.2,OAK,745610,-0.33,3.4
2024-09-21,Kyle Schwarber,656941,640455,0,1,65.53,46.11,24,106,NYM,745768,-0.8,2.75
2024-09-21,Francisco Alvarez,682626,624133,1,14,37.43,66.37,20,113.8,NYM,745768,-0.14,2.24
2024-09-21,Luisangel Acuña,682668,624133,2,16,24.27,78.17,29,100.2,NYM,745768,-0.25,1.82
2024-09-21,Nick Castellanos,592206,640455,0,33,43.94,70.34,26,97.3,NYM,745768,0.63,2.42
2024-09-21,Joc Pederson,592626,650644,1,3,160.19,42.24,37,101.1,MIL,745936,-0.69,2.13
2024-09-21,Jose Herrera,645444,650644,1,31,226.92,85.37,29,95.4,MIL,745936,0.44,1.68
2024-09-21,Ketel Marte,606466,605452,1,63,187.81,55.27,24,105.5,MIL,745936,0.28,3.06
2024-09-21,Jorge Soler,624585,670124,0,10,14.82,89.25,37,102.4,MIA,746012,-0.56,2.39
2024-09-21,Matt Olson,621566,669199,0,55,165.53,41.08,24,105.2,MIA,746012,-0.04,3.35
2024-09-21,Gio Urshela,570482,669199,2,59,38.46,62.86,33,100.2,MIA,746012,-0.62,2.88
2024-09-21,Mookie Betts,605141,615698,2,26,68.08,51.98,29,99.2,LAD,746096,-0.13,2.53
2024-09-21,Ryan McMahon,641857,621111,2,40,71.33,53.52,37,104.2,LAD,746096,-0.29,1.96
2024-09-21,Charlie Blackmon,453568,543339,2,73,229.54,82.2,22,101.2,LAD,746096,-0.2,2.22
2024-09-21,LaMonte Wade Jr.,664774,663903,0,25,231.5,80.74,35,98.3,KC,746255,0.4,1.84
2024-09-21,Matt Chapman,656305,663903,0,26,119.64,28.91,28,106.3,KC,746255,-0.23,2.12
2024-09-21,LaMonte Wade Jr.,664774,663903,2,3,231.3,71.83,24,109.3,KC,746255,0.45,2.5
2024-09-21,Matt Chapman,656305,663903,1,43,44.61,65.35,22,100.3,KC,746255,0.4,1.65
2024-09-21,Mike Yastrzemski,573262,672578,2,49,213.11,65.08,36,104,KC,746255,0.43,1.87
2024-09-21,Victor Caratini,605170,672282,0,30,37.95,93.79,35,94.7,HOU,746338,0.01,2.04
2024-09-21,Logan O'Hoppe,681351,669854,1,38,100.82,31.94,27,104.3,HOU,746338,-0.32,2.74
2024-09-21,Yordan Alvarez,670541,668943,1,68,94.63,39.33,27,103.8,HOU,746338,-0.13,2.71
2024-09-21,Kyle Tucker,663656,668943,1,69,,,32,107.4,HOU,746338,0.63,2.15
2024-09-21,Ty France,664034,683003,2,25,119.51,26.7,29,107,CIN,746660,0.76,2.84
2024-09-21,Elly De La Cruz,682829,683003,2,37,243.69,72.77,33,107.2,CIN,746660,0.39,2.79
2024-09-21,Billy Cook,695257,641427,0,74,78.04,33.92,22,103.6,CIN,746660,0.15,2.54
2024-09-21,Joey Gallo,608336,624522,1,42,208,70.14,30,99.3,CHC,746826,0.42,2.91
2024-09-21,Patrick Wisdom,621550,669022,1,53,57.02,42.85,32,107.6,CHC,746826,-0.11,2.42
2024-09-22,Cal Raleigh,663728,571760,1,18,30.66,66.15,29,102.8,TEX,744955,0.86,2.19
2024-09-22,Wyatt Langford,694671,693433,1,50,71.66,48.24,23,104.7,TEX,744955,0.1,2.2
2024-09-22,Leody Taveras,665750,608638,1,59,226.48,75.96,31,104.2,TEX,744955,0.58,2.34
2024-09-22,Jonathan Aranda,666018,647315,2,46,190.17,43.19,27,108.1,TB,745036,0.51,1.66
2024-09-22,Brandon Lowe,664040,657024,1,64,174.72,37.88,31,104.3,TB,745036,0.09,3.14
2024-09-22,Korey Lee,686676,506433,1,16,43.45,73.59,22,102.9,SD,745358,-0.75,2.54
2024-09-22,Jurickson Profar,595777,680732,1,21,45.16,67.55,29,98.2,SD,745358,-0.53,2.22
2024-09-22,Miguel Vargas,678246,506433,1,37,50.7,53.25,32,102.5,SD,745358,-0.43,1.77
2024-09-22,Fernando Tatis Jr.,665487,686642,1,57,46.89,62.61,38,105.5,SD,745358,0.39,3.84
2024-09-22,Jasson Domínguez,691176,683155,1,13,210.68,61.83,25,104,OAK,745608,0.25,2.62
2024-09-22,Aaron Judge,592450,683155,1,22,140.59,27.44,34,110.9,OAK,745608,-0.08,2.42
2024-09-22,Gleyber Torres,650402,683155,0,37,130.85,34.77,32,102.5,OAK,745608,-0.14,2.66
2024-09-22,Brandon Nimmo,607043,554430,0,44,216.95,89.37,33,105.3,NYM,745767,-0.13,2.4
2024-09-22,Ketel Marte,606466,593423,1,2,201.24,45.5,24,108.1,MIL,745929,-0.19,2.47
2024-09-22,Josh Bell,605137,593423,2,22,145,23.23,25,108,MIL,745929,-0.46,3.12
2024-09-22,Eugenio Suárez,553993,593423,2,23,70.69,48.08,26,101.9,MIL,745929,0.64,1.19
2024-09-22,Jonah Bride,681146,656550,2,16,25.28,74.02,31,100.4,MIA,746010,-0.15,2.09
2024-09-22,Ozzie Albies,645277,670766,1,2,9.44,77.05,26,107,MIA,746010,-0.54,2.32
2024-09-22,Jake Burger,669394,656550,2,30,23.6,66.69,33,108.5,MIA,746010,-0.72,1.45
2024-09-22,Gio Urshela,570482,675540,1,44,53.59,59.1,25,102.2,MIA,746010,0.07,2.53
2024-09-22,Connor Norby,681393,669276,0,47,172.56,35.95,31,104.8,MIA,746010,0.32,1.83
2024-09-22,Jesús Sánchez,660821,669276,0,48,122.34,22.41,23,109.2,MIA,746010,0.46,1.98
2024-09-22,Teoscar Hernández,606192,622608,0,33,98.89,32.06,24,108.5,LAD,746092,0.09,2.63
2024-09-22,Enrique Hernández,571771,677955,1,61,60.72,59.65,27,95.9,LAD,746092,0.49,2.55
2024-09-22,Shohei Ohtani,660271,678020,0,77,163.06,27.87,20,114.7,LAD,746092,-0.18,2.02
2024-09-22,Mookie Betts,605141,678020,0,78,52.73,63.95,36,99.2,LAD,746092,-0.59,2.83
2024-09-22,Jose Altuve,514888,656288,0,36,67.47,52.06,30,104.4,HOU,746339,0.25,2.1
2024-09-22,Alex Bregman,608324,656288,1,39,177.64,51.87,27,102,HOU,746339,0.43,3.05
2024-09-22,Zach Neto,687263,681293,1,44,36.79,77.18,31,96.5,HOU,746339,0.32,2.74
2024-09-22,Zach Neto,687263,650556,0,59,61.03,52.62,24,103.2,HOU,746339,0.2,1.3
2024-09-22,Oneil Cruz,665833,668881,1,2,166.11,24.4,27,106.9,CIN,746657,-0.6,3.43
2024-09-22,Nick Yorke,694377,518585,0,32,61.52,45.08,24,108.9,CIN,746657,-0.4,2.37
2024-09-22,Michael Busch,683737,663623,0,27,221.76,71.24,31,98.9,CHC,746825,0.88,2.6
2024-09-22,Miguel Amaya,665804,663623,2,31,50.01,64.89,26,105,CHC,746825,-0.51,2.87
2024-09-22,Mike Tauchman,643565,663623,0,4,229.32,62.28,36,106.5,CHC,746825,0.09,3.25
2024-09-22,Triston Casas,671213,641154,2,11,184.4,47.87,29,106.7,BOS,746903,0.14,1.85
2024-09-22,Triston Casas,671213,641154,1,28,32.91,86.47,32,98.1,BOS,746903,-0.27,2.95
2024-09-22,Triston Casas,671213,687396,0,46,169.05,32.98,29,106.6,BOS,746903,-0.18,3.54
2024-09-22,Romy Gonzalez,663853,608344,2,41,122.38,17.54,30,107.5,BOS,746906,0.28,3.08
2024-09-22,Kerry Carpenter,681481,544150,1,18,231.42,88.36,32,104.2,BAL,746982,-0.08,2.18
2024-09-22,Cedric Mullins,656775,680744,1,37,206.42,59.78,29,103.9,BAL,746982,0.14,3.22
2024-09-22,Kerry Carpenter,681481,544150,0,42,196.49,71.12,31,95.3,BAL,746982,0.37,3.33
2024-09-22,Spencer Torkelson,679529,544150,2,9,21.57,98.87,29,98.5,BAL,746982,-0.01,2.42
2024-09-23,J.T. Realmuto,592663,668873,1,15,135.18,28.79,20,109.3,PHI,745527,0.17,2.22
2024-09-23,Kyle Schwarber,656941,668873,0,21,166.2,36.98,32,105.7,PHI,745527,-0.12,2.77
2024-09-23,Jason Heyward,518792,700187,0,62,198.49,71.27,23,101.5,HOU,746334,0.14,2.09
2024-09-23,Matt Chapman,656305,593958,2,21,91.68,34.44,25,102.7,AZ,747150,-0.5,2.96
2024-09-23,Casey Schmitt,669477,593958,1,30,11.91,88.57,24,109.7,AZ,747150,0.04,2.79
2024-09-23,Michael Conforto,624424,593958,1,38,174.43,31.57,34,109.3,AZ,747150,0.55,2.74
2024-09-24,Bryce Harper,547180,657006,2,7,139.65,34.92,19,109.4,PHI,745526,0.74,1.5
2024-09-24,Kyle Schwarber,656941,669713,0,71,167.16,42.76,25,107.1,PHI,745526,-0.28,3.71
2024-09-24,Nathaniel Lowe,663993,687765,0,27,131.27,20.23,25,108.5,OAK,745605,-0.32,2.12
2024-09-24,Jonah Heim,641680,518397,1,61,95.6,38.3,20,105,OAK,745605,0.71,2.22
2024-09-24,Aaron Judge,592450,665152,0,28,53.4,50.99,33,110.4,NYY,745688,-0.21,2.15
2024-09-24,Anthony Santander,623993,657376,1,40,194.08,99.77,21,100.6,NYY,745688,-0.29,1.98
2024-09-24,Ramón Urías,602104,641835,0,49,175.22,42.8,26,102.2,NYY,745688,0.3,3.26
2024-09-24,Colton Cowser,681297,641656,0,60,219.22,49.82,26,113.6,NYY,745688,-0.04,3.04
2024-09-24,Jonah Bride,681146,641927,1,10,28.49,64.28,27,104.3,MIN,745851,-0.32,3.13
2024-09-24,Jake Cronenworth,630105,689017,2,13,224.71,92.2,26,100.6,LAD,746093,0.03,2.74
2024-09-24,Jorge Polanco,593871,664285,0,10,22.95,85.29,34,102,HOU,746336,-0.07,2.64
2024-09-24,Kyle Tucker,663656,669302,0,30,221.4,101.41,42,98.7,HOU,746336,0.53,2.27
2024-09-24,Jason Heyward,518792,669302,1,39,206.87,59.82,33,105.3,HOU,746336,-0.19,3.25
2024-09-24,Alex Bregman,608324,669302,2,8,115.05,27.72,28,105.1,HOU,746336,0.38,2.95
2024-09-24,Brandon Lowe,664040,689225,2,60,202.82,73.63,30,93.1,DET,746421,-0.23,2.03
2024-09-24,Masyn Winn,691026,663372,0,17,26.95,74.89,25,97.8,COL,746504,0.05,2.76
2024-09-24,Aaron Schunk,668845,700241,1,24,43.03,69.03,24,101.6,COL,746504,-0.75,2.69
2024-09-24,Kyle Manzardo,700932,686730,1,5,217.85,82.42,47,107,CLE,746581,0.46,2.72
2024-09-24,Lane Thomas,657041,686730,2,8,21.02,91.06,23,106.9,CLE,746581,-0.42,3.3
2024-09-24,Jack López,605346,672860,0,50,48.72,66.41,22,104.1,CWS,746743,0.2,1.86
2024-09-24,Michael Harris II,671739,622663,2,35,41.11,49.94,23,111.5,ATL,747068,-0.19,2.06
2024-09-24,Marcell Ozuna,542303,592773,0,40,212.45,74.51,34,101.6,ATL,747068,0.02,3.53
2024-09-24,Mark Vientos,668901,680885,1,52,219.5,94.42,38,101.3,ATL,747068,0.09,2.83
2024-09-24,Patrick Bailey,672275,694297,1,10,197.26,43.45,25,109.1,AZ,747149,-0.01,3.17
2024-09-24,Michael Conforto,624424,694297,1,21,77.25,27.59,25,109.8,AZ,747149,0.11,2.36
2024-09-24,Brett Wisely,689172,686796,2,25,190.51,53.16,27,97.2,AZ,747149,-0.45,2.39
2024-09-24,Heliot Ramos,671218,686796,0,31,50.36,43.65,35,106.5,AZ,747149,-0.05,2.15
2024-09-24,Tyler Fitzgerald,666149,686796,0,40,27.52,66.3,33,103.7,AZ,747149,-0.34,3.67
2024-09-25,Jonatan Clase,682729,670174,1,57,198.11,60.57,33,98.5,TOR,744877,0.76,1.89
2024-09-25,Jake Bauers,641343,682847,1,9,186.12,47.52,31,103.9,PIT,745442,-0.05,2.78
2024-09-25,Nick Castellanos,592206,665871,1,24,194.62,52.56,25,104.8,PHI,745521,0.34,2.46
2024-09-25,Nico Hoerner,663538,650911,1,30,40.19,88.49,35,93.8,PHI,745521,-0.57,2.03
2024-09-25,Kody Clemens,665019,665871,1,34,133.66,34.27,31,102.7,PHI,745521,0.2,2.35
2024-09-25,Nico Hoerner,663538,614179,0,51,55.75,70.83,35,97,PHI,745521,-0.44,2.97
2024-09-25,Trea Turner,607208,665871,1,6,48.72,53.63,20,110.2,PHI,745521,0.02,2.75
2024-09-25,Wyatt Langford,694671,669620,0,2,34.82,84.19,32,99.7,OAK,745607,0.54,1.98
2024-09-25,Adolis García,666969,669620,0,23,35.91,70.53,35,103,OAK,745607,-0.3,2.46
2024-09-25,Juan Soto,665742,621107,2,48,187.34,66.92,25,109.4,NYY,745690,0.41,2.59
2024-09-25,Aaron Judge,592450,621199,1,84,84.99,37.24,33,112.7,NYY,745690,-0.52,2.44
2024-09-25,Jake Burger,669394,680573,0,3,39.73,76.49,27,94.1,MIN,745854,-0.29,2.33
2024-09-25,Byron Buxton,621439,665795,0,36,55.33,30.18,28,110,MIN,745854,-0.23,2.47
2024-09-25,Fernando Tatis Jr.,665487,656427,2,40,61.42,28.69,22,114.4,LAD,746095,-0.22,3.3
2024-09-25,Mitch Garver,641598,681869,0,49,60.6,62.99,19,108.7,HOU,746331,0.21,2.64
2024-09-25,Julio Rodríguez,677594,593576,0,69,75.47,47.65,23,105.6,HOU,746331,0.35,1.66
2024-09-25,Junior Caminero,691406,672456,0,21,75.65,35.61,21,109.1,DET,746420,-0.36,2.67
2024-09-25,Spencer Torkelson,679529,655889,1,51,38.64,40.24,31,108.3,DET,746420,0.25,2.11
2024-09-25,Parker Meadows,678009,641793,0,6,229.65,76.51,22,109.6,DET,746420,0.22,2.54
2024-09-25,Brenton Doyle,686668,669461,0,68,44.77,58.32,42,103.8,COL,746501,-0.51,2.94
2024-09-25,Steven Kwan,680757,596001,0,4,203.57,72.64,25,101.1,CLE,746583,0.29,2.25
2024-09-25,José Ramírez,608070,641941,2,57,245.15,77.25,32,106.1,CLE,746583,0.21,2.12
2024-09-25,Korey Lee,686676,660761,1,16,46.58,71.23,22,101.6,CWS,746742,0.01,1.76
2024-09-25,Lenyn Sosa,672820,660761,1,35,29.64,92.3,26,95.7,CWS,746742,-0.31,2.42
2024-09-25,Pavin Smith,656976,702352,2,70,177.97,43.17,36,106.7,AZ,747144,-0.05,2.03
2024-09-26,Hunter Renfroe,592669,571578,2,11,,,23,108.4,WSH,744796,0.59,1.99
2024-09-26,Luis García Jr.,671277,608379,1,29,102.72,39.2,25,103.2,WSH,744796,0.11,3.3
2024-09-26,Bryan De La Cruz,650559,683232,0,58,219.35,81.94,27,101.5,PIT,745443,0.33,3.01
2024-09-26,Giancarlo Stanton,519317,669203,1,11,54.6,64.06,30,102,NYY,745691,0.24,1.85
2024-09-26,Aaron Judge,592450,641329,1,54,69.45,49.73,42,110.9,NYY,745691,0.13,2.97
2024-09-26,Alex Verdugo,657077,621199,1,63,224.75,81.06,37,104,NYY,745691,0.05,2.82
2024-09-26,Carlos Correa,621043,678368,0,48,14.18,65.42,29,108.1,MIN,745853,-0.11,3.35
2024-09-26,Will Smith,669257,605397,0,52,113.84,29.38,28,107.5,LAD,746088,-0.02,2.76
2024-09-26,Andy Pages,681624,663773,2,68,27.83,59.06,29,107.8,LAD,746088,-0.23,3.13
2024-09-26,Lars Nootbaar,663457,607536,1,2,233.85,85.88,22,105.7,COL,746495,0.63,3.43
2024-09-26,Charlie Blackmon,453568,502043,1,24,211.58,64.42,24,101.3,COL,746495,0.08,2.39
2024-09-26,Paul Goldschmidt,502671,607536,1,3,100.6,15.52,30,109.3,COL,746495,0.25,2.22
2024-09-26,Iván Herrera,671056,607536,1,42,82.55,23.33,34,106.6,COL,746495,-0.09,1.95
2024-09-26,Pedro Pagés,686780,683409,0,66,62.57,41.41,21,109.7,COL,746495,-0.42,1.95
2024-09-27,Austin Hays,669720,663432,2,65,96.32,41.75,23,103.9,WSH,744797,-0.35,2.48
2024-09-27,Stone Garrett,656448,624133,2,9,37.6,47.68,26,107.3,WSH,744797,0.14,1.75
2024-09-27,Ernie Clement,676391,670124,0,42,27.01,77.73,32,101.9,TOR,744879,-0.57,1.91
2024-09-27,Jonah Bride,681146,621244,2,5,46.25,79.02,34,92.8,TOR,744879,-0.24,1.41
2024-09-27,Griffin Conine,665052,687922,0,64,40.42,87.97,35,96.9,TOR,744879,-0.36,2.73
2024-09-27,Jonah Bride,681146,621114,0,78,46.06,67.51,34,99.3,TOR,744879,0.3,2.58
2024-09-27,Mitch Garver,641598,676664,0,12,106.64,30.69,28,106.5,SEA,745202,-0.03,2.56
2024-09-27,Cal Raleigh,663728,676664,1,22,83.7,41.15,22,111.1,SEA,745202,0.42,2.82
2024-09-27,Jerar Encarnacion,666464,571945,0,17,108.88,25.83,28,108.8,SF,745280,-0.04,2.62
2024-09-27,Lars Nootbaar,663457,694738,2,25,130.56,37.45,31,100.7,SF,745280,-0.05,1.47
2024-09-27,Nick Gonzales,693304,607074,0,44,55.77,77.02,28,99.7,NYY,745692,-0.01,2.47
2024-09-27,Bryan Reynolds,668804,607074,0,45,195.9,62.68,23,105.3,NYY,745692,0.28,2.85
2024-09-27,Bryan Reynolds,668804,592454,1,60,145.59,29.86,33,106.3,NYY,745692,-0.12,2.39
2024-09-27,Ryan O'Hearn,656811,641154,0,10,229.61,73.82,28,103.4,MIN,745847,0.46,1.46
2024-09-27,Colton Cowser,681297,573204,2,52,236.1,79.4,38,101.8,MIN,745847,0.36,2.6
2024-09-27,Rhys Hoskins,656555,640455,2,10,60.6,57.25,30,97.1,MIL,745930,0.18,2.79
2024-09-27,Mark Vientos,668901,593423,2,23,113.31,31.96,31,107.1,MIL,745930,0.28,2.37
2024-09-27,Gary Sánchez,596142,622065,0,70,26.99,56.92,38,112.4,MIL,745930,-0.1,2.69
2024-09-27,Carson Kelly,608348,672282,0,29,68.81,42.12,27,106,LAA,746173,-0.06,2.66
2024-09-27,Wyatt Langford,694671,672282,1,3,33.8,77.14,42,99.2,LAA,746173,0.38,3.19
2024-09-27,Adolis García,666969,672282,1,4,100.04,38.43,27,101.1,LAA,746173,-0.29,2.77
2024-09-27,Marcus Semien,543760,670871,2,69,87.94,40.43,32,101.7,LAA,746173,-0.33,1.98
2024-09-27,Zach DeLoach,676113,676428,2,42,224.59,69.34,33,97.2,DET,746417,0.33,2.96
2024-09-27,Andy Pages,681624,615698,0,27,28.76,51.94,31,103.7,COL,746494,-0.4,1.92
2024-09-27,Teoscar Hernández,606192,615698,2,4,15.54,78.49,32,106.2,COL,746494,-0.78,2.97
2024-09-27,Shohei Ohtani,660271,683627,0,50,228.3,54.08,34,103.4,COL,746494,0.14,3.32
2024-09-27,Victor Caratini,605170,669212,1,36,211.58,86.21,44,95.5,CLE,746580,-0.52,2.92
2024-09-27,Zach Dezenzo,701305,669212,1,37,112.12,18.84,26,108.6,CLE,746580,0.5,2.53
2024-09-27,Sean Murphy,669221,663903,2,29,32.12,60.33,23,106.6,ATL,747065,0.36,2.39
2024-09-27,Corbin Carroll,682998,506433,0,10,228.45,66.44,29,102.7,AZ,747145,-0.56,2.16
2024-09-28,James Wood,695578,554430,1,41,57.35,58.83,33,104.2,WSH,744799,-0.02,3.03
2024-09-28,Trea Turner,607208,678606,2,57,48.83,61.27,25,100.4,WSH,744799,-0.01,1.39
2024-09-28,Joey Gallo,608336,656546,2,64,223.16,103.07,41,99,WSH,744799,0.03,2.97
2024-09-28,Dane Myers,667472,650893,1,57,98.08,36.77,23,105.9,TOR,744878,-0.05,2.39
2024-09-28,Nathan Lukes,664770,675540,1,9,226.77,91.29,29,95.9,TOR,744878,1.01,1.66
2024-09-28,Cal Raleigh,663728,683155,0,29,226.21,87.82,25,103,SEA,745203,-0.56,2.1
2024-09-28,Brent Rooker,667670,676106,1,39,57.58,49.54,20,109.3,SEA,745203,-0.65,2.45
2024-09-28,Tyler Soderstrom,691016,676106,0,46,20.51,92.37,25,99.3,SEA,745203,-0.81,3.6
2024-09-28,Shea Langeliers,669127,676092,2,77,203.23,76.87,22,105.2,SEA,745203,0.28,2.56
2024-09-28,Luke Raley,670042,695243,1,81,186.5,57.05,20,109.8,SEA,745203,0.53,1.99
2024-09-28,Yasmani Grandal,518735,661563,2,10,229.94,103.7,24,103.9,NYY,745685,-0.17,3.14
2024-09-28,Nick Gonzales,693304,661563,1,22,43.27,52.3,20,110.2,NYY,745685,-0.3,2.11
2024-09-28,Billy Cook,695257,661563,1,31,35.11,64.26,22,108.6,NYY,745685,-0.21,2.36
2024-09-28,Jazz Chisholm Jr.,665862,681347,2,36,224.58,66.39,34,104.2,NYY,745685,0.37,1.88
2024-09-28,Jared Triolo,669707,661563,2,42,181.43,66.03,39,98.2,NYY,745685,0.14,3.39
2024-09-28,Nick Yorke,694377,701542,1,70,12.03,82.88,33,102,NYY,745685,-1.39,2.77
2024-09-28,Emmanuel Rivera,656896,805673,1,12,86.15,24.12,23,108.7,MIN,745849,-0.05,2.57
2024-09-28,Ryan O'Hearn,656811,805673,2,4,30.72,92.64,34,92.5,MIN,745849,-0.01,3.55
2024-09-28,Emmanuel Rivera,656896,686973,1,42,75.07,43.09,19,107.9,MIN,745849,-0.05,2.82
2024-09-28,Ryan Jeffers,680777,669211,2,81,49.08,58.76,38,101.5,MIN,745849,-0.07,2.19
2024-09-28,Nathaniel Lowe,663993,656288,0,10,200.52,55.94,33,97.5,LAA,746171,0.31,2.29
2024-09-28,Gustavo Campero,672569,571760,1,28,19.5,98.96,28,99.4,LAA,746171,-0.48,2.12
2024-09-28,Niko Kavadas,694359,571760,1,29,87.07,38.77,29,103.8,LAA,746171,0.13,2.26
2024-09-28,Wyatt Langford,694671,519326,0,46,57.33,45.39,30,106.9,LAA,746171,0.4,2.45
2024-09-28,Bryan Ramos,682868,689225,2,10,45.4,68.44,30,97.8,DET,746414,0.16,1.51
2024-09-28,Andrew Benintendi,643217,680744,0,55,200.98,71.71,33,94.8,DET,746414,0,2.65
2024-09-28,Enrique Hernández,571771,622608,1,12,95.67,27.52,32,101.5,COL,746499,0.2,2.19
2024-09-28,Ezequiel Tovar,678662,808967,2,25,64.42,36.01,32,104,COL,746499,0.26,2.63
2024-09-28,Teoscar Hernández,606192,676105,1,37,65.09,36.03,23,108,COL,746499,-0.09,1.96
2024-09-28,José Ramírez,608070,434378,1,10,215.2,68.23,28,95.9,CLE,746578,-0.1,1.57
2024-09-28,Junior Caminero,691406,676710,1,20,31.61,81.39,38,104.8,BOS,746902,0.39,3.03
2024-09-28,Triston Casas,671213,669358,2,9,74.45,43.6,36,101.8,BOS,746902,-0.15,3.52
2024-09-28,Travis d'Arnaud,518595,669674,1,65,109.45,29.48,29,105.3,ATL,747066,0.07,2.04
2024-09-28,Kyle Higashioka,543309,640462,1,64,19.67,73.93,25,106.6,AZ,747146,-0.23,2.33
2024-09-28,Brandon Lockridge,663604,640462,1,65,42.88,62.24,27,101.4,AZ,747146,-0.26,2.25
2024-09-28,Donovan Solano,456781,543518,2,68,17.92,87.55,33,99.2,AZ,747146,-0.53,2.89
2024-09-29,Luis García Jr.,671277,605400,0,7,159.4,37.07,32,106.3,WSH,744798,0.29,1.85
2024-09-29,Cal Raleigh,663728,687765,1,36,218.62,59.63,27,109.2,SEA,745201,-0.5,2.79
2024-09-29,Brendan Donovan,680977,806185,1,17,220.07,81.23,27,101.8,SF,745282,0.52,1.64
2024-09-29,Trent Grisham,663757,663559,0,6,181.11,50.98,25,101.2,NYY,745686,0.18,2.67
2024-09-29,Carlos Santana,467793,544150,0,13,198.65,57.39,27,100.9,MIN,745846,-0.92,2.95
2024-09-29,DaShawn Keirsey Jr.,680577,544150,0,20,235.68,96.91,27,98.2,MIN,745846,0.54,2.4
2024-09-29,James McCann,543510,641927,1,34,41.81,69.55,24,105.3,MIN,745846,-0.37,2.17
2024-09-29,Heston Kjerstad,677008,677976,2,60,138.87,32.16,35,105.4,MIN,745846,-0.13,2.38
2024-09-29,Francisco Lindor,596019,607067,0,46,230.82,87.73,37,101.5,MIL,745932,0.19,3.33
2024-09-29,Nathaniel Lowe,663993,670871,0,58,235.21,84.8,23,106,LAA,746174,0.38,3.04
2024-09-29,Dustin Harris,687957,672710,0,65,189.4,63.32,26,98.6,LAA,746174,-0.01,1.72
2024-09-29,Lenyn Sosa,672820,628317,2,21,62.52,47.54,30,103.1,DET,746416,-0.48,2.1
2024-09-29,Kerry Carpenter,681481,686563,2,44,181.02,35.72,38,107.1,DET,746416,-0.27,2.96
2024-09-29,Sam Hilliard,656541,689017,2,12,,,34,111.3,COL,746496,0.21,2.99
2024-09-29,Chris Taylor,621035,680767,0,53,206.5,60.07,27,100.7,COL,746496,-0.05,2.85
2024-09-29,Gio Urshela,570482,679525,0,20,25.55,97.15,23,106.9,ATL,747061,-0.42,1.76
2024-09-29,Hunter Renfroe,592669,450203,2,27,21.94,74.1,29,100.7,ATL,747061,-0.03,1.94
2024-09-29,Michael Massey,686681,450203,0,3,209.14,77.28,31,99.7,ATL,747061,0.13,3.13
2024-09-29,Ketel Marte,606466,527048,2,34,36.81,42.18,30,112.9,AZ,747147,-0.19,3.1
2024-09-29,Eugenio Suárez,553993,663362,0,58,126.86,21.52,28,106.8,AZ,747147,0.17,2.94
2024-09-29,Randal Grichuk,545341,663362,2,69,183.54,51.3,31,102.7,AZ,747147,0.42,2.62
2024-09-30,Ozzie Albies,645277,656731,0,21,49.15,63.34,22,103.1,ATL,747139,-0.35,2.36
2024-09-30,Ramón Laureano,657656,656731,1,45,102.68,34.36,26,104.1,ATL,747139,0.27,1.54
2024-09-30,Brandon Nimmo,607043,628452,1,62,234.34,74.69,38,107.1,ATL,747139,0.34,2.48
2024-09-30,Francisco Lindor,596019,572955,1,76,157.02,36.68,35,107.2,ATL,747139,0.15,1.72
2024-10-01,Kyle Higashioka,543309,592426,1,57,68.51,53.48,35,102.6,SD,775333,-0.2,2.45
2024-10-01,Fernando Tatis Jr.,665487,700363,0,7,41.36,53.18,39,112.8,SD,775333,-0.36,2.48
2024-10-02,Kyle Higashioka,543309,608331,2,16,63.32,63,25,99.3,SD,775336,0.01,3.03
2024-10-02,Jorge Soler,624585,663773,0,36,136.61,16.89,27,109,SD,775336,0.05,2.71
2024-10-02,Michael Harris II,671739,592094,0,61,155.54,34.04,29,106.5,SD,775336,-0.25,3.23
2024-10-02,Jackson Chourio,694192,640455,0,6,214.4,74.77,26,103.4,MIL,775339,0.31,2.59
2024-10-02,Jackson Chourio,694192,664208,0,64,196.37,53.8,29,105.7,MIL,775339,0.21,2.98
2024-10-02,Garrett Mitchell,669003,664208,2,68,167.34,46.91,20,107.3,MIL,775339,-0.42,2.34
2024-10-02,Cedric Mullins,656775,607625,0,41,201.65,56.51,24,106.4,BAL,775341,-0.16,2.77
2024-10-02,Parker Meadows,678009,686613,0,39,227.7,95.69,35,99.9,HOU,775344,0.97,3.25
2024-10-03,Jake Bauers,641343,676130,0,48,218.21,62.86,27,106.8,MIL,775337,-0.28,2.39
2024-10-03,Sal Frelick,686217,676130,0,49,242.11,79.8,29,107.6,MIL,775337,0.35,1.79
2024-10-03,Pete Alonso,624413,642207,1,64,202.45,71.55,22,105,MIL,775337,0.39,2.45
2024-10-05,Kyle Schwarber,656941,673540,0,4,209.94,47.92,27,115.8,PHI,775318,-0.03,2.89
2024-10-05,Shohei Ohtani,660271,656302,2,20,214.59,76.77,25,111.8,LAD,775323,0.06,3.44
2024-10-05,Manny Machado,592518,808967,1,4,79.35,45.07,28,103.3,LAD,775323,-0.36,2.03
2024-10-05,Lane Thomas,657041,681857,0,10,44.78,61.36,33,105.5,CLE,775324,-0.03,2.25
2024-10-05,Gleyber Torres,650402,608379,0,22,208.48,89.57,34,100.8,NYY,775334,-0.01,2.81
2024-10-05,MJ Melendez,669004,543037,1,28,187.1,65.86,25,98.7,NYY,775334,-0.76,2.11
2024-10-06,Mark Vientos,668901,650911,1,18,208.62,81.94,30,99,PHI,775319,-0.02,2.23
2024-10-06,Pete Alonso,624413,614179,0,40,194.61,66.17,30,100.5,PHI,775319,0.36,2.92
2024-10-06,Bryce Harper,547180,622663,2,49,142.33,25.41,28,111.8,PHI,775319,-0.19,2.52
2024-10-06,Nick Castellanos,592206,622663,2,50,66.46,37.05,29,106.6,PHI,775319,0.41,3.23
2024-10-06,Brandon Nimmo,607043,689147,2,54,189.79,54.72,20,107.9,PHI,775319,0.13,2.01
2024-10-06,Mark Vientos,668901,621381,1,74,78.06,45.69,38,105.3,PHI,775319,0.56,3.9
2024-10-06,David Peralta,444482,656427,2,11,137.05,31.87,25,105.4,LAD,775322,-0.28,1.71
2024-10-06,Fernando Tatis Jr.,665487,656427,1,2,25.69,77.58,30,100.6,LAD,775322,-0.01,2.07
2024-10-06,Jackson Merrill,701538,518489,2,57,49.88,63.78,30,103.8,LAD,775322,-0.62,2.63
2024-10-06,Xander Bogaerts,593428,675627,2,58,54.39,59.58,36,101,LAD,775322,-0.24,2.33
2024-10-06,Kyle Higashioka,543309,683618,1,65,93.35,46.06,34,102.4,LAD,775322,-0.14,2.83
2024-10-06,Fernando Tatis Jr.,665487,683618,1,67,169.33,42.65,27,105.4,LAD,775322,-0.02,3.3
2024-10-06,Max Muncy,571970,689690,2,73,171.3,34.08,32,108.9,LAD,775322,-0.2,2.18
2024-10-07,Kerry Carpenter,681481,661403,2,63,212.78,58.04,35,110.8,CLE,775325,0.26,2.25
2024-10-07,Salvador Perez,521692,607074,0,28,35.18,63.23,31,103.6,NYY,775332,0.16,2.31
2024-10-07,Jazz Chisholm Jr.,665862,668674,0,71,211.15,72.85,39,106.8,NYY,775332,0.44,2.61
2024-10-08,Pete Alonso,624413,605400,0,11,218.54,73.12,33,108.1,NYM,775316,0.74,3.17
2024-10-08,Jesse Winker,608385,605400,2,30,246.22,88.98,36,108.9,NYM,775316,-0.15,2.98
2024-10-08,Fernando Tatis Jr.,665487,621111,2,19,55.44,54.89,30,102.8,SD,775321,-0.35,3.03
2024-10-08,Mookie Betts,605141,650633,1,2,33.9,95.15,37,95.9,SD,775321,0.51,2.23
2024-10-08,Teoscar Hernández,606192,650633,1,26,123.38,31.52,34,106,SD,775321,-0.05,3.09
2024-10-09,Francisco Lindor,596019,608032,1,53,168.56,43.87,22,109.5,NYM,775313,-0.37,2.52
2024-10-09,Mookie Betts,605141,656302,1,2,95.35,39.73,27,102.5,SD,775320,0.29,2.37
2024-10-09,Will Smith,669257,663773,0,22,117.08,24.27,24,108.7,SD,775320,-0.39,2.84
2024-10-09,Gavin Lux,666158,593974,2,57,207.13,73.58,22,108.3,SD,775320,0.55,3.15
2024-10-09,Giancarlo Stanton,519317,663460,1,59,43.74,50.8,35,112.9,KC,775329,-0.44,1.59
2024-10-10,José Ramírez,608070,663947,2,36,25.09,62.08,22,109.9,DET,775327,0.1,2.13
2024-10-10,Zach McKinstry,656716,676440,0,38,27.49,94.06,31,101.4,DET,775327,-0.44,2.89
2024-10-10,David Fry,681807,689225,2,55,52.46,62.7,29,100.8,DET,775327,-0.14,1.87
2024-10-11,Enrique Hernández,571771,506433,2,14,37.96,48.86,36,109.2,LAD,775317,-0.58,2.05
2024-10-11,Teoscar Hernández,606192,506433,1,45,38.21,52.57,25,108.8,LAD,775317,-0.42,2.17
2024-10-12,Lane Thomas,657041,669373,1,43,72.88,47.85,35,107.7,CLE,775326,0.21,2.2
2024-10-14,Francisco Lindor,596019,518489,0,1,229.94,76.36,35,103.6,LAD,775306,0.26,2.45
2024-10-14,Mark Vientos,668901,689017,2,15,158.48,44.59,28,102.3,LAD,775306,0.02,2.51
2024-10-14,Max Muncy,571970,640455,0,43,211.75,70.44,29,105.1,LAD,775306,-0.37,2.94
2024-10-14,Juan Soto,665742,502171,0,22,161.39,32.03,31,109.7,NYY,775314,0.07,2.81
2024-10-14,Brayan Rocchio,677587,607074,0,44,23.11,84.73,32,102.9,NYY,775314,-0.63,2.63
2024-10-14,Giancarlo Stanton,519317,681870,2,56,70.6,29.54,22,114.3,NYY,775314,-0.2,3.14
2024-10-15,Aaron Judge,592450,683769,1,64,152.27,30,37,111.3,NYY,775312,0.44,3.96
2024-10-15,José Ramírez,608070,596133,1,77,206.44,75.09,23,99.1,NYY,775312,0.15,1.86
2024-10-16,Enrique Hernández,571771,657585,2,48,67.29,55.47,31,102.4,NYM,775305,-0.37,2.93
2024-10-16,Shohei Ohtani,660271,656731,1,65,245.72,82.04,37,115.9,NYM,775305,0.67,2.17
2024-10-16,Max Muncy,571970,656731,0,72,231.71,87.17,39,108.9,NYM,775305,0.05,2.68
2024-10-17,Shohei Ohtani,660271,500779,0,1,193.38,41.8,22,117.8,NYM,775303,0.27,2.78
2024-10-17,Mookie Betts,605141,664208,1,50,30.59,73.08,35,102.5,NYM,775303,0.09,2.57
2024-10-17,Mark Vientos,668901,808967,1,6,180,48,28,106,NYM,775303,0.26,2.85
2024-10-17,Kyle Manzardo,700932,657376,1,24,224.93,72.7,30,108,CLE,775310,0.25,1.92
2024-10-17,Aaron Judge,592450,661403,2,63,213.01,83.84,18,109.9,CLE,775310,0.66,2.62
2024-10-17,Giancarlo Stanton,519317,661403,2,64,165.45,46.43,24,106.1,CLE,775310,-0.03,2.38
2024-10-17,Jhonkensy Noel,678877,596133,2,80,29.42,66.31,30,109,CLE,775310,0.12,2.19
2024-10-17,David Fry,681807,605280,2,90,66.71,48.59,33,105.8,CLE,775310,-0.3,2.91
2024-10-18,Andy Pages,681624,656849,2,39,65.35,40.63,27,107.2,NYM,775299,-0.33,2.39
2024-10-18,Andy Pages,681624,657585,2,55,57.43,59.91,36,102.5,NYM,775299,-0.61,2.76
2024-10-18,Mookie Betts,605141,592773,0,60,45.36,66.59,23,104.8,NYM,775299,-0.12,3.01
2024-10-18,Pete Alonso,624413,656427,1,9,144.2,24.88,24,113.6,NYM,775299,0.12,1.12
2024-10-18,Austin Wells,669224,668909,2,13,150.68,36.13,25,103.7,CLE,775311,0.22,2.68
2024-10-18,Juan Soto,665742,668909,0,2,165.75,36.03,35,113.3,CLE,775311,-0.08,3.07
2024-10-18,Giancarlo Stanton,519317,671922,1,45,65.46,46.82,30,105.7,CLE,775311,0.44,3.29
2024-10-19,Giancarlo Stanton,519317,676440,2,44,74.04,25.62,19,117.5,CLE,775309,0.26,2.39
2024-10-19,Juan Soto,665742,683769,2,74,150.97,38.25,37,109.7,CLE,775309,-0.49,3.14
2024-10-20,Tommy Edman,669242,640455,0,30,73.3,43.22,31,104.1,LAD,775302,-0.05,3.52
2024-10-20,Will Smith,669257,664208,2,34,137.55,30.97,29,105.7,LAD,775302,-0.27,2.4
2024-10-20,Mark Vientos,668901,518489,2,39,112.77,37.36,29,102.8,LAD,775302,-0.33,1.99
2024-10-25,Giancarlo Stanton,519317,656427,1,39,10.71,76.6,35,116.6,LAD,775300,-0.46,1.61
2024-10-25,Freddie Freeman,518692,641482,2,83,224.63,57.87,30,109.8,LAD,775300,0.63,2.3
2024-10-26,Tommy Edman,669242,607074,0,13,25.55,95.64,38,101.5,LAD,775294,-0.57,2.52
2024-10-26,Juan Soto,665742,808967,2,19,223.01,75.97,37,105.4,LAD,775294,0.59,2.19
2024-10-26,Teoscar Hernández,606192,607074,2,24,185.58,47.23,28,107.9,LAD,775294,0.28,3.11
2024-10-26,Freddie Freeman,518692,607074,2,25,201.93,55.13,25,108.7,LAD,775294,0.34,3.34
2024-10-28,Freddie Freeman,518692,657376,1,3,220.51,90.48,29,100.3,NYY,775298,0.37,3.42
2024-10-28,Alex Verdugo,657077,656629,2,74,182.06,59.28,28,100.5,NYY,775298,0.31,2.25
2024-10-29,Anthony Volpe,683011,543339,2,28,46.48,62.14,19,107.6,NYY,775297,-0.38,1.73
2024-10-29,Freddie Freeman,518692,661563,1,3,218.01,85.74,23,106.6,NYY,775297,-0.55,2.54
2024-10-29,Will Smith,669257,661563,0,37,185.39,64.31,28,97.2,NYY,775297,0.69,3.53
2024-10-29,Austin Wells,669224,689017,0,51,217,77.64,31,107,NYY,775297,0.03,3.61
2024-10-29,Gleyber Torres,650402,641703,1,69,191.6,66.31,26,103.5,NYY,775297,-0.21,2.17
2024-10-30,Giancarlo Stanton,519317,518489,0,24,209.84,67.33,27,105.4,NYY,775296,0.38,3.2
2024-10-30,Aaron Judge,592450,656427,1,6,193.54,50.49,28,108.9,NYY,775296,-0.03,2.9
2024-10-30,Jazz Chisholm Jr.,665862,656427,1,7,207.47,62.49,37,103.8,NYY,775296,0.09,2.22
