game_date,player_name,batter,pitcher,outs_when_up,inning,hc_x,hc_y
2024-09-17,Ian Happ,664023,695243,1,9,37.89,80.79
2024-08-02,Josh Bell,605137,547973,2,7,225.08,86.08
2024-06-05,Julio Rodríguez,677594,695243,0,9,146.18,37.84
2024-04-25,Gary Sánchez,596142,547973,2,8,223.48,83.97
2024-09-01,Josh Jung,673962,695243,2,10,225.74,89.94
2024-08-08,Oswaldo Cabrera,665828,690829,0,9,40.06,74.41
2024-08-25,Tyler O'Neill,641933,679885,0,9,220.91,110.81
2024-09-05,Parker Meadows,678009,663158,2,9,50.36,73.82
2024-05-26,Ian Happ,664023,664854,0,9,127.68,27.02
2024-06-18,Teoscar Hernández,606192,680767,2,9,196.26,42.4
2024-09-22,Mookie Betts,605141,678020,0,9,52.73,63.95
2024-05-10,Cody Bellinger,641355,683003,2,1,213.75,67.38
2024-09-20,Lenyn Sosa,672820,663158,2,9,52.91,64.73
2024-09-11,Jordyn Adams,677941,660896,2,6,87.18,33.87
2024-08-30,Andrew McCutchen,457705,661403,0,9,212.1,76.65
2024-09-15,Heliot Ramos,671218,663158,0,9,234.66,81.17
2024-06-11,Byron Buxton,621439,680767,0,7,120.49,21.33
2024-06-05,Shohei Ohtani,660271,694973,2,3,124.18,26.02
2024-06-09,Jake Burger,669394,661403,2,9,203.11,64.41
2024-05-30,Jose Siri,642350,695243,1,9,31.03,63.54
2024-03-30,Pete Alonso,624413,682842,1,9,54.11,50.84
2024-10-07,Jazz Chisholm Jr.,665862,668674,0,9,211.15,72.85
2024-08-04,Joc Pederson,592626,670059,2,7,60.98,45.96
2024-09-28,Luke Raley,670042,695243,1,9,186.5,57.05
2024-08-23,Junior Caminero,691406,676272,2,1,167.38,35.14
2024-06-23,Yandy Díaz,650490,694973,0,1,190.95,108.2
2024-08-20,Jarren Duran,680776,672391,2,8,57.97,67.21
2024-10-09,Francisco Lindor,596019,608032,1,6,168.56,43.87
2024-04-05,Jarren Duran,680776,667755,1,8,110.09,34.27
2024-06-13,Julio Rodríguez,677594,656629,1,9,194.09,45.21
2024-05-26,Adam Duvall,594807,547973,1,8,60.97,38.06
2024-07-05,Jeff McNeil,643446,694973,0,3,215.09,68.17
2024-08-18,Josh Jung,673962,660896,2,7,108.12,30
2024-08-12,William Contreras,661388,523260,2,6,191.01,47.57
2024-08-20,Jason Heyward,518792,662253,2,8,232.96,78.74
2024-10-17,Aaron Judge,592450,661403,2,8,213.01,83.84
2024-09-29,Chris Taylor,621035,680767,0,8,206.5,60.07
2024-04-12,Michael Busch,683737,592773,1,9,228,69.06
2024-07-07,Jake Burger,669394,656629,2,9,71.4,36.67
2024-09-11,Cody Bellinger,641355,676272,1,5,105.12,32.45
2024-10-06,Kyle Higashioka,543309,683618,1,9,93.35,46.06
2024-08-03,Jacob Stallings,607732,656945,1,8,42.09,83.15
2024-10-06,Bryce Harper,547180,622663,2,6,142.33,25.41
2024-06-25,Aaron Judge,592450,657585,2,8,168.1,47.15
2024-08-03,Jerar Encarnacion,666464,663574,2,8,175.79,53.96
2024-05-10,Stuart Fairchild,656413,669062,2,8,93.19,55.72
2024-09-04,Niko Kavadas,694359,676272,0,2,223.12,66.42
2024-07-07,Rafael Devers,646240,661563,1,7,53.16,67
2024-04-02,Marcell Ozuna,542303,656629,1,9,57.8,49.05
2024-04-23,Trevor Larnach,663616,656629,2,8,206.45,42.4
2024-06-08,Matt Carpenter,572761,680767,1,7,134.01,22.66
2024-10-09,Mookie Betts,605141,656302,1,1,95.35,39.73
2024-07-14,Seth Brown,664913,622554,1,6,216.13,55.18
2024-06-12,Donovan Solano,456781,668674,2,8,103.43,40.69
2024-08-03,José Ramírez,608070,622554,1,8,239.83,81.12
2024-09-10,Trea Turner,607208,671737,0,3,57.52,54.26
2024-07-29,Brandon Marsh,669016,661563,1,4,233.05,71.12
2024-07-13,CJ Abrams,682928,656730,1,9,210.56,52.81
2024-05-25,Jordan Westburg,676059,656629,2,8,182.84,52.51
2024-09-24,Jason Heyward,518792,669302,1,5,206.87,59.82
2024-08-11,Corbin Carroll,682998,621237,0,7,64.09,50.88
2024-08-16,Willy Adames,642715,668909,2,1,174.3,31.02
2024-05-05,Dansby Swanson,621020,600986,0,6,96.54,40.44
2024-08-11,Andrew McCutchen,457705,607192,2,3,,
2024-09-18,Donovan Solano,456781,672391,0,8,61.39,65.18
2024-05-18,Gunnar Henderson,683002,662253,2,9,66.48,44.05
2024-08-21,Jesse Winker,608385,622554,0,9,83.25,35.45
2024-08-23,Anthony Santander,623993,650556,0,8,196.17,51.32
2024-07-05,Marcell Ozuna,542303,621237,2,8,190.02,46.12
2024-07-05,Willson Contreras,575929,640448,1,9,159.6,37.81
2024-10-18,Juan Soto,665742,668909,0,1,165.75,36.03
2024-08-27,Max Schuemann,680474,663574,2,7,216.05,93.95
2024-06-05,Mike Tauchman,643565,656629,0,9,96.55,40.71
2024-06-29,Jarred Kelenic,672284,694973,0,1,225.41,87.81
2024-04-28,Mike Yastrzemski,573262,683003,0,3,125.92,27.97
2024-08-24,Jake Bauers,641343,671212,2,5,179.38,46.45
2024-06-03,Pavin Smith,656976,678495,1,9,142,28.08
2024-08-28,Will Benson,666181,671305,2,7,216.62,82.08
2024-10-28,Alex Verdugo,657077,656629,2,9,182.06,59.28
2024-07-05,Alek Thomas,677950,663158,1,9,174.04,38.6
2024-07-28,Steven Kwan,680757,621237,2,7,231.22,91.02
2024-09-14,Kyle Tucker,663656,670871,1,9,166.85,41.25
2024-06-01,Seiya Suzuki,673548,668881,2,2,52.15,69.45
2024-09-05,Brent Rooker,667670,662253,2,9,120.54,32.65
2024-09-18,Fernando Tatis Jr.,665487,672391,0,8,76.72,46.29
2024-05-21,Kevin Pillar,607680,650556,2,7,59.21,74.51
2024-06-16,Luis Torrens,620443,669093,0,8,100.78,38.22
2024-07-20,Jake Meyers,676694,592773,0,7,180.83,50.51
2024-07-29,Yasmani Grandal,518735,672391,2,6,215.73,69.7
2024-08-26,Connor Joe,656582,680891,1,9,38.99,62.69
2024-09-17,Christian Walker,572233,677955,1,8,220.3,78.98
2024-06-26,Francisco Alvarez,682626,661563,2,3,193.48,60.46
2024-06-17,Michael Busch,683737,678495,2,6,107.02,39.78
2024-07-02,Lawrence Butler,671732,667755,2,4,23.72,103.6
2024-05-18,Kody Clemens,665019,640448,2,9,165.45,36.64
2024-07-03,Luis García Jr.,671277,686654,1,8,117.53,28.04
2024-05-31,Davis Schneider,676914,693312,2,14,201.88,70.01
2024-07-20,Bryce Harper,547180,670280,1,9,183.72,35.33
2024-08-07,Wenceel Pérez,672761,669923,0,1,213.41,83.41
2024-03-28,Royce Lewis,668904,666142,2,1,47.18,46.5
2024-08-15,Mark Vientos,668901,671305,1,4,209.53,73.98
2024-07-05,Rhys Hoskins,656555,607192,1,4,97.14,43.68
2024-07-21,Paul Goldschmidt,502671,680885,2,2,30.3,85.61
2024-07-13,Corbin Carroll,682998,663878,2,8,201.58,66.91
2024-06-14,Charlie Blackmon,453568,670280,2,9,210.88,54.66
2024-09-11,Matt Wallner,670242,686799,1,1,86.43,27.18
2024-08-27,Bryan De La Cruz,650559,663878,0,6,129.29,26.61
2024-08-27,Paul DeJong,657557,668909,1,2,165.41,48.43
2024-10-26,Teoscar Hernández,606192,607074,2,3,185.58,47.23
2024-08-19,Francisco Alvarez,682626,622554,1,9,97.95,30.77
2024-08-16,Ramón Urías,602104,472610,0,7,149.03,35.23
2024-06-19,Michael Toglia,669911,676272,2,1,87.81,30.28
2024-08-29,Colton Cowser,681297,676272,2,5,93.97,41.59
2024-08-18,Adolis García,666969,660896,1,7,70.91,51.45
2024-08-10,Jake Burger,669394,670970,2,8,203.62,69.05
2024-04-05,Dansby Swanson,621020,676272,1,2,100.37,44.14
2024-08-23,Brendan Donovan,680977,660896,0,6,169.79,37.28
2024-04-23,José Ramírez,608070,592155,0,8,217.22,84.79
2024-06-30,Brandon Nimmo,607043,650556,2,7,74.38,40.42
2024-09-08,Pavin Smith,656976,672391,0,5,240.27,86.59
2024-06-29,Jake Meyers,676694,656731,1,2,221.68,94.8
2024-08-04,Kyle Schwarber,656941,669302,0,1,236.01,63.84
2024-09-04,Mickey Moniak,666160,676272,0,1,196.43,36.05
2024-07-21,Jackson Chourio,694192,660896,0,7,44.64,38.5
2024-08-18,James Wood,695578,656546,1,9,192.22,43.2
2024-04-10,José Caballero,676609,667755,0,2,25.82,58.74
2024-07-29,Ketel Marte,606466,640448,0,9,231.37,77.18
2024-08-16,Rafael Devers,646240,669203,0,3,158.8,40.67
2024-05-12,Yandy Díaz,650490,641656,0,9,195.53,60.65
2024-04-02,Bryan De La Cruz,650559,472610,1,9,155.64,40.39
2024-07-14,Travis d'Arnaud,518595,669093,2,8,100.31,20.52
2024-06-24,David Hamilton,666152,663878,1,8,220.93,64.04
2024-09-24,Kyle Schwarber,656941,669713,0,8,167.16,42.76
2024-04-10,Edouard Julien,666397,676272,0,1,42.2,76.35
2024-06-15,Paul DeJong,657557,600986,0,4,172.44,39.38
2024-08-06,Jake Cave,595909,622663,2,4,40.06,74.81
2024-08-07,Jackson Merrill,701538,670280,1,9,164.89,37.41
2024-05-12,Patrick Wisdom,621550,547973,2,10,139.18,32.88
2024-07-02,Austin Riley,663586,806185,1,2,22.92,69.15
2024-09-15,Tyler O'Neill,641933,607074,1,4,52.54,54.94
2024-06-02,Juan Soto,665742,666808,1,9,205.44,58.59
2024-07-26,Paul Goldschmidt,502671,640448,2,10,51.93,55.84
2024-06-05,Rafael Devers,646240,678061,0,7,51.44,73.23
2024-09-24,Alex Bregman,608324,669302,2,1,115.05,27.72
2024-04-23,Mike Trout,545361,680570,0,1,159.11,44.33
2024-07-29,Jeimer Candelario,600869,663878,1,8,218.6,64.21
2024-04-09,Isaac Paredes,670623,542585,2,7,19.32,93.08
2024-06-14,Alex Verdugo,657077,678394,2,1,106.01,35.94
2024-09-04,Cody Bellinger,641355,693312,2,6,108.6,39.69
2024-07-30,José Ramírez,608070,671345,2,8,218.27,79.69
2024-07-13,Elly De La Cruz,682829,665795,2,3,112.8,27.22
2024-07-03,Willson Contreras,575929,670059,1,8,88.16,32.38
2024-08-16,Yasmani Grandal,518735,669302,1,5,202.54,54.28
2024-08-11,Jorge Polanco,593871,622663,0,2,100.11,32.67
2024-09-02,Eugenio Suárez,553993,656848,2,8,75.86,28.76
2024-06-14,Zach Neto,687263,678495,1,4,65.54,42.23
2024-05-18,Kyle Isbel,664728,668674,0,7,166.57,37.41
2024-10-10,David Fry,681807,689225,2,7,52.46,62.7
2024-07-05,Bryan Reynolds,668804,622663,1,5,186.21,46.91
2024-06-23,Christopher Morel,666624,673380,0,7,146.85,30.49
2024-08-08,Luis García Jr.,671277,666808,2,9,27.35,96.29
2024-08-31,Jackson Chourio,694192,458677,1,9,202.23,63.38
2024-08-05,Romy Gonzalez,663853,672582,0,7,102.28,17.25
2024-05-11,Kerry Carpenter,681481,686613,1,4,54.65,61.03
2024-04-08,Xander Bogaerts,593428,681432,2,6,48.23,67.26
2024-07-09,Adolis García,666969,472610,1,8,199.82,52.36
2024-05-26,Alex Verdugo,657077,663158,0,9,37.4,87.53
2024-09-28,Dane Myers,667472,650893,1,8,98.08,36.77
2024-07-08,Matt Wallner,670242,673929,1,7,239.62,88.23
2024-07-07,George Springer,543807,592773,1,7,172.85,44.19
2024-08-30,Taylor Ward,621493,669923,0,1,207.89,70.3
2024-08-02,William Contreras,661388,606930,1,7,111.79,21.53
2024-07-05,Yasmani Grandal,518735,686654,1,8,145.04,33.17
2024-06-22,Brice Turang,668930,666745,2,9,26.28,86.31
2024-05-21,Dylan Moore,664238,595897,0,9,187.37,63.57
2024-06-08,Aaron Judge,592450,694813,1,3,56.97,58.7
2024-07-01,Brenton Doyle,686668,665625,2,8,216.99,73.52
2024-09-25,Nico Hoerner,663538,614179,0,6,55.75,70.83
2024-07-07,Eugenio Suárez,553993,656302,2,7,39.91,85.1
2024-09-22,Fernando Tatis Jr.,665487,686642,1,8,46.89,62.61
2024-07-10,Tyler Stephenson,663886,680767,0,9,72.5,47.23
2024-06-10,Cal Raleigh,663728,673929,1,9,225.4,78.97
2024-08-13,Jesús Sánchez,660821,608032,2,9,201.56,54.9
2024-05-10,Carlos Santana,467793,579328,0,5,224.82,101.36
2024-06-01,Jordan Westburg,676059,671737,0,2,135.39,31.87
2024-09-16,Kyle Manzardo,700932,643377,1,8,220.27,62.85
2024-08-07,Cal Raleigh,663728,669373,1,4,100.56,27.88
2024-04-24,Aaron Judge,592450,671212,1,1,203.42,69.1
2024-09-18,Will Smith,669257,677960,1,2,,
2024-09-05,Adolis García,666969,686799,1,1,176.24,49.79
2024-05-14,Connor Joe,656582,656730,2,9,38.8,71.9
2024-06-12,Christian Walker,572233,667755,0,8,93.93,18.7
2024-08-27,Dansby Swanson,621020,683003,1,4,164.34,32.95
2024-08-28,Jazz Chisholm Jr.,665862,669022,2,2,130.77,16.39
2024-07-09,Keibert Ruiz,660688,657585,0,9,236.14,69.2
2024-05-18,Jonny DeLuca,676356,663878,0,8,37.41,83.97
2024-06-12,Riley Greene,682985,640448,1,9,26.76,96.3
2024-07-05,Michael A. Taylor,572191,686654,1,8,223.02,90.48
2024-07-11,Juan Soto,665742,669358,1,3,77.55,33.69
2024-07-28,Cal Raleigh,663728,676979,1,1,68.03,57.27
2024-06-26,Jhonkensy Noel,678877,680570,2,2,104.54,33.29
2024-06-25,Andrew Benintendi,643217,676272,0,1,237.67,81.88
2024-07-31,Mauricio Dubón,643289,670059,2,6,55.21,53.7
2024-06-06,Ryan O'Hearn,656811,554340,2,9,191.67,48.72
2024-09-14,Parker Meadows,678009,622554,0,9,202.21,53.33
2024-05-19,Jose Miranda,669304,676440,1,3,47.65,66.82
2024-09-26,Bryan De La Cruz,650559,683232,0,7,219.35,81.94
2024-06-24,Adolis García,666969,665625,0,6,171.33,48.02
2024-06-09,Jarred Kelenic,672284,607179,0,9,169.21,37.7
2024-07-21,Rhys Hoskins,656555,643377,1,8,66.33,56.08
2024-05-24,Patrick Bailey,672275,657585,2,8,199.33,44.2
2024-07-20,Gavin Lux,666158,678394,2,2,200.29,63.91
2024-05-03,Randy Arozarena,668227,673380,1,4,38.55,40.32
2024-09-11,Seiya Suzuki,673548,676272,1,3,186.16,56.84
2024-09-05,Matt Wallner,670242,671737,1,3,206.98,79.53
2024-06-13,Jake Burger,669394,622663,1,6,212.12,76.15
2024-07-31,Matt Olson,621566,683232,0,8,162.61,34.5
2024-07-05,Carlos Correa,621043,623352,2,9,49.11,73.55
2024-10-29,Will Smith,669257,661563,0,5,185.39,64.31
2024-08-16,Luke Raley,670042,694973,0,4,204.26,51.19
2024-05-13,Bryson Stott,681082,621242,0,9,190.74,56.58
2024-06-02,Jose Miranda,669304,686613,1,6,67.52,45.16
2024-08-07,Kyle Schwarber,656941,694813,0,1,46.41,67.97
2024-07-08,Austin Riley,663586,700270,2,1,100.78,26.75
2024-05-24,J.P. Crawford,641487,669022,0,1,92.29,41.47
2024-09-27,Marcus Semien,543760,670871,2,9,87.94,40.43
2024-04-20,Salvador Perez,521692,669203,2,6,35.87,66.46
2024-09-14,Luke Raley,670042,683004,2,5,162.88,26.16
2024-04-29,Christopher Morel,666624,621242,2,9,47.9,55.7
2024-06-25,Manny Machado,592518,669022,1,1,59.01,54.5
2024-09-06,Mark Vientos,668901,458677,0,10,26.63,69.67
2024-05-18,Jazz Chisholm Jr.,665862,622663,1,3,167.34,36.89
2024-08-04,Brent Rooker,667670,689981,2,1,68.28,35.02
2024-05-05,Aaron Judge,592450,669373,2,1,200.56,55.35
2024-03-30,Oswaldo Cabrera,665828,650556,0,7,213.66,91.99
2024-05-20,Rafael Devers,646240,671737,1,4,44.29,67.54
2024-05-10,Luis Campusano,669134,607192,1,3,84.67,30.19
2024-08-10,Rhys Hoskins,656555,663574,2,8,49.59,53.64
2024-09-12,Nathaniel Lowe,663993,700187,0,7,34.46,90.98
2024-05-22,Edmundo Sosa,624641,642546,1,4,199.73,62.82
2024-05-24,Jacob Stallings,607732,621237,2,9,55.93,40.58
2024-04-17,Salvador Perez,521692,656629,2,8,85.39,29
2024-06-06,Christopher Morel,666624,668881,0,6,126.82,31.2
2024-05-31,Christian Walker,572233,657585,2,9,22.82,85.45
2024-08-09,Adrian Del Castillo,680728,656546,0,9,220.24,58.3
2024-06-27,Adley Rutschman,668939,642546,0,7,212.92,68.95
2024-08-25,Ramón Urías,602104,579328,1,5,91.49,34.19
2024-06-02,Juan Soto,665742,605483,1,1,188.3,36.04
2024-09-28,Triston Casas,671213,669358,2,1,74.45,43.6
2024-06-24,Taylor Ward,621493,665622,1,1,182.63,58.87
2024-04-19,Alec Bohm,664761,676979,2,1,196.21,74.63
2024-05-21,Corey Seager,608369,656546,1,8,184.59,57.61
2024-08-13,Kerry Carpenter,681481,669923,1,3,47.38,70.46
2024-04-22,Rhys Hoskins,656555,683003,0,5,68.09,41.96
2024-09-18,Marcell Ozuna,542303,663574,0,7,87.71,40.58
2024-04-05,Tyler O'Neill,641933,667755,1,9,37.4,71.59
2024-05-17,Nolan Gorman,669357,678394,1,2,79.22,41.25
2024-07-13,Eugenio Suárez,553993,663878,1,8,38.93,44.86
2024-10-26,Freddie Freeman,518692,607074,2,3,201.93,55.13
2024-08-07,Ian Happ,664023,663485,1,4,228.74,85.9
2024-10-12,Lane Thomas,657041,669373,1,5,72.88,47.85
2024-05-13,Joc Pederson,592626,668933,0,3,162.75,27.17
2024-08-10,Corbin Carroll,682998,628708,2,7,49.3,67.76
2024-10-06,Brandon Nimmo,607043,689147,2,7,189.79,54.72
2024-08-04,Andrew Benintendi,643217,660896,1,7,214.98,82.82
2024-10-05,Shohei Ohtani,660271,656302,2,2,214.59,76.77
2024-06-24,Nick Senzel,669222,660853,2,10,68.46,57.19
2024-04-11,Bobby Witt Jr.,677951,650556,2,7,178.21,53.61
2024-06-09,J.P. Crawford,641487,666142,0,1,181.71,34.07
2024-07-20,Cedric Mullins,656775,570632,2,3,212.25,56.86
2024-06-17,Rafael Devers,646240,579328,2,1,58.06,41.04
2024-08-09,Willson Contreras,575929,672582,0,9,16.39,65.42
2024-05-10,Adam Frazier,624428,608032,1,9,234.32,75.11
2024-09-29,Nathaniel Lowe,663993,670871,0,8,235.21,84.8
2024-07-24,Matt Vierling,663837,676440,2,1,212.93,86.26
2024-04-10,Zack Gelof,680869,666720,0,8,191.39,52.78
2024-06-15,Austin Riley,663586,664076,2,7,160.28,30.36
2024-03-30,Eguy Rosario,666703,669062,0,9,44.21,81
2024-08-14,Bobby Witt Jr.,677951,686973,0,3,77.76,45.48
2024-07-10,Salvador Perez,521692,669467,1,6,115.04,27.65
2024-09-24,Marcell Ozuna,542303,592773,0,5,212.45,74.51
2024-06-09,Trent Grisham,663757,607192,1,6,209.63,64.2
2024-06-16,Pete Alonso,624413,656302,0,1,75.04,50.11
2024-05-31,Jesús Sánchez,660821,622786,1,7,86.53,34.67
2024-08-28,Yordan Alvarez,670541,675650,1,8,139.67,34.83
2024-04-28,Mark Vientos,668901,669461,2,11,151.81,37.58
2024-06-09,Oswaldo Cabrera,665828,607192,0,3,232.89,101.29
2024-06-16,Gunnar Henderson,683002,554430,0,1,94.37,32.27
2024-09-03,Kyle Schwarber,656941,643338,0,9,220.81,53.81
2024-06-06,Nick Gonzales,693304,621111,2,3,24.25,90.68
2024-05-19,Isaac Paredes,670623,647315,2,9,36.38,88.39
2024-08-22,Ernie Clement,676391,657508,0,2,41.11,70.32
2024-03-28,Paul Goldschmidt,502671,607192,0,4,42.1,59.49
2024-04-25,Jurickson Profar,595777,683232,1,7,238.81,78.61
2024-09-15,Eric Haase,606992,656464,2,6,15.01,75.46
2024-04-10,Blake Perkins,663368,668881,1,6,177.28,52.73
2024-07-28,Orlando Arcia,606115,592773,0,7,82.92,41.46
2024-06-15,Hunter Goodman,696100,683003,0,3,149.94,22.37
2024-04-28,Freddie Freeman,518692,592332,2,6,144.23,27.88
2024-04-16,Matt Chapman,656305,677960,2,2,77.95,32.22
2024-09-14,Lane Thomas,657041,685801,1,8,59.25,54.56
2024-04-02,Bryce Harper,547180,668933,2,1,102,30.67
2024-06-08,José Ramírez,608070,682610,2,1,198.73,53.73
2024-08-17,Jeimer Candelario,600869,672582,1,7,24.85,93.01
2024-07-07,Christian Vázquez,543877,623352,0,9,33.69,84.9
2024-05-31,Eugenio Suárez,553993,622663,1,6,210.97,85.05
2024-06-24,Cal Raleigh,663728,671737,1,4,180.24,36.36
2024-09-09,Brandon Lowe,664040,608032,0,9,108.53,32.47
2024-05-07,Kyle Tucker,663656,661563,1,1,238.25,81.27
2024-07-19,Jeff McNeil,643446,665795,0,5,135.39,26.64
2024-07-12,Marcell Ozuna,542303,660853,0,9,165.97,32.79
2024-05-28,Freddie Freeman,518692,605347,1,10,211.1,69.13
2024-09-28,Emmanuel Rivera,656896,686973,1,5,75.07,43.09
2024-06-19,Josh Naylor,647304,657508,2,5,224.13,70.86
2024-09-07,Dylan Crews,686611,682847,2,2,67.72,46.07
2024-10-18,Austin Wells,669224,668909,2,2,150.68,36.13
2024-03-28,Mitch Haniger,571745,678394,2,4,205.43,71.02
2024-05-05,Willson Contreras,575929,676979,0,4,127.68,26.64
2024-06-18,Anthony Santander,623993,605280,0,9,231.63,83.97
2024-07-29,Michael A. Taylor,572191,623352,2,9,83.58,41.06
2024-07-14,Lawrence Butler,671732,622554,0,7,52.06,76.52
2024-09-12,Tyler Nevin,663527,623352,1,9,201.61,71.88
2024-07-02,Nathaniel Lowe,663993,656302,0,3,54.16,61.38
2024-08-12,Mookie Betts,605141,642547,2,3,43.67,71.04
2024-09-18,Tommy Edman,669242,677960,1,4,217.9,83.82
2024-08-21,Elly De La Cruz,682829,647315,0,8,27.92,101.12
2024-05-05,Jakson Reetz,656883,621237,1,9,40.47,64.29
2024-09-02,Wyatt Langford,694671,596133,0,7,35.44,59.32
2024-08-23,LaMonte Wade Jr.,664774,622491,1,1,137.53,36.8
2024-07-11,Austin Wells,669224,669358,0,2,232.22,94
2024-05-26,Adley Rutschman,668939,676979,1,6,38.03,62.42
2024-06-05,Zack Gelof,680869,669302,1,3,169.08,23.84
2024-08-09,Bryce Harper,547180,669194,1,7,27.74,83.42
2024-07-10,Christopher Morel,666624,669203,1,2,129.07,32.26
2024-03-31,Tyler O'Neill,641933,682243,1,2,22.34,93.27
2024-08-11,Andrew McCutchen,457705,607455,0,8,38.95,57.8
2024-09-14,William Contreras,661388,700270,2,9,191.84,44.71
2024-08-20,Brayan Rocchio,677587,661563,0,4,153.05,39.48
2024-04-14,Jose Altuve,514888,543135,1,3,14.42,91.05
2024-07-07,Corbin Carroll,682998,656302,0,1,200.25,56.25
2024-08-12,Jo Adell,666176,643338,0,9,180,49.05
2024-04-26,Patrick Bailey,672275,670280,0,9,219.33,77.28
2024-04-05,Ryan O'Hearn,656811,683003,1,2,140.51,42.48
2024-07-04,Bobby Witt Jr.,677951,664126,2,9,18.74,77.88
2024-09-14,Sam Hilliard,656541,687863,2,9,191.62,45.88
2024-06-04,Jack Suwinski,669261,607192,1,3,218.95,78.68
2024-07-24,Matt Chapman,656305,607192,0,4,138.71,30.88
2024-07-20,Brent Rooker,667670,686799,1,1,43.14,52.22
2024-06-25,Bryce Harper,547180,671345,0,9,51.08,78.52
2024-06-17,Tyler O'Neill,641933,579328,2,1,22.58,66.37
2024-08-02,Wilyer Abreu,677800,570632,1,2,238.74,84.24
2024-06-27,George Springer,543807,607074,0,1,14.6,84.85
2024-09-10,Manny Machado,592518,669923,0,6,148.95,26.72
2024-08-20,Corbin Carroll,682998,665795,2,5,38.2,68.98
2024-09-05,Ty France,664034,650556,0,7,60.65,54.15
2024-10-17,David Fry,681807,605280,2,10,66.71,48.59
2024-08-17,Addison Barger,680718,605347,0,9,126.26,29.85
2024-06-24,Rhys Hoskins,656555,656641,0,6,19.86,76.11
2024-08-11,Jeff McNeil,643446,622491,2,6,217.83,91.3
2024-09-25,Byron Buxton,621439,665795,0,4,55.33,30.18
2024-08-06,CJ Abrams,682928,806185,1,2,194.32,58.17
2024-06-29,Ian Happ,664023,606303,0,8,185.15,50.77
2024-08-19,JJ Bleday,668709,671737,1,1,199.31,59.96
2024-07-06,Spencer Steer,668715,671345,0,9,96.51,29.59
2024-08-27,José Tena,677588,543037,0,4,155.56,37.94
2024-08-15,Keibert Ruiz,660688,689147,1,7,215.07,82.94
2024-04-28,Nick Senzel,669222,669622,2,5,84.63,37.88
2024-04-28,Christian Walker,572233,669302,0,2,49.97,45.39
2024-08-11,Dillon Dingler,693307,806185,2,2,148.58,36.45
2024-06-11,Tyler Soderstrom,691016,660853,1,8,103.47,30.18
2024-05-23,Matt Chapman,656305,676702,0,8,104.1,35.94
2024-05-16,Ian Happ,664023,683003,0,2,241.62,94.09
2024-07-01,Yordan Alvarez,670541,647315,1,9,87.88,42.91
2024-05-21,Kyle Tucker,663656,472610,1,7,217.94,61.6
2024-08-14,Kerry Carpenter,681481,554340,2,8,230.23,82.09
2024-08-07,Bobby Witt Jr.,677951,670174,2,6,136.4,28.83
2024-04-17,Juan Soto,665742,650893,1,8,203.35,65.58
2024-07-09,Dominic Smith,642086,621053,2,2,238.65,77.1
2024-09-22,Ketel Marte,606466,593423,1,1,201.24,45.5
2024-04-19,DJ Stewart,621466,808967,1,2,183.54,53.36
2024-04-26,Evan Carter,694497,668933,0,2,181.41,45.08
2024-08-31,Jo Adell,666176,693433,0,6,12.54,80
2024-09-10,Fernando Tatis Jr.,665487,669923,1,3,201.3,56.01
2024-08-02,Dylan Carlson,666185,579328,0,1,55.48,73.34
2024-04-02,Bo Naylor,666310,622491,2,4,205.21,65.71
2024-07-02,Pete Alonso,624413,676395,2,10,41.62,66.97
2024-06-05,Carlos Santana,467793,607074,1,6,207.35,73.86
2024-08-09,Isaac Paredes,670623,676979,1,3,72.39,43.82
2024-07-01,Jose Iglesias,578428,607179,2,10,98.47,40.01
2024-05-12,Mike Ford,645801,676254,0,8,132.64,26.27
2024-07-21,George Springer,543807,672456,1,3,75.06,48.97
2024-06-26,Seiya Suzuki,673548,806185,2,5,154,26.5
2024-05-26,Matt Vierling,663837,647315,1,6,28.36,88.29
2024-10-14,Brayan Rocchio,677587,607074,0,6,23.11,84.73
2024-09-20,Julio Rodríguez,677594,683004,1,7,219.71,81.88
2024-04-05,Jake Meyers,676694,666720,2,8,194.91,70.77
2024-05-21,Bryce Harper,547180,656641,0,6,122.1,28.39
2024-08-09,Stuart Fairchild,656413,683232,1,7,44.46,46.3
2024-09-07,Cedric Mullins,656775,686752,0,6,227.95,86.73
2024-04-30,Josh Naylor,647304,686613,1,1,40.56,95.99
2024-07-10,Paul Goldschmidt,502671,663704,1,9,226.22,101.91
2024-06-21,Austin Riley,663586,607074,2,1,168.39,37.14
2024-06-29,Byron Buxton,621439,663423,2,6,71.42,42.71
2024-06-10,Alex Jackson,656577,669203,2,2,170.33,30.01
2024-07-09,Isaac Paredes,670623,607074,0,1,33.64,73.86
2024-04-03,Jose Altuve,514888,641149,1,7,23.99,77.28
2024-09-04,Taylor Ward,621493,676272,0,5,66.06,49.16
2024-04-11,Bryson Stott,681082,670059,1,7,188.75,48.8
2024-07-07,Bo Naylor,666310,663546,2,6,226.48,82.81
2024-09-08,Eugenio Suárez,553993,623352,0,9,32.15,71.71
2024-08-10,Jorge Soler,624585,683627,2,8,204.48,66.7
2024-09-02,Bryan Reynolds,668804,605347,0,8,88.89,48.78
2024-08-24,Junior Caminero,691406,623465,0,9,147.99,31.17
2024-08-23,Rob Refsnyder,608701,669194,2,6,197.65,55.9
2024-06-09,Keibert Ruiz,660688,694462,2,4,212.4,67.15
2024-06-27,George Springer,543807,607074,1,2,78.81,33.68
2024-09-12,Brandon Lowe,664040,668909,1,1,207.54,68.18
2024-05-16,Will Benson,666181,607192,0,1,210.82,41.89
2024-04-05,Adolis García,666969,686613,2,2,178.15,56.72
2024-05-21,Jeff McNeil,643446,656529,2,6,168.38,50.18
2024-05-22,Corey Seager,608369,642397,1,7,67.09,47.66
2024-07-02,Jorge Soler,624585,625643,0,5,36.71,66.34
2024-08-13,Jeremy Peña,665161,669358,1,6,77.08,41.04
2024-08-31,Michael Conforto,624424,622786,2,8,164.98,34.3
2024-09-26,Aaron Judge,592450,641329,1,7,69.45,49.73
2024-09-07,Spencer Horwitz,687462,680885,0,4,194.38,42.63
2024-05-21,Ty France,664034,642701,0,7,53.61,53.03
2024-04-03,Alex Verdugo,657077,656464,0,10,224.77,72.37
2024-08-09,Dylan Carlson,666185,666974,0,9,233.57,75.4
2024-09-21,Ketel Marte,606466,605452,1,9,187.81,55.27
2024-05-24,Andrew Vaughn,683734,666974,1,7,177.61,39.95
2024-09-27,Bryan Reynolds,668804,607074,0,6,195.9,62.68
2024-07-06,Rafael Devers,646240,543037,1,5,167.6,25.23
2024-04-14,Jose Altuve,514888,543135,0,1,9.53,86.25
2024-07-12,Lawrence Butler,671732,614179,0,8,156.21,33.1
2024-04-30,Nick Castellanos,592206,608032,1,9,183.23,53.71
2024-07-19,Juan Yepez,660766,593423,2,5,33.62,82.45
2024-08-30,Jhonkensy Noel,678877,669387,1,5,62.75,27.33
2024-05-06,Shohei Ohtani,660271,682610,0,1,127.18,26.36
2024-08-26,Jorge Polanco,593871,686752,1,2,227.08,102.33
2024-06-05,Spencer Steer,668715,656222,2,9,43.38,57.89
2024-07-05,Kevin Kiermaier,595281,622491,1,6,206.07,68.04
2024-06-04,Alec Bohm,664761,665625,0,8,103.2,30.63
2024-08-21,Jackson Merrill,701538,678692,2,8,234.18,85.69
2024-06-24,Hunter Renfroe,592669,682610,1,6,10.07,65.17
2024-06-28,Vladimir Guerrero Jr.,665489,596133,1,7,175.36,42.61
2024-06-28,Gleyber Torres,650402,663878,0,6,44.57,65.9
2024-04-15,Jeimer Candelario,600869,669923,2,2,162.74,35.07
2024-06-06,Adley Rutschman,668939,647315,2,8,207.27,51.78
2024-06-19,Giancarlo Stanton,519317,666974,0,7,111.53,21.45
2024-09-04,LaMonte Wade Jr.,664774,656464,0,7,234.81,71.12
2024-08-16,Jorge Polanco,593871,670280,0,9,173.67,44.59
2024-06-21,Josh Bell,605137,669923,2,6,147.11,33.1
2024-05-19,Kyle Tucker,663656,669952,2,7,60.26,79.09
2024-06-21,Kyle Isbel,664728,543135,2,3,198.79,60.16
2024-09-16,Andrew Benintendi,643217,670871,1,7,189.43,53.57
2024-07-09,Jack Suwinski,669261,606303,0,8,228.35,88.66
2024-06-28,Jose Siri,642350,606930,0,6,90.36,29.32
2024-06-29,Garrett Stubbs,596117,682610,0,3,226.89,81.83
2024-06-08,Kyle Higashioka,543309,600986,1,6,120.62,36.2
2024-07-04,Lawrence Butler,671732,665896,2,8,101.88,38.97
2024-09-05,Jurickson Profar,595777,663554,2,1,223.81,63.37
2024-07-02,Seiya Suzuki,673548,614179,0,9,97.66,46.8
2024-09-25,Nico Hoerner,663538,650911,1,4,40.19,88.49
2024-07-29,Jazz Chisholm Jr.,665862,554430,1,2,40.36,87.16
2024-07-05,Masataka Yoshida,807799,605280,2,9,213.23,59.35
2024-07-03,Freddie Freeman,518692,691441,0,1,149.08,40.11
2024-05-13,Gabriel Moreno,672515,668933,1,2,197.98,60.88
2024-04-30,Jose Siri,642350,642547,2,3,53.81,30.05
2024-09-09,Cody Bellinger,641355,621111,2,1,217.27,49.58
2024-05-19,Heliot Ramos,671218,680767,0,6,127.54,33.52
2024-10-03,Sal Frelick,686217,676130,0,7,242.11,79.8
2024-09-20,Josh Rojas,668942,594798,0,3,185.47,52.8
2024-04-06,Jurickson Profar,595777,676775,2,1,221.3,95.11
2024-05-12,Jarred Kelenic,672284,622663,1,2,220.66,83.3
2024-09-22,Brandon Lowe,664040,657024,1,8,174.72,37.88
2024-04-27,Jorge Soler,624585,670280,0,10,45.21,42.48
2024-08-05,Vinnie Pasquantino,686469,472610,0,8,209.72,52.48
2024-05-21,J.D. Davis,605204,615698,0,3,38.97,58.59
2024-09-24,Michael Harris II,671739,622663,2,4,41.11,49.94
2024-07-30,Manny Machado,592518,607192,0,2,155.6,35.69
2024-08-20,Zach Neto,687263,666142,0,6,16.21,65.63
2024-05-27,Jose Miranda,669304,679525,1,3,91.46,25.42
2024-03-28,Oneil Cruz,665833,664350,0,8,48.04,64.23
2024-09-12,Justin Turner,457759,677958,1,4,143.58,37.81
2024-08-17,Masyn Winn,691026,676272,0,5,121.65,33.24
2024-07-04,Jordan Westburg,676059,663423,2,8,100.55,38.22
2024-07-04,Julio Rodríguez,677594,669203,0,5,104.72,27.02
2024-07-12,Willie Calhoun,641432,693433,2,1,213.36,71.45
2024-09-27,Austin Hays,669720,663432,2,8,96.32,41.75
2024-05-11,Danny Jansen,643376,663485,2,5,30.3,79.9
2024-04-05,Logan O'Hoppe,681351,670174,1,6,117.23,34.78
2024-09-12,Josh Jung,673962,682243,2,2,196.27,69.43
2024-08-02,Josh Bell,605137,682847,0,1,194.99,48.27
2024-08-28,Corbin Carroll,682998,622663,2,4,153.93,22.9
2024-07-26,Jurickson Profar,595777,680570,0,6,192.23,53.32
2024-06-21,Bryan De La Cruz,650559,669923,2,6,132.22,36.4
2024-09-28,Ryan O'Hearn,656811,805673,2,1,30.72,92.64
2024-06-10,Luis Robert Jr.,673357,669302,2,6,8.02,76.47
2024-04-03,Maikel Garcia,672580,657508,0,7,201.39,66.17
2024-07-26,Ceddanne Rafaela,678882,596133,1,7,36.07,64.74
2024-07-22,Salvador Perez,521692,700270,0,3,136.54,27.25
2024-09-02,Cal Raleigh,663728,674370,1,1,226.55,78.29
2024-08-23,Michael Conforto,624424,622491,1,4,107.68,30.42
2024-04-14,William Contreras,661388,669203,0,1,143.47,29.75
2024-10-05,Kyle Schwarber,656941,673540,0,1,209.94,47.92
2024-07-05,Jack Suwinski,669261,622663,1,4,201.38,58.27
2024-06-19,Zack Gelof,680869,656186,1,8,132.94,23.46
2024-08-11,Jorge Soler,624585,664875,0,7,66.12,27.58
2024-07-29,Nathaniel Lowe,663993,688297,1,7,55.79,49.85
2024-04-28,Alejandro Kirk,672386,675627,2,2,211.31,79.65
2024-08-26,Ryan McMahon,641857,665795,0,6,149.48,22.95
2024-05-25,Will Benson,666181,621111,2,2,64.7,44.26
2024-08-30,Brandon Drury,592273,669923,0,5,196.78,72.68
2024-07-23,Victor Caratini,605170,674370,0,3,102.91,37.51
2024-08-30,Manny Machado,592518,671737,2,2,170.66,36.64
2024-05-05,Cal Raleigh,663728,623352,1,9,32.29,69.29
2024-06-03,Anthony Santander,623993,592332,0,2,220.61,88.04
2024-06-12,Corey Seager,608369,621111,1,5,201.31,45.01
2024-07-30,Cody Bellinger,641355,680689,0,6,194.64,70.24
2024-06-03,Joey Gallo,608336,656731,2,4,201,52
2024-08-21,Kerry Carpenter,681481,680891,2,9,94.39,47.56
2024-08-31,Jo Adell,666176,693433,1,3,97.71,37.69
2024-07-03,Carson Kelly,608348,701581,2,3,38.31,68.63
2024-05-29,Shohei Ohtani,660271,605347,2,8,54.12,63.01
2024-07-05,Michael Toglia,669911,666142,1,3,53.98,62.19
2024-05-08,Marcell Ozuna,542303,601713,2,1,208.72,73.2
2024-08-17,Michael Toglia,669911,656302,2,6,184.86,43.77
2024-09-17,Juan Soto,665742,693433,2,4,81.4,39.21
2024-05-14,Andrew Vaughn,683734,671131,1,8,75.3,40.32
2024-05-07,Corbin Carroll,682998,458677,1,7,87.21,41.78
2024-05-12,Jake Cronenworth,630105,621111,1,1,150.52,35.73
2024-08-19,Jake McCarthy,664983,669111,0,8,203.44,57.42
2024-08-06,Heliot Ramos,671218,669022,1,1,148.61,27.05
2024-08-07,Yordan Alvarez,670541,570632,0,3,157.96,34.25
2024-05-06,James Outman,681546,682610,0,2,158.15,24.83
2024-06-16,Nolan Schanuel,694384,702352,1,2,138.4,33.87
2024-09-20,Joey Ortiz,687401,668678,1,5,53.38,46.75
2024-06-08,Nolan Schanuel,694384,606160,2,7,187.71,62.84
2024-07-26,Anthony Santander,623993,670970,0,8,76.9,26.7
2024-07-06,Will Smith,669257,642547,0,1,194.58,66.24
2024-04-25,Joey Bart,663698,642547,1,1,147.57,30.92
2024-09-13,Yordan Alvarez,670541,656271,0,9,104.04,40.01
2024-04-27,Tyler O'Neill,641933,676962,1,1,65.97,111.67
2024-05-19,Ryan O'Hearn,656811,669923,0,3,206.02,58.29
2024-06-14,Rafael Marchán,665561,680694,2,5,186.74,56.91
2024-04-13,Thairo Estrada,642731,686752,2,4,20.12,76.8
2024-05-23,Giancarlo Stanton,519317,622491,0,2,137.43,19.02
2024-08-18,Joey Bart,663698,669923,1,6,162.32,28.61
2024-09-18,Andrew Vaughn,683734,686799,0,4,52.82,57.88
2024-03-31,Isaac Paredes,670623,643338,2,9,30.87,90.12
2024-06-08,Adam Frazier,624428,622491,1,2,222.92,87.46
2024-06-19,Jesús Sánchez,660821,669461,0,1,122.5,30.29
2024-06-26,David Villar,681584,669713,2,2,114.3,24.07
2024-07-28,James Outman,681546,681293,1,5,35.42,93.3
2024-07-26,Adam Duvall,594807,518617,0,9,123.39,23.67
2024-06-11,Giancarlo Stanton,519317,623433,1,7,135.15,18.28
2024-05-29,Andrew McCutchen,457705,672456,1,3,69.75,54.2
2024-06-08,Steven Kwan,680757,682610,0,5,210.82,67.93
2024-08-17,Alec Burleson,676475,676272,1,3,228.55,81.54
2024-08-02,Seth Brown,664913,694813,1,4,194.07,51.17
2024-09-02,Jonny DeLuca,676356,663485,2,8,25.91,89.45
2024-06-16,Brandon Lowe,664040,694462,2,3,189.82,36.84
2024-08-27,Seiya Suzuki,673548,683003,0,4,219.32,90.26
2024-05-31,Carlos Santana,467793,666208,0,8,177.25,43.15
2024-09-20,Garrett Mitchell,669003,668678,2,5,67.4,51.24
2024-05-12,Fernando Tatis Jr.,665487,621111,1,1,143.29,20.73
2024-07-26,Nolan Arenado,571448,669022,0,3,23.8,99.07
2024-07-12,Charlie Blackmon,453568,518617,0,8,220.3,70.53
2024-06-01,Ryan Mountcastle,663624,671737,2,1,150.17,39.15
2024-06-12,Jeimer Candelario,600869,676440,2,1,158.84,39.1
2024-10-05,MJ Melendez,669004,543037,1,4,187.1,65.86
2024-07-21,Alec Burleson,676475,680885,2,3,,
2024-07-20,Ryan O'Hearn,656811,600917,2,9,71.69,52.35
2024-05-06,José Ramírez,608070,656427,1,6,227.27,102.28
2024-06-03,Mark Vientos,668901,669022,0,4,82.83,34.45
2024-09-10,Kyle Schwarber,656941,671737,0,1,170.01,27.21
2024-09-22,Jurickson Profar,595777,680732,1,3,45.16,67.55
2024-08-24,Matt Wallner,670242,681517,0,8,172.72,30.9
2024-07-13,Patrick Wisdom,621550,681517,0,9,9.5,88.67
2024-05-12,Max Schuemann,680474,622491,2,5,40.69,66.92
2024-09-01,Luke Raley,670042,702674,2,2,167.41,26.61
2024-06-18,Paul Goldschmidt,502671,682610,1,1,207.65,91.76
2024-07-28,Patrick Wisdom,621550,663704,1,9,132.99,21.8
2024-06-29,Nathaniel Lowe,663993,641329,2,6,81.68,47.92
2024-05-12,LaMonte Wade Jr.,664774,593423,1,5,220.39,92.67
2024-06-16,Austin Riley,663586,592094,1,8,157.02,25.16
2024-04-03,Blaze Alexander,677942,607074,1,2,29.86,82.73
2024-09-29,Michael Massey,686681,450203,0,1,209.14,77.28
2024-05-05,Anthony Santander,623993,641941,2,9,176.08,44.16
2024-04-26,Blake Perkins,663368,661563,2,3,201.52,55.27
2024-08-28,Seth Brown,664913,641941,0,8,106.36,36.23
2024-09-28,Joey Gallo,608336,656546,2,8,223.16,103.07
2024-06-03,Tyler Stephenson,663886,683409,2,9,217.82,62.36
2024-07-09,Zack Gelof,680869,622259,2,9,113.21,29.98
2024-09-11,Taylor Ward,621493,805673,0,1,125.06,30.84
2024-07-02,Brandon Lowe,664040,623433,0,9,221.17,50.71
2024-05-21,Gleyber Torres,650402,663423,2,7,63.39,53.35
2024-08-04,Gary Sánchez,596142,676395,2,8,80.93,24.5
2024-07-31,Byron Buxton,621439,622663,1,2,65.6,33.26
2024-09-03,Seth Brown,664913,622491,2,4,94.2,36.4
2024-04-23,Elly De La Cruz,682829,628708,0,5,64.61,51.7
2024-04-29,Danny Jansen,643376,680742,1,3,66.37,50.62
2024-04-02,Christian Walker,572233,664776,1,7,29.19,56.29
2024-09-22,Nick Yorke,694377,518585,0,5,61.52,45.08
2024-05-27,Kyle Schwarber,656941,605483,1,3,198.15,49.68
2024-05-21,Bobby Witt Jr.,677951,671345,0,6,104.33,28.26
2024-06-18,Kyle Schwarber,656941,593974,2,8,227.38,72.96
2024-09-15,Pete Crow-Armstrong,691718,664875,1,9,35.21,74.86
2024-06-10,Gunnar Henderson,683002,686752,0,1,108.4,25.89
2024-06-25,Ben Rortvedt,666163,657508,1,6,174.99,48.2
2024-05-11,Ryan Jeffers,680777,647315,0,4,67.18,51.61
2024-09-09,Brandon Drury,592273,701581,2,3,39.39,44.6
2024-05-23,Adolis García,666969,554430,0,2,48.87,53.65
2024-07-26,Trevor Larnach,663616,672456,1,1,197.23,64.86
2024-05-28,Jurickson Profar,595777,666200,1,1,93.97,38.83
2024-06-19,Andrew Benintendi,643217,686613,1,4,224.49,92.71
2024-06-22,Daniel Schneemann,682177,650893,0,6,168.23,47.57
2024-08-20,Matt Carpenter,572761,683232,2,8,216.31,77.23
2024-07-30,Rafael Devers,646240,622491,1,3,31.85,95.57
2024-06-22,Chas McCormick,676801,669203,1,5,30.18,60.34
2024-06-15,Mickey Moniak,666160,676775,2,2,115.56,27.99
2024-06-21,Ozzie Albies,645277,607074,0,1,32.06,62.53
2024-05-21,Willi Castro,650489,606930,2,7,199.42,64.01
2024-06-26,Rowdy Tellez,642133,668933,0,4,46.03,76.21
2024-04-09,Shea Langeliers,669127,600917,1,9,75.99,42.69
2024-05-14,Josh Naylor,647304,683004,2,2,222.52,73.62
2024-08-25,Heliot Ramos,671218,693433,1,1,46.27,62.32
2024-04-02,Christian Yelich,592885,686973,0,3,113.9,28.41
2024-06-25,Michael Toglia,669911,623352,1,9,39.3,71.03
2024-05-29,Lane Thomas,657041,680885,1,5,32.28,73.98
2024-05-05,Joc Pederson,592626,666745,2,4,223.75,83.4
2024-06-25,Anthony Santander,623993,656529,2,8,224.58,92.01
2024-06-16,Jorge Soler,624585,519326,2,4,51.75,65.5
2024-05-22,Juan Soto,665742,682243,1,3,55.7,49.66
2024-03-29,Brandon Marsh,669016,675911,1,5,90.1,48.37
2024-07-25,Francisco Lindor,596019,519242,2,3,95.86,37.05
2024-07-01,Ernie Clement,676391,623352,2,9,69.8,45.53
2024-06-21,Anthony Santander,623993,606160,2,8,222.75,79.98
2024-07-05,Bryan Reynolds,668804,518617,0,7,168.72,37.5
2024-06-22,Aaron Judge,592450,450203,1,1,196.06,68.69
2024-07-09,Joshua Palacios,641943,606303,2,8,205.55,59.45
2024-08-27,Andrés Chaparro,665953,543037,0,4,30.95,79.35
2024-07-06,Luke Raley,670042,643338,1,9,236.2,90.69
2024-05-08,Gary Sánchez,596142,623433,0,7,183.53,47.3
2024-06-16,Francisco Lindor,596019,656302,0,1,218.38,67.22
2024-05-06,Gary Sánchez,596142,666142,2,4,63.15,37.48
2024-07-20,Tyler Stephenson,663886,607179,1,3,84.53,31.3
2024-04-20,Miguel Sanó,593934,668933,0,6,171.31,47.76
2024-06-04,Bryan De La Cruz,650559,686752,1,1,85.02,36.31
2024-07-27,Oneil Cruz,665833,694297,1,1,197.97,20.99
2024-07-19,Brenton Doyle,686668,678495,1,6,46.93,41.51
2024-05-08,Willi Castro,650489,669923,1,2,189.72,35.78
2024-05-05,Nick Gordon,624503,671212,2,1,170.7,41.05
2024-06-26,Brandon Marsh,669016,672456,0,4,52,74.3
2024-09-24,Michael Conforto,624424,694297,1,3,77.25,27.59
2024-04-01,Yainer Diaz,673237,650893,1,7,214.33,89.54
2024-09-13,Miguel Rojas,500743,680885,1,3,28.99,58.26
2024-09-26,Pedro Pagés,686780,683409,0,8,62.57,41.41
2024-05-15,Jordan Beck,687597,669093,1,6,34.85,73.33
2024-08-29,Garrett Mitchell,669003,806185,1,2,194.32,56.65
2024-05-07,Max Muncy,571970,665795,1,1,54.33,62.37
2024-07-29,Ben Rice,700250,554430,2,2,193.22,48.56
2024-04-08,Christian Yelich,592885,458677,0,7,32.26,86.87
2024-04-26,Shea Langeliers,669127,669203,2,1,83.12,48.65
2024-06-22,Ryan McMahon,641857,640451,0,8,31.61,83.79
2024-06-07,MJ Melendez,669004,682243,1,4,227.74,68.64
2024-08-01,Bobby Witt Jr.,677951,669724,1,8,57.06,59.72
2024-08-17,Isiah Kiner-Falefa,643396,622491,0,1,140.93,35.55
2024-07-26,Alex Bregman,608324,694813,1,3,31.37,71.72
2024-10-30,Giancarlo Stanton,519317,518489,0,3,209.84,67.33
2024-04-30,Elehuris Montero,660707,664350,2,1,86.62,38.22
2024-05-14,Mitch Haniger,571745,663704,1,9,223.93,92.83
2024-09-17,Lane Thomas,657041,805673,1,4,98.34,29.76
2024-07-31,Addison Barger,680718,680570,0,3,205.38,71.19
2024-06-25,Jesse Winker,608385,800049,2,3,185.94,53.63
2024-05-11,J.D. Martinez,502110,628452,2,9,184.1,53.94
2024-06-21,Josh Lowe,666139,682847,2,6,76,44.34
2024-08-09,Joc Pederson,592626,554430,1,3,225.86,74.36
2024-09-13,Aaron Judge,592450,592155,0,7,17.52,60.57
2024-05-03,Ronald Acuña Jr.,660670,543339,1,8,51.07,65.76
2024-04-08,Brandon Nimmo,607043,621345,1,7,121.39,28.93
2024-03-29,Alek Thomas,677950,656234,0,6,212.68,62.23
2024-09-21,Patrick Wisdom,621550,669022,1,7,57.02,42.85
2024-07-14,Adam Frazier,624428,678394,0,1,204.79,50.73
2024-07-14,Lawrence Butler,671732,675650,2,5,153.17,32.09
2024-04-27,Yordan Alvarez,670541,641755,0,9,147.96,28.59
2024-07-24,Tyrone Taylor,621438,543037,2,3,24.41,72.25
2024-05-17,Taylor Ward,621493,668390,1,6,62.51,52.17
2024-05-01,Ehire Adrianza,501303,554430,2,2,188.97,58.28
2024-10-26,Tommy Edman,669242,607074,0,2,25.55,95.64
2024-05-21,Seth Brown,664913,664875,1,7,128.68,31.64
2024-04-12,Shohei Ohtani,660271,650633,1,1,83.26,41.81
2024-07-27,Jorge Polanco,593871,605121,0,5,231.98,85.33
2024-09-21,Josh Smith,669701,676106,2,3,227.77,95.16
2024-09-19,Trea Turner,607208,622663,2,3,35.99,46.28
2024-05-07,Jazz Chisholm Jr.,665862,808967,0,1,175.17,43.04
2024-06-30,Jon Singleton,572138,622663,2,2,164.67,44.9
2024-04-22,Maikel Garcia,672580,579328,1,6,31.46,52.22
2024-08-30,Mickey Moniak,666160,669923,0,5,203.13,59.98
2024-05-22,Joey Meneses,608841,661395,0,9,33.17,68.9
2024-05-20,Ceddanne Rafaela,678882,671737,1,5,194.24,61.58
2024-08-04,Juan Soto,665742,650893,0,7,68.89,49.14
2024-06-09,Mike Yastrzemski,573262,543135,2,4,232.38,85.62
2024-08-25,Aaron Judge,592450,676105,1,7,167.04,55.16
2024-07-07,Adam Duvall,594807,675650,0,2,17.71,75.97
2024-06-16,Brayan Rocchio,677587,554340,1,9,170.19,47.41
2024-09-02,Andrew McCutchen,457705,605347,1,8,63.05,62.23
2024-05-20,Michael Massey,686681,681857,0,2,205,48.45
2024-08-19,Gavin Lux,666158,693433,1,7,91.48,43.88
2024-09-07,Jose Altuve,514888,677944,2,7,30.9,83.68
2024-08-20,Lourdes Gurriel Jr.,666971,665795,2,6,10.06,76.1
2024-05-13,Bryan Reynolds,668804,606303,0,9,124.24,28.8
2024-06-28,Juan Soto,665742,579328,0,6,220.22,81.97
2024-06-01,Fernando Tatis Jr.,665487,679525,1,1,159.76,31.43
2024-03-30,Mookie Betts,605141,664854,1,9,73.78,42.23
2024-05-18,William Contreras,661388,434378,2,5,93.05,28.82
2024-09-04,Eric Haase,606992,668941,0,8,38.79,43.91
2024-08-31,Daulton Varsho,662139,805673,0,1,82.75,35.08
2024-08-30,Brent Rooker,667670,592351,1,1,53.01,46.76
2024-06-05,Zach Neto,687263,656302,2,2,63.67,46.62
2024-08-03,Michael Conforto,624424,458677,0,7,23.91,92.83
2024-09-19,Pavin Smith,656976,605452,1,8,68.93,45.13
2024-09-22,Teoscar Hernández,606192,622608,0,4,98.89,32.06
2024-06-04,George Springer,543807,669203,2,7,53.08,48.99
2024-09-22,Oneil Cruz,665833,668881,1,1,166.11,24.4
2024-07-26,Joc Pederson,592626,682847,0,6,213.43,36.81
2024-05-17,Shohei Ohtani,660271,593423,1,3,26.96,87.01
2024-07-28,Rob Refsnyder,608701,607074,0,4,50.42,49.78
2024-09-28,Jared Triolo,669707,661563,2,6,181.43,66.03
2024-07-11,Trea Turner,607208,607455,1,1,194.3,59.81
2024-09-28,Yasmani Grandal,518735,661563,2,2,229.94,103.7
2024-08-02,Aaron Judge,592450,592332,1,1,58.12,36.33
2024-05-26,Cavan Biggio,624415,663554,1,4,202.92,55.22
2024-07-28,Josh Smith,669701,650893,0,8,193.77,49.75
2024-08-25,Matt Olson,621566,606930,1,6,139.15,25.71
2024-04-07,MJ Melendez,669004,665620,0,7,195.24,45.2
2024-10-02,Kyle Higashioka,543309,608331,2,2,63.32,63
2024-06-15,Josh Rojas,668942,642546,0,7,172.02,45.98
2024-09-08,Pavin Smith,656976,434378,1,3,60,63.71
2024-03-31,Randy Arozarena,668227,592332,2,1,198.45,61.38
2024-04-06,Spencer Steer,668715,670990,0,8,81.12,43.63
2024-08-04,Bryson Stott,681082,554340,0,8,176.26,43.31
2024-07-09,Cavan Biggio,624415,554430,2,5,176.74,49.62
2024-05-19,Corey Julks,667452,607074,1,2,49.24,57.47
2024-07-07,Matt Olson,621566,675650,2,2,161.24,28.41
2024-09-01,Randal Grichuk,545341,680736,2,2,147.66,27.47
2024-05-19,Brent Rooker,667670,669422,2,9,6.63,69.81
2024-05-14,Randy Arozarena,668227,601713,2,6,57.94,52.06
2024-07-28,Jackson Chourio,694192,642629,0,5,164.21,46.16
2024-05-15,Wilyer Abreu,677800,671737,0,4,218.11,61.95
2024-05-11,Wilyer Abreu,677800,663623,2,3,211.08,60.59
2024-09-01,Jackson Merrill,701538,686752,0,4,124.34,34.78
2024-05-04,Anthony Rizzo,519203,663554,2,3,212.13,55.79
2024-07-21,Justyn-Henry Malloy,669234,592332,2,5,83.54,41.07
2024-05-23,Bryan Reynolds,668804,592426,1,7,188.7,49.4
2024-08-20,Gavin Lux,666158,682243,0,4,152.78,43.76
2024-04-14,Brandon Drury,592273,678394,1,2,204.41,65.52
2024-06-16,Adley Rutschman,668939,554430,0,3,149.85,34.02
2024-06-01,Enmanuel Valdez,665839,681857,0,2,193.07,51.91
2024-04-27,Rhys Hoskins,656555,607074,2,1,44.37,53.46
2024-10-02,Jackson Chourio,694192,640455,0,1,214.4,74.77
2024-04-16,Orlando Arcia,606115,686613,2,2,63.33,62.88
2024-05-17,Gunnar Henderson,683002,682243,0,1,154.76,39.1
2024-07-02,Will Benson,666181,661563,0,5,140.43,33.17
2024-10-26,Juan Soto,665742,808967,2,3,223.01,75.97
2024-09-06,Dylan Moore,664238,669461,1,6,31,81.47
2024-05-24,Juan Soto,665742,506433,2,3,205.01,46.36
2024-07-27,Javier Báez,595879,592779,2,7,51.77,55.27
2024-08-20,Max Muncy,571970,682243,1,4,227.36,68.05
2024-05-11,Carlos Santana,467793,592332,1,3,123.86,32.74
2024-08-04,Wilyer Abreu,677800,543135,2,4,71.34,49.05
2024-03-31,Nelson Velázquez,676369,663485,1,6,18.86,82.72
2024-08-25,MJ Melendez,669004,614179,0,6,238.97,71.32
2024-07-11,Mike Yastrzemski,573262,643338,2,9,211.73,64.99
2024-03-28,Rafael Devers,646240,622491,2,3,77.49,44.55
2024-08-19,Jarren Duran,680776,579328,0,1,42.01,72.5
2024-07-23,José Ramírez,608070,666214,0,5,18.1,98.13
2024-08-27,Mike Yastrzemski,573262,606303,0,7,203.51,67.52
2024-08-18,Lars Nootbaar,663457,543339,1,8,200.23,50.58
2024-08-07,Jake Rogers,668670,669923,2,4,34.39,60.24
2024-05-26,Daulton Varsho,662139,671345,2,8,215.18,73.81
2024-05-04,Nolan Arenado,571448,607200,1,5,100.47,34.25
2024-07-02,Spencer Horwitz,687462,681293,2,3,225.75,82.59
2024-08-15,Weston Wilson,642215,663432,1,7,191.51,63.93
2024-07-05,Joc Pederson,592626,681190,1,1,129.9,32.98
2024-06-03,Rhys Hoskins,656555,554430,2,7,52.6,70.85
2024-09-21,Jonathan Aranda,666018,684320,2,3,148.84,33.02
2024-04-19,Travis d'Arnaud,518595,656641,2,6,79.81,29.72
2024-10-19,Juan Soto,665742,683769,2,10,150.97,38.25
2024-09-13,Adam Frazier,624428,693312,2,8,227.19,70.25
2024-05-30,Gio Urshela,570482,455119,2,8,60.84,58.24
2024-08-29,Nick Castellanos,592206,656550,2,7,139.34,30.83
2024-07-30,Eugenio Suárez,553993,672851,2,7,53.21,58.64
2024-05-18,Taylor Ward,621493,570632,0,4,38.81,59.23
2024-09-06,Jordan Walker,691023,700187,2,7,30.53,64.72
2024-08-31,Trea Turner,607208,608331,0,6,48.47,62.21
2024-06-08,Sean Murphy,669221,571882,0,7,157.96,36.95
2024-05-29,Jason Heyward,518792,677020,1,9,173.45,49.04
2024-04-14,René Pinto,650907,605483,1,4,116.92,23.73
2024-09-25,Jake Bauers,641343,682847,1,2,186.12,47.52
2024-08-07,Danny Jansen,643376,666142,0,4,23.19,82.25
2024-04-03,Jorge Soler,624585,543339,2,8,99.02,17.82
2024-05-26,Matt Olson,621566,547973,0,8,234.02,66.3
2024-06-29,Brett Sullivan,664954,690544,2,5,230.33,96.53
2024-08-09,Nico Hoerner,663538,676979,1,3,32.58,87.3
2024-06-05,Justyn-Henry Malloy,669234,570632,0,6,76.1,39.4
2024-04-12,Ha-Seong Kim,673490,808967,0,2,33.24,67.75
2024-06-15,Andrew Vaughn,683734,686826,2,5,195.51,62.57
2024-09-26,Will Smith,669257,605397,0,7,113.84,29.38
2024-05-08,Eddie Rosario,592696,518886,2,9,150.01,33.75
2024-04-27,Otto Lopez,672640,663432,1,9,132.43,35.39
2024-09-07,Kevin Newman,621028,579328,2,4,62.94,58.29
2024-07-13,Marcus Semien,543760,681293,0,1,77.7,44.44
2024-09-20,Jose Iglesias,578428,650911,0,1,92.51,36.33
2024-04-24,Brent Rooker,667670,657376,1,6,45.17,58.83
2024-08-14,TJ Friedl,670770,681517,0,7,193.99,66.41
2024-06-15,Marcell Ozuna,542303,686752,2,5,140.06,30.61
2024-08-25,Jurickson Profar,595777,676130,1,8,220.95,72.03
2024-09-18,Brandon Nimmo,607043,606930,1,4,178.06,37.2
2024-05-18,Jo Adell,666176,600917,0,7,177.7,46.91
2024-07-22,Juan Soto,665742,676604,0,7,242.42,71.08
2024-07-03,Yordan Alvarez,670541,579328,0,6,224.35,96.14
2024-09-19,Ramón Laureano,657656,687924,2,3,220.33,78.99
2024-09-19,Taylor Ward,621493,579328,0,1,78.62,91.24
2024-05-23,Andrew McCutchen,457705,669062,0,1,74.61,47.91
2024-10-17,Mark Vientos,668901,808967,1,1,180,48
2024-07-07,Jurickson Profar,595777,669194,1,1,215.8,80.87
2024-08-25,Mark Vientos,668901,592094,1,7,171.57,29.82
2024-05-22,Tommy Pham,502054,650893,0,8,173.54,47.6
2024-08-30,Freddie Freeman,518692,668678,1,1,68.11,52.1
2024-07-31,Ian Happ,664023,666157,2,6,138.84,29.44
2024-09-07,Lane Thomas,657041,675627,1,2,84.59,47.48
2024-07-03,Gabriel Moreno,672515,694813,2,3,167.84,47.84
2024-04-19,Elly De La Cruz,682829,542585,1,8,33.57,89.27
2024-07-24,Trea Turner,607208,701581,1,5,63.43,38.37
2024-10-14,Mark Vientos,668901,689017,2,2,158.48,44.59
2024-08-21,Donovan Solano,456781,680573,2,5,68.23,51.81
2024-07-13,Brent Rooker,667670,663969,0,7,105.41,31.9
2024-07-07,Eric Haase,606992,680736,2,5,189.56,61.8
2024-06-19,Steven Kwan,680757,693433,2,2,229.53,96.45
2024-09-15,Brent Rooker,667670,680732,2,5,72.68,54.75
2024-04-19,Marcus Semien,543760,519242,0,1,21.72,69.43
2024-09-08,Hunter Goodman,696100,642547,0,3,188.13,57.28
2024-05-31,David Fry,681807,676395,2,7,73.98,49.09
2024-08-13,Jake Rogers,668670,669923,2,4,209.64,79.69
2024-06-29,Brandon Lowe,664040,663623,1,1,190.38,47.87
2024-04-02,Aaron Hicks,543305,666200,1,4,233.87,95.11
2024-09-11,Michael Massey,686681,661563,1,4,217.5,77.52
2024-07-19,Anthony Santander,623993,642546,1,7,235.94,79.45
2024-05-23,Nick Martini,605361,660853,0,6,200.24,56.54
2024-08-28,Michael Massey,686681,676440,0,1,216.56,89.1
2024-09-10,Christian Walker,572233,543135,2,1,214.46,75.83
2024-07-30,Brent Rooker,667670,592662,1,5,55.66,53.61
2024-07-05,Ceddanne Rafaela,678882,592454,0,10,140.97,32.86
2024-07-28,Michael Toglia,669911,663855,1,7,54.57,68.28
2024-05-03,Brent Rooker,667670,677960,1,4,89.33,24.31
2024-06-25,Rafael Devers,646240,592332,0,2,192.73,21.28
2024-04-30,Victor Caratini,605170,683769,2,10,197.71,67.81
2024-07-14,Josh Smith,669701,606160,2,8,209.43,67.79
2024-04-03,Ketel Marte,606466,607074,2,5,49.7,40.62
2024-09-08,Alex Bregman,608324,669194,0,4,38.12,82.35
2024-06-04,Alec Burleson,676475,681293,1,1,78.28,47.91
2024-08-01,Orlando Arcia,606115,676974,2,3,38.79,58.23
2024-07-30,Michael A. Taylor,572191,686613,2,6,46.16,56.09
2024-07-25,Josh Bell,605137,669203,2,6,88.42,42.19
2024-05-07,Alex Verdugo,657077,434378,1,1,191.7,58.79
2024-04-29,Justin Turner,457759,680742,0,3,19.57,93.56
2024-07-09,Tyler Stephenson,663886,615698,0,2,47.42,47.05
2024-08-20,J.D. Martinez,502110,572143,1,8,147.62,30.71
2024-06-15,J.D. Martinez,502110,660853,0,7,175.74,52.85
2024-05-13,Jack Suwinski,669261,607067,2,1,214.21,81.21
2024-08-13,William Contreras,661388,694813,2,3,57.48,52.17
2024-08-13,Juan Soto,665742,686642,1,7,203.93,53.89
2024-09-13,Mickey Moniak,666160,579328,2,4,178.57,48.79
2024-08-02,Ketel Marte,606466,682847,0,1,221.14,58.75
2024-08-13,David Peralta,444482,682847,0,5,178.03,41.18
2024-05-18,Bryson Stott,681082,669022,1,7,181.05,59.91
2024-09-01,Eugenio Suárez,553993,680736,0,3,96.33,29.04
2024-06-28,Matt Chapman,656305,543339,1,6,11.85,74.66
2024-05-09,Joc Pederson,592626,668881,2,1,210.57,68.01
2024-10-15,Aaron Judge,592450,683769,1,7,152.27,30
2024-07-20,Jake Rogers,668670,670950,0,6,34.31,69.19
2024-08-04,Jeimer Candelario,600869,592662,2,2,45.74,64.39
2024-08-14,Paul DeJong,657557,686973,2,6,62.35,34.35
2024-07-02,Jesús Sánchez,660821,677161,0,7,141.1,17.81
2024-07-07,Eli White,642201,663969,2,6,33,77.3
2024-06-20,Willy Adames,642715,800049,2,5,133.81,32.99
2024-04-17,Gunnar Henderson,683002,641154,0,1,175.61,38.12
2024-05-03,Teoscar Hernández,606192,450203,0,4,198.46,59.53
2024-10-02,Michael Harris II,671739,592094,0,8,155.54,34.04
2024-05-04,Blake Perkins,663368,624522,0,7,180.97,53.83
2024-04-09,James Outman,681546,686973,1,4,138.87,28.88
2024-05-11,Otto Lopez,672640,614179,1,9,76.41,35.68
2024-09-17,Eric Wagaman,676572,660853,1,6,62.35,34.92
2024-06-06,Trent Grisham,663757,641154,2,2,201.03,62.82
2024-04-10,Joey Gallo,608336,663855,0,2,210.4,81.96
2024-09-15,Shea Langeliers,669127,686642,2,9,25.67,82.64
2024-07-09,Spencer Steer,668715,664875,2,7,40.12,69.18
2024-07-09,Heliot Ramos,671218,579328,0,4,153.21,31.9
2024-06-12,Luis Robert Jr.,673357,657508,0,9,27.38,86.51
2024-08-29,Matt Olson,621566,650911,2,3,143.46,17.52
2024-07-21,Yordan Alvarez,670541,693433,1,4,213.06,69.97
2024-07-24,Joc Pederson,592626,608379,1,4,169.3,23.65
2024-09-02,Freddie Freeman,518692,677944,2,8,160.81,26.19
2024-04-20,Bryan De La Cruz,650559,640470,1,9,81.16,44.96
2024-05-16,Anthony Volpe,683011,657746,0,1,61.79,57.16
2024-09-05,Luke Raley,670042,621053,1,9,137.11,36.84
2024-04-25,Josh Smith,669701,622491,1,4,219.24,84.22
2024-05-28,Juan Soto,665742,656288,1,1,,
2024-08-13,Anthony Santander,623993,663623,1,3,89.26,41.6
2024-06-17,Brandon Nimmo,607043,592351,0,4,203.52,64.35
2024-05-05,Luke Raley,670042,606160,0,6,207.37,55.28
2024-04-17,Trea Turner,607208,663372,0,1,8.67,73.51
2024-05-29,Matt Carpenter,572761,593423,0,3,164.11,43.86
2024-08-17,Francisco Lindor,596019,676974,0,1,187.9,51.47
2024-08-07,TJ Friedl,670770,677053,2,7,189.39,51.72
2024-06-14,Anthony Santander,623993,621381,2,8,38.63,62.03
2024-05-10,Andrew Vaughn,683734,658648,0,8,165.29,41.78
2024-06-12,Francisco Lindor,596019,572143,0,8,142.42,32.51
2024-06-29,Vinnie Pasquantino,686469,676440,2,1,198.74,64.9
2024-07-22,Jose Siri,642350,607074,1,5,197.57,70.24
2024-08-05,Noelvi Marte,682622,682610,1,4,197.78,67.01
2024-06-12,Zach Neto,687263,677944,0,2,23.49,90.5
2024-07-14,Luis Campusano,669134,621345,2,7,194.27,56.15
2024-08-16,Ha-Seong Kim,673490,615698,1,2,39.11,59.49
2024-07-22,Willy Adames,642715,687863,0,8,188.58,51.39
2024-06-18,Alec Burleson,676475,682610,0,4,63.69,55.77
2024-05-09,Josh Naylor,647304,605154,2,8,184.94,30.62
2024-07-20,Harold Ramírez,623912,666157,2,1,99.75,27.4
2024-08-24,Rowdy Tellez,642133,687924,0,2,222.39,49.67
2024-06-15,Randy Arozarena,668227,678061,0,9,39.07,60.49
2024-07-11,Cal Raleigh,663728,686799,0,3,228.65,88.23
2024-04-12,Willy Adames,642715,669169,0,5,36.01,64.01
2024-06-18,Christian Yelich,592885,656288,2,1,206.01,56.62
2024-05-31,Ian Happ,664023,668933,0,2,58.51,68.13
2024-07-04,Austin Wells,669224,593423,0,5,171.62,33.97
2024-09-03,Taylor Ward,621493,621111,2,5,230.26,89.04
2024-09-01,Taylor Ward,621493,682243,0,1,108.42,39.59
2024-10-02,Jorge Soler,624585,663773,0,5,136.61,16.89
2024-04-25,Pete Crow-Armstrong,691718,650556,1,6,207.4,60.53
2024-05-15,Jordan Westburg,676059,579328,0,1,197.57,68.22
2024-06-29,Paul DeJong,657557,615698,1,6,47.6,60.18
2024-09-09,Bo Naylor,666310,660853,2,4,139.69,26.18
2024-08-26,Daniel Schneemann,682177,679525,2,4,202.66,59.6
2024-05-17,Miguel Amaya,665804,669387,2,8,55.17,65.35
2024-09-11,Fernando Tatis Jr.,665487,693433,1,7,12.95,92.31
2024-06-07,Fernando Tatis Jr.,665487,694297,1,1,113.18,31.61
2024-05-19,Alec Bohm,664761,663432,2,8,31.29,65.42
2024-07-13,Spencer Steer,668715,665795,0,2,25.76,87.68
2024-06-08,Mitch Garver,641598,679525,1,5,11.55,84.6
2024-04-05,Abraham Toro,647351,669373,1,7,29.27,70.2
2024-05-15,Andrew McCutchen,457705,657649,2,7,32.65,61.2
2024-05-24,Keibert Ruiz,660688,669923,2,6,208.63,56.3
2024-07-21,José Caballero,676609,596133,2,9,21.53,104.91
2024-08-11,Jake Burger,669394,656302,1,2,153.62,41.57
2024-08-28,Chas McCormick,676801,675650,1,8,177.63,40.53
2024-04-10,Gavin Sheets,657757,676440,1,3,220.45,63.64
2024-09-22,Triston Casas,671213,641154,2,1,184.4,47.87
2024-08-08,Colton Cowser,681297,592332,2,3,28.78,87.92
2024-06-16,Jordan Westburg,676059,554430,0,5,182.26,57.21
2024-07-29,Ryan Mountcastle,663624,657024,2,8,236.91,98.7
2024-03-31,Kyle Schwarber,656941,519242,0,1,214.22,71.35
2024-07-03,Lourdes Gurriel Jr.,666971,670990,2,6,30.78,51.79
2024-06-12,Donovan Solano,456781,663687,0,2,50.21,53.94
2024-09-21,Charlie Blackmon,453568,543339,2,9,229.54,82.2
2024-05-25,Taylor Ward,621493,676440,2,3,25.7,78.48
2024-09-30,Brandon Nimmo,607043,628452,1,8,234.34,74.69
2024-04-12,Mark Canha,592192,641154,1,1,52.2,66.78
2024-07-21,George Springer,543807,672456,0,1,66,46.75
2024-09-11,Adrian Del Castillo,680728,502624,2,5,205.01,68.9
2024-08-20,Marcell Ozuna,542303,554430,0,6,118.52,24.16
2024-04-24,Adolis García,666969,682243,1,4,123.13,30.74
2024-04-28,Kyle McCann,668832,518886,0,9,201.01,60.36
2024-09-22,Kerry Carpenter,681481,544150,0,6,196.49,71.12
2024-04-09,Edward Olivares,658668,663554,0,2,44.99,60.77
2024-05-15,Aaron Judge,592450,641154,2,1,26.86,36.65
2024-09-04,Matt Vierling,663837,506433,2,1,44.21,77.62
2024-09-09,Austin Wells,669224,663704,1,7,203.6,54.88
2024-07-02,Alec Burleson,676475,656605,1,3,227.22,89.13
2024-04-11,Gunnar Henderson,683002,663462,0,10,38.03,76.96
2024-07-03,Christian Vázquez,543877,672456,0,3,88.36,39.14
2024-07-31,Matt Olson,621566,642547,1,4,67.74,52.59
2024-08-06,Keibert Ruiz,660688,806185,0,3,206.46,57.65
2024-07-12,Jose Iglesias,578428,663567,0,5,62.17,50.71
2024-09-17,Otto Lopez,672640,675627,1,3,27.3,87.03
2024-07-24,Francisco Lindor,596019,657571,1,8,76.5,31.16
2024-05-22,Nelson Velázquez,676369,669373,0,4,79.29,31.02
2024-06-17,DJ Stewart,621466,592351,2,2,225.61,71.56
2024-10-11,Enrique Hernández,571771,506433,2,2,37.96,48.86
2024-08-06,Isaac Paredes,670623,641154,2,1,28.04,88.12
2024-06-29,Michael Massey,686681,676440,0,2,214.65,72.33
2024-09-19,Matt Olson,621566,687924,0,2,197.33,61.04
2024-08-16,Jon Singleton,572138,641771,2,9,59.62,67.68
2024-09-28,James Wood,695578,554430,1,6,57.35,58.83
2024-07-27,Alex Bregman,608324,595014,0,9,30.23,64.17
2024-07-20,Yainer Diaz,673237,663423,2,8,35.77,85.75
2024-09-11,Francisco Alvarez,682626,650893,2,9,125,19
2024-04-01,Kyle Tucker,663656,650893,0,7,183.33,49.19
2024-06-27,Miguel Sanó,593934,656427,0,2,94.22,38.1
2024-07-19,Keibert Ruiz,660688,593423,2,4,168.32,40.51
2024-06-13,Christian Walker,572233,656288,1,1,10.55,81.43
2024-08-28,Tyler O'Neill,641933,663893,0,8,78.13,42.45
2024-06-02,Paul DeJong,657557,642547,0,4,179.49,49.36
2024-09-19,Jazz Chisholm Jr.,665862,669302,2,3,191.26,55.67
2024-07-14,Ben Rice,700250,518886,0,9,182.39,44.8
2024-09-24,Patrick Bailey,672275,694297,1,2,197.26,43.45
2024-09-15,Michael Busch,683737,664875,1,9,194.16,21.42
2024-04-28,Jake Rogers,668670,608379,2,6,188.06,57.34
2024-06-22,José Ramírez,608070,621244,1,3,217.46,76.28
2024-03-30,Randy Arozarena,668227,579328,1,5,228.2,90.79
2024-04-15,CJ Abrams,682928,607192,0,3,175.3,43
2024-08-07,Jarred Kelenic,672284,642207,0,9,179.67,46.63
2024-06-07,Lourdes Gurriel Jr.,666971,593974,1,7,40.84,79.91
2024-06-22,Hunter Goodman,696100,606930,0,7,24.77,47.6
2024-08-25,Corey Seager,608369,683769,2,8,63.76,52.56
2024-09-17,Nick Castellanos,592206,593423,0,2,87.68,28.87
2024-06-06,Mookie Betts,605141,621294,1,5,128.69,33.34
2024-05-01,Oswaldo Cabrera,665828,669203,2,5,231.48,101.95
2024-04-30,Stuart Fairchild,656413,660853,1,7,112.3,34.99
2024-07-14,Ian Happ,664023,552640,1,8,149.13,22.8
2024-07-29,Masataka Yoshida,807799,669302,2,3,177.84,34.59
2024-10-29,Austin Wells,669224,689017,0,6,217,77.64
2024-05-05,Jordan Westburg,676059,666157,2,1,205.3,67.92
2024-06-10,Tyler Soderstrom,691016,656302,0,2,171.75,41.81
2024-07-03,Christian Walker,572233,656848,2,9,65.49,49.88
2024-06-01,Kyle Higashioka,543309,623433,0,9,23.66,99.24
2024-05-27,Paul Goldschmidt,502671,666157,2,1,38.17,78.12
2024-07-09,Brenton Doyle,686668,666157,2,4,177.62,47.58
2024-05-27,Bo Bichette,666182,680897,0,4,142.14,30.41
2024-09-11,Kyle McCann,668832,686613,0,6,54.47,75.94
2024-09-28,Teoscar Hernández,606192,676105,1,5,65.09,36.03
2024-05-19,Lars Nootbaar,663457,601713,1,4,193.07,32.84
2024-07-28,Paul DeJong,657557,682243,1,7,130.83,25.1
2024-06-08,Ezequiel Tovar,678662,552640,1,7,46.35,52.73
2024-08-06,Ty France,664034,642629,0,5,169.92,45.52
2024-08-23,Colton Cowser,681297,686613,0,3,213.48,68.72
2024-07-02,George Springer,543807,681293,2,3,33.09,76.25
2024-06-23,Josh Naylor,647304,663893,2,4,186.62,44.7
2024-04-22,Jo Adell,666176,657508,0,7,206.79,61.77
2024-05-15,Adley Rutschman,668939,605447,0,9,211.84,87.7
2024-06-30,Aaron Judge,592450,592332,1,1,129.75,27.62
2024-04-09,Will Smith,669257,686973,1,5,210.66,78.55
2024-07-30,Manny Machado,592518,595014,0,9,62.08,43.8
2024-07-31,Jonah Bride,681146,671737,0,2,55.49,83.62
2024-05-27,CJ Abrams,682928,450203,1,2,212.78,85.16
2024-06-12,Matt Olson,621566,669211,1,8,213.27,50.85
2024-05-29,Ian Happ,664023,669060,1,2,216.93,81.3
2024-06-04,Royce Lewis,668904,592454,1,7,75.3,33.07
2024-07-30,Lawrence Butler,671732,592662,1,3,155.54,39.2
2024-06-22,Steven Kwan,680757,621244,0,5,210.67,79.34
2024-07-26,Josh Bell,605137,676083,0,9,76.75,52.04
2024-04-12,Isiah Kiner-Falefa,643396,641755,0,9,68.63,48.06
2024-04-21,Andy Pages,681624,701643,2,5,147.08,33.17
2024-10-06,Jackson Merrill,701538,518489,2,8,49.88,63.78
2024-08-24,Colt Keith,690993,605154,1,9,130.49,33.78
2024-06-19,Ramón Laureano,657656,669373,0,4,69.14,35.7
2024-04-19,Trevor Larnach,663616,656427,2,1,209.83,52.84
2024-09-18,Manny Machado,592518,664285,0,6,70.86,48.48
2024-09-21,Yordan Alvarez,670541,668943,1,7,94.63,39.33
2024-10-10,Zach McKinstry,656716,676440,0,5,27.49,94.06
2024-05-09,Rhys Hoskins,656555,543243,2,1,173.09,50.37
2024-03-29,Starling Marte,516782,642547,1,2,70.81,55.34
2024-06-14,Joc Pederson,592626,647336,0,7,244.97,72.76
2024-07-02,Jarren Duran,680776,608638,2,8,173.44,29.78
2024-07-27,Daulton Varsho,662139,547179,2,1,35.38,88.75
2024-04-23,Isaac Paredes,670623,656412,1,6,60.51,58.58
2024-08-31,Lourdes Gurriel Jr.,666971,694813,1,3,29.89,74.39
2024-04-14,Adam Duvall,594807,666200,0,4,110.06,31.83
2024-08-21,Noelvi Marte,682622,657024,0,6,189.81,61.8
2024-09-02,Pedro Pagés,686780,642547,0,3,86.13,35.62
2024-06-19,Enmanuel Valdez,665839,592332,1,4,228.82,84.96
2024-06-23,Josh Smith,669701,669674,0,7,210.89,69.12
2024-04-14,Max Muncy,571970,506433,0,4,227.76,79.18
2024-06-20,Will Brennan,686823,622491,1,2,197.64,53.27
2024-05-05,Jackson Merrill,701538,669194,2,2,208.24,61.96
2024-05-21,David Fry,681807,518617,0,6,219.32,88.44
2024-05-28,Josh Naylor,647304,571539,2,8,239.61,61.33
2024-06-11,Abraham Toro,647351,681190,0,1,159.04,34.37
2024-04-03,Ryan Jeffers,680777,669060,2,7,59.73,62.06
2024-05-26,Joey Gallo,608336,693433,2,5,157.76,43.41
2024-04-25,Edouard Julien,666397,605154,2,7,62.06,59.97
2024-04-28,Luis Rengifo,650859,641154,2,5,201.15,68.42
2024-05-03,Christopher Morel,666624,605452,2,6,126.47,31.84
2024-05-11,Anthony Santander,623993,656464,2,8,128.94,33.46
2024-06-26,Kyle Higashioka,543309,663432,2,8,22.44,78.52
2024-04-27,Carlos Santana,467793,542585,2,4,225.13,58.39
2024-09-22,Josh Bell,605137,593423,2,3,145,23.23
2024-09-16,Ketel Marte,606466,622608,0,1,138.1,12.68
2024-05-06,Freddie Freeman,518692,682610,0,1,95.24,39.04
2024-10-08,Pete Alonso,624413,605400,0,2,218.54,73.12
2024-06-01,José Abreu,547989,657746,2,2,195.25,63.37
2024-04-05,Oliver Dunn,686554,669302,1,4,199.12,48.49
2024-05-22,Max Kepler,596146,663623,0,2,202.91,51.73
2024-03-31,Rowdy Tellez,642133,661269,2,7,100.35,28.71
2024-08-19,Joc Pederson,592626,670124,1,5,237.03,73.79
2024-07-20,Tyler O'Neill,641933,607455,1,7,19.67,76.02
2024-07-21,Jorge Soler,624585,663372,0,1,108.54,5.44
2024-08-17,Rafael Devers,646240,572143,0,8,179.69,38.49
2024-05-20,Kerry Carpenter,681481,608379,1,4,54.44,39.85
2024-06-04,Yainer Diaz,673237,669467,1,3,222.71,94.62
2024-03-21,Mookie Betts,605141,650633,1,5,52.83,61.78
2024-06-22,Alec Burleson,676475,663855,2,4,182.58,44.02
2024-05-14,Ryan Jeffers,680777,607074,0,1,54.98,47
2024-06-26,Michael Conforto,624424,669713,2,2,195.67,47.63
2024-06-23,Jose Altuve,514888,544150,0,1,90.79,29.85
2024-06-14,Jeimer Candelario,600869,642547,0,5,172.79,34.32
2024-07-24,Juan Soto,665742,640455,2,3,135.66,19.78
2024-10-09,Will Smith,669257,663773,0,3,117.08,24.27
2024-08-02,Jonah Bride,681146,680885,2,1,51.32,55.12
2024-08-14,Kyle Schwarber,656941,665795,2,4,60.22,61.92
2024-04-17,Bryan De La Cruz,650559,676775,2,6,213.48,80.85
2024-09-22,Mike Tauchman,643565,663623,0,1,229.32,62.28
2024-07-02,Trea Turner,607208,669713,0,5,50.3,37.61
2024-09-17,Junior Caminero,691406,601713,1,4,61.16,54.02
2024-04-20,Tyler Stephenson,663886,663776,2,1,224.19,93.15
2024-09-03,Josh Jung,673962,607074,0,4,58.44,58.34
2024-04-17,Kyle Schwarber,656941,663567,1,6,242.16,78
2024-06-28,Jackson Merrill,701538,669711,0,5,111.57,45.47
2024-06-19,Leody Taveras,665750,622098,2,7,193.21,49.25
2024-04-20,Patrick Bailey,672275,668678,2,5,215.73,69.51
2024-08-14,Austin Wells,669224,621051,1,8,219.55,69.57
2024-08-16,Luis Robert Jr.,673357,681293,0,3,28.76,61.23
2024-06-23,Jordan Westburg,676059,664285,1,6,51.69,70.76
2024-09-06,Michael Massey,686681,805673,2,4,226.57,66.91
2024-09-17,Wyatt Langford,694671,663893,1,7,211.19,78.43
2024-03-30,Gunnar Henderson,683002,656288,0,1,154.79,31.91
2024-07-04,Christian Walker,572233,689017,2,1,84.21,27.68
2024-06-07,Wilmer Flores,527038,547179,1,2,61.81,56.29
2024-08-04,David Hamilton,666152,656271,2,8,217.42,71.44
2024-08-22,Adam Duvall,594807,650911,0,6,93.57,31.52
2024-04-14,Estevan Florial,664314,596133,2,8,222.94,74.94
2024-08-07,Jackson Holliday,702616,621114,1,7,212.22,64
2024-08-16,Xander Bogaerts,593428,615698,0,4,26.19,46.66
2024-06-08,Ha-Seong Kim,673490,669194,0,2,61.49,55.34
2024-09-27,Colton Cowser,681297,573204,2,7,236.1,79.4
2024-08-25,Yasmani Grandal,518735,664747,1,9,193.16,54.51
2024-08-11,Tyler Stephenson,663886,669084,2,5,202.8,69.63
2024-03-28,Eddie Rosario,592696,641941,2,7,207.92,64.31
2024-07-21,Eric Haase,606992,573204,1,9,149.04,33.2
2024-03-30,Riley Greene,682985,608678,0,7,91.26,42.78
2024-10-14,Juan Soto,665742,502171,0,3,161.39,32.03
2024-04-07,Tyler O'Neill,641933,681217,2,3,61.46,49.54
2024-04-20,Daulton Varsho,662139,681190,2,1,219.51,69.82
2024-09-17,Pete Alonso,624413,694350,2,6,58.23,63.38
2024-05-09,Joey Ortiz,687401,543243,2,4,84.54,39.33
2024-04-20,CJ Abrams,682928,669854,0,1,201.92,53.4
2024-07-27,Oswaldo Cabrera,665828,676710,2,2,219.46,72.85
2024-04-13,Jake Bauers,641343,665152,2,4,188.41,45.68
2024-07-10,Ketel Marte,606466,450203,2,3,163.71,22.82
2024-08-03,Aaron Judge,592450,621244,1,1,82.21,31.97
2024-04-08,Brice Turang,668930,668933,2,5,152.42,40.65
2024-04-13,Josh Bell,605137,519242,1,1,20.33,94.05
2024-08-07,Zach Neto,687263,701542,2,2,67.66,42.39
2024-10-29,Gleyber Torres,650402,641703,1,8,191.6,66.31
2024-07-09,Michael Toglia,669911,666157,2,4,181.1,57.31
2024-04-07,David Hamilton,666152,681217,1,3,179.74,58.48
2024-03-28,Cedric Mullins,656775,542585,0,7,137.83,36.75
2024-05-17,Thairo Estrada,642731,663372,0,5,33.25,80.98
2024-06-01,Dansby Swanson,621020,608371,1,8,66.85,61.85
2024-05-20,Michael Siani,672279,665152,1,4,208.68,61.13
2024-09-22,Brandon Nimmo,607043,554430,0,6,216.95,89.37
2024-08-08,William Contreras,661388,450203,2,1,91.57,26.98
2024-08-17,Nolan Arenado,571448,641703,0,8,19.57,86.92
2024-07-12,Jesse Winker,608385,642547,2,5,172.17,42.68
2024-08-16,Paul Goldschmidt,502671,680736,0,2,195.23,63.04
2024-10-02,Parker Meadows,678009,686613,0,6,227.7,95.69
2024-09-21,Jorge Soler,624585,670124,0,2,14.82,89.25
2024-09-27,Rhys Hoskins,656555,640455,2,1,60.6,57.25
2024-07-30,Josh Naylor,647304,656412,1,4,230.76,92.5
2024-07-22,Jeff McNeil,643446,630023,2,2,240.29,89.53
2024-04-26,Steven Kwan,680757,519242,0,1,238.34,87.39
2024-09-11,Marcus Semien,543760,518876,2,3,42.21,57.92
2024-08-14,Aaron Judge,592450,641771,1,8,36.47,82.96
2024-07-21,James Wood,695578,458677,2,8,36.54,71.55
2024-06-01,Brent Rooker,667670,519242,2,4,30.47,56.76
2024-09-03,Jackson Chourio,694192,571927,1,3,157.18,39.03
2024-05-19,David Hamilton,666152,687798,1,9,225.25,73.7
2024-06-29,Jackson Merrill,701538,656557,0,4,78.2,48.7
2024-07-12,Rece Hinds,677956,630023,2,3,158.64,42.07
2024-07-13,Francisco Lindor,596019,656222,2,8,123.81,29.09
2024-07-22,Bobby Witt Jr.,677951,612434,0,4,88.5,28.51
2024-05-09,Lars Nootbaar,663457,668964,2,3,132.48,27.37
2024-08-11,Byron Buxton,621439,676440,1,2,36.3,74.52
2024-05-13,Kevin Pillar,607680,669461,2,3,25.82,91.51
2024-06-28,Brent Rooker,667670,676714,0,9,136.2,49.89
2024-10-18,Giancarlo Stanton,519317,671922,1,6,65.46,46.82
2024-05-22,Juan Soto,665742,682243,0,6,30.56,83.56
2024-05-30,Victor Caratini,605170,669302,0,5,186.26,49.58
2024-05-14,Nick Gonzales,693304,605452,2,4,57,54.31
2024-08-17,Josh Naylor,647304,642547,2,4,200.91,73.88
2024-05-08,Shea Langeliers,669127,683004,0,2,97.87,16.92
2024-05-24,Stuart Fairchild,656413,572020,0,5,18.15,99.18
2024-06-25,Jurickson Profar,595777,571882,1,6,230.92,100.79
2024-08-06,James Wood,695578,663546,0,8,85.37,32.62
2024-05-21,Kyle Tucker,663656,656288,1,1,36.9,93.67
2024-06-26,Andrew McCutchen,457705,668933,0,5,126.69,28.43
2024-08-09,Matt Wallner,670242,502171,2,5,218.26,70.13
2024-07-26,Jordan Westburg,676059,800049,0,2,168.05,33.5
2024-05-09,Vinnie Pasquantino,686469,672282,2,3,241.93,60.89
2024-09-11,CJ Abrams,682928,608331,2,4,137.85,29.46
2024-08-04,Santiago Espinal,669289,592662,2,2,79.7,45.87
2024-03-30,Keibert Ruiz,660688,608371,1,8,238.11,93.29
2024-03-31,Enmanuel Valdez,665839,682243,2,4,229.91,86.56
2024-09-13,Salvador Perez,521692,682847,2,2,84.01,28.31
2024-09-28,Shea Langeliers,669127,676092,2,9,203.23,76.87
2024-04-04,Iván Herrera,671056,677960,0,2,48.98,49.72
2024-08-16,Corbin Carroll,682998,664126,2,9,221.42,72.79
2024-04-26,Orlando Arcia,606115,658648,1,8,52.8,60.24
2024-05-12,Jake McCarthy,664983,665152,2,6,236.2,98.59
2024-08-08,Brandon Lowe,664040,668941,1,7,98.73,38.29
2024-06-18,Tyler O'Neill,641933,663893,0,8,134.11,34.42
2024-03-28,Bryan Reynolds,668804,666200,1,3,65.98,44.08
2024-06-01,Miguel Andujar,609280,519242,1,2,94.31,35.17
2024-08-07,Michael Busch,683737,657746,1,1,206.96,63.45
2024-10-08,Fernando Tatis Jr.,665487,621111,2,2,55.44,54.89
2024-04-12,Mookie Betts,605141,650633,2,2,51.3,51.05
2024-05-20,Salvador Perez,521692,666214,0,6,65.78,32.49
2024-05-29,Korey Lee,686676,605447,2,9,78.17,44.06
2024-06-29,Adolis García,666969,657097,1,8,90.16,42.76
2024-04-07,Zack Gelof,680869,656427,2,2,42.41,58.72
2024-08-23,Luke Raley,670042,663546,0,5,91.93,34.84
2024-09-10,Matt Wallner,670242,656288,0,3,237.6,56.31
2024-06-28,Michael Toglia,669911,621383,1,7,127.01,25.38
2024-04-09,Nolan Gorman,669357,554430,2,4,105.17,30.88
2024-08-30,Cody Bellinger,641355,663623,2,2,181.62,53.35
2024-07-29,Pete Alonso,624413,680573,0,4,17.11,72.74
2024-08-22,Jacob Stallings,607732,672851,2,9,161.47,45.71
2024-09-18,Billy Cook,695257,669461,2,6,199.88,63.96
2024-07-20,Carlos Santana,467793,596001,2,11,225.09,74.79
2024-06-25,Byron Buxton,621439,694297,0,5,55.65,50.62
2024-07-04,Bryan Reynolds,668804,669467,0,4,124.44,26.08
2024-04-17,Yordan Alvarez,670541,608331,1,1,54.34,78.56
2024-06-16,Daniel Schneemann,682177,621244,2,6,39.08,84.36
2024-07-05,Shea Langeliers,669127,544150,0,7,107.88,33.54
2024-06-17,Thairo Estrada,642731,593576,1,9,56.68,66.53
2024-09-15,James Wood,695578,670124,2,5,104.05,24.25
2024-04-19,Triston Casas,671213,682990,2,1,51.52,48.72
2024-08-07,Ketel Marte,606466,543238,2,9,49.25,54.55
2024-06-23,Nick Gordon,624503,682243,2,1,209.63,76.4
2024-05-04,Austin Hedges,595978,672282,2,2,28.68,89.1
2024-05-20,Jose Altuve,514888,672282,2,2,38.27,63.22
2024-06-05,Pavin Smith,656976,663546,0,5,232.51,65.08
2024-04-01,Kyle Tucker,663656,670102,1,1,56.89,65.85
2024-07-27,Matt Chapman,656305,663372,1,2,41.29,65.21
2024-08-05,Josh Smith,669701,657571,2,10,196.13,48.46
2024-06-16,Elly De La Cruz,682829,657649,0,8,39.75,75.33
2024-07-07,José Caballero,676609,543135,1,3,49.48,50.07
2024-05-03,Austin Riley,663586,694813,2,1,101.18,20.29
2024-06-12,Colton Cowser,681297,641729,1,8,164.81,45.38
2024-08-27,Charlie Blackmon,453568,682610,0,1,219.5,40.25
2024-08-27,Ezequiel Tovar,678662,682610,0,2,32.97,64.78
2024-06-01,Gio Urshela,570482,641745,1,9,36.03,66.21
2024-05-22,Jazz Chisholm Jr.,665862,642547,0,1,213.74,75.02
2024-06-07,Ryan Mountcastle,663624,650644,1,5,226.31,102.02
2024-07-14,Trent Grisham,663757,665152,0,5,228.41,86.19
2024-08-30,Orlando Arcia,606115,676661,2,6,96.56,31.04
2024-04-13,Rhys Hoskins,656555,665152,2,2,63.21,45.66
2024-07-24,Mitch Haniger,571745,656288,0,2,168.03,40.65
2024-05-22,Bryan Reynolds,668804,663546,1,4,212.55,68.44
2024-06-25,Taylor Ward,621493,656794,1,7,13.06,77.71
2024-04-26,Mitch Haniger,571745,543518,0,6,81.71,48.04
2024-09-03,Pete Alonso,624413,455119,2,8,106.98,29.4
2024-05-20,Jesse Winker,608385,641154,0,4,102.73,37.58
2024-05-01,Jake Cronenworth,630105,518585,0,7,229.19,79.03
2024-10-17,Kyle Manzardo,700932,657376,1,3,224.93,72.7
2024-06-03,Nolan Gorman,669357,434378,2,1,170.08,40.15
2024-04-04,MJ Melendez,669004,608678,2,7,185.07,38.69
2024-04-02,Jose Altuve,514888,621244,0,4,42.52,74.02
2024-04-15,Vinnie Pasquantino,686469,680897,2,4,207.41,48.6
2024-05-22,Alex Verdugo,657077,608723,0,8,198.39,44.54
2024-04-05,Michael Busch,683737,659275,1,3,212.65,75.96
2024-06-15,Matt Olson,621566,686752,2,5,212.28,63.05
2024-04-28,Wyatt Langford,694671,671096,2,1,190.69,74.41
2024-05-05,José Ramírez,608070,656288,1,6,186.72,57.08
2024-04-14,Trea Turner,607208,656605,2,3,6.4,82.97
2024-04-27,Kyle Tucker,663656,615698,2,3,36.2,79.29
2024-09-29,Sam Hilliard,656541,689017,2,2,,
2024-07-13,Corbin Carroll,682998,647315,1,7,44.35,72.95
2024-06-09,Jake McCarthy,664983,800049,2,2,219.47,91.73
2024-07-26,Masyn Winn,691026,669022,0,3,69.28,39.93
2024-09-08,Ezequiel Duran,677649,702674,0,2,88.65,35.57
2024-06-27,Colton Cowser,681297,656271,0,8,88.59,37.02
2024-08-21,Aaron Judge,592450,669212,1,7,205.66,78.76
2024-06-30,Carson Kelly,608348,681806,2,5,155.93,36.99
2024-05-03,Mickey Moniak,666160,676440,2,4,187.03,43.82
2024-09-06,Michael Toglia,669911,593423,2,6,130.45,41.17
2024-08-29,Tyler Stephenson,663886,669372,1,4,200.63,65.88
2024-07-29,Colton Cowser,681297,670102,0,1,198.77,40.31
2024-09-08,Pavin Smith,656976,434378,0,2,220.96,99.34
2024-07-10,Joey Loperfido,694388,663773,1,2,201.64,58.44
2024-08-18,Bryson Stott,681082,663623,1,6,218.95,86.81
2024-07-23,Jesús Sánchez,660821,544150,0,2,,
2024-09-16,Andrew Vaughn,683734,672282,1,1,61.86,36.03
2024-04-12,Salvador Perez,521692,622663,0,2,69.26,32.85
2024-05-07,Anthony Volpe,683011,434378,1,4,217.49,88.45
2024-07-20,Enrique Hernández,571771,445276,0,9,54.19,46.84
2024-09-22,Triston Casas,671213,641154,1,3,32.91,86.47
2024-05-11,Yasmani Grandal,518735,624522,2,5,218.57,57.62
2024-07-30,Jorge Polanco,593871,572020,2,4,85.93,35.21
2024-07-30,Anthony Santander,623993,663893,1,5,197.48,74.5
2024-06-11,Ezequiel Tovar,678662,573204,0,6,53.97,58.29
2024-08-14,Jake Bauers,641343,621111,0,2,220.55,76.58
2024-04-26,Josh Rojas,668942,668678,0,1,200.9,52.95
2024-05-22,Matt Chapman,656305,683003,1,6,47.97,47.13
2024-08-01,Jake Cave,595909,519326,2,9,109.55,33.27
2024-06-12,Giancarlo Stanton,519317,663738,1,5,39.79,38.11
2024-06-14,Bryan Reynolds,668804,663372,1,1,239.14,64.1
2024-04-30,Leody Taveras,665750,663432,1,8,147.45,23.32
2024-06-02,Luke Raley,670042,656288,2,4,209.47,82.38
2024-04-09,Carlos Correa,621043,641401,0,9,79.28,26
2024-07-30,Jarred Kelenic,672284,605452,2,4,33.28,81.46
2024-03-29,Christian Walker,572233,615698,2,1,42.42,54.76
2024-08-16,David Fry,681807,669060,1,8,164.16,37.38
2024-06-25,Yandy Díaz,650490,622491,0,1,3.98,92.37
2024-08-09,Willson Contreras,575929,547179,1,1,217.82,69.34
2024-07-13,Santiago Espinal,669289,677053,2,6,73.62,50.26
2024-05-11,Josh Naylor,647304,605182,2,4,32.23,91.45
2024-08-30,Ceddanne Rafaela,678882,571946,1,10,51.32,56.09
2024-06-06,Eugenio Suárez,553993,681190,0,2,125.62,34.27
2024-09-21,Gio Urshela,570482,669199,2,7,38.46,62.86
2024-08-17,Whit Merrifield,593160,656288,0,5,47.63,89.93
2024-06-04,Dominic Smith,642086,608331,1,3,57.89,74.1
2024-07-19,Anthony Santander,623993,543135,1,5,188.75,29.11
2024-04-26,Marcus Semien,543760,608371,1,8,10.87,88.27
2024-05-21,José Ramírez,608070,605288,2,5,197.3,62.71
2024-06-23,Zach McKinstry,656716,641771,1,7,197.21,69.83
2024-04-28,Mike Tauchman,643565,455119,0,8,106.25,37.69
2024-07-04,Mitch Garver,641598,669211,2,7,86.42,41.51
2024-06-20,Manny Machado,592518,669060,2,1,223.67,96.81
2024-06-06,CJ Abrams,682928,625643,0,6,186.57,43.63
2024-09-18,Michael Harris II,671739,458677,0,8,207.38,56.24
2024-06-07,Michael Conforto,624424,502085,1,7,178.48,45.33
2024-05-12,Jose Siri,642350,657571,1,7,63.7,44.56
2024-07-26,Jurickson Profar,595777,518886,2,9,119.73,24.71
2024-09-10,Zach Neto,687263,641154,2,5,132.15,25.63
2024-04-26,Danny Jansen,643376,694813,2,4,24.64,81.19
2024-05-11,Michael A. Taylor,572191,657006,1,4,222.42,95.04
2024-04-28,Nolan Schanuel,694384,641154,2,5,226.2,83.71
2024-09-04,Yandy Díaz,650490,686973,1,4,124.09,27.66
2024-05-05,Shohei Ohtani,660271,621345,0,8,104.99,11.98
2024-08-27,Paul Goldschmidt,502671,663773,1,5,62.94,36.96
2024-04-26,Tomás Nido,621512,571945,2,5,176.51,51.44
2024-08-21,Geraldo Perdomo,672695,642629,1,8,224.34,61.78
2024-09-21,Matt Olson,621566,669199,0,7,165.53,41.08
2024-06-05,Yainer Diaz,673237,571945,1,5,214.96,91.69
2024-05-21,Nolan Gorman,669357,669211,2,6,197.6,50.49
2024-06-28,Hunter Renfroe,592669,663474,0,2,236.33,81.51
2024-09-17,Davis Schneider,676914,543135,2,5,69.62,43.35
2024-09-19,Joey Gallo,608336,592767,2,6,229.94,83.02
2024-06-23,Akil Baddoo,668731,686563,2,1,197.75,59.9
2024-04-24,Juan Soto,665742,666204,2,6,107.24,31.59
2024-10-07,Kerry Carpenter,681481,661403,2,9,212.78,58.04
2024-06-23,Connor Wong,657136,666157,0,4,40.02,63.52
2024-08-28,Seth Brown,664913,594580,2,4,112.09,25.43
2024-09-25,José Ramírez,608070,641941,2,8,245.15,77.25
2024-04-27,Ceddanne Rafaela,678882,605155,2,7,98.83,34.98
2024-09-29,Kerry Carpenter,681481,686563,2,5,181.02,35.72
2024-06-15,Logan O'Hoppe,681351,676775,1,6,63.72,19.72
2024-09-04,Jackson Merrill,701538,672456,1,4,54.61,66.43
2024-07-24,Robbie Grossman,543257,694363,0,8,44.19,52.6
2024-10-30,Aaron Judge,592450,656427,1,1,193.54,50.49
2024-07-09,Brenton Doyle,686668,571656,0,8,77.5,26.38
2024-04-10,Giancarlo Stanton,519317,663773,1,6,188.2,52.49
2024-08-01,Bo Naylor,666310,657097,2,7,236.7,81.44
2024-06-18,Dylan Moore,664238,671922,0,6,30.52,66.41
2024-09-10,Tommy Edman,669242,684007,1,4,91.99,45.85
2024-08-26,Josh Lowe,666139,682243,1,2,189.62,33.4
2024-06-14,Miguel Rojas,500743,666142,1,5,13.73,86.66
2024-04-29,Jurickson Profar,595777,666157,0,1,43.41,74.07
2024-07-09,Brandon Nimmo,607043,663623,2,2,47.26,74.77
2024-06-16,Lane Thomas,657041,666200,1,1,97.4,42.96
2024-08-03,Ryan Jeffers,680777,676979,2,2,37.62,84.77
2024-05-29,Corey Seager,608369,669194,2,5,215.66,72.26
2024-09-04,Jonathan India,663697,681293,0,1,97.41,24.69
2024-05-11,JJ Bleday,668709,660825,1,9,205.83,52.07
2024-07-14,Michael Toglia,669911,605288,2,8,76.3,40.57
2024-08-12,Elly De La Cruz,682829,543243,2,3,180.59,47.24
2024-09-28,Travis d'Arnaud,518595,669674,1,9,109.45,29.48
2024-09-17,Mike Yastrzemski,573262,544150,0,1,213.48,54.59
2024-08-23,Joey Loperfido,694388,672710,0,9,83,43.24
2024-05-11,Orlando Arcia,606115,681035,0,3,13.88,79.35
2024-08-09,Ramón Laureano,657656,664875,0,7,204.51,63.17
2024-07-02,Trea Turner,607208,669713,0,3,71.39,36.9
2024-05-07,Michael Busch,683737,660853,0,9,183.84,35.88
2024-05-02,Jorge Mateo,622761,607074,0,4,58.85,40.29
2024-05-05,Marcell Ozuna,542303,572020,1,7,179.29,57.94
2024-08-13,Juan Soto,665742,686563,1,3,36.88,83.27
2024-09-19,Matt Olson,621566,691172,0,5,185.77,45.63
2024-09-25,Brenton Doyle,686668,669461,0,9,44.77,58.32
2024-04-09,Mike Trout,545361,650644,1,1,88.67,42.88
2024-05-24,Logan O'Hoppe,681351,658648,2,8,142.52,30.88
2024-04-01,Yainer Diaz,673237,670102,2,1,58.31,35.72
2024-07-29,Hunter Renfroe,592669,621051,1,8,211.9,84.14
2024-08-28,Aaron Schunk,668845,676974,1,5,19.68,60.25
2024-06-19,Ian Happ,664023,702352,0,4,136.59,20.17
2024-04-09,CJ Abrams,682928,690986,2,3,198.72,37.54
2024-07-12,Mark Vientos,668901,685299,1,2,85.7,38.98
2024-05-01,Abraham Toro,647351,682990,1,2,145.42,35.99
2024-04-12,Kyle Tucker,663656,656271,1,7,219.47,73.66
2024-06-21,Shea Langeliers,669127,661395,0,8,35.26,65.51
2024-04-21,Austin Martin,668885,656412,0,9,45.37,69.7
2024-06-18,Max Kepler,596146,542888,0,5,140.33,29.98
2024-06-28,Salvador Perez,521692,663474,0,2,35.67,40.88
2024-05-13,Adley Rutschman,668939,621244,0,4,208.13,47.3
2024-04-28,Aaron Judge,592450,668964,2,1,75.96,27.39
2024-09-04,Nicky Lopez,670032,544150,0,1,192.66,59.23
2024-07-20,Andrew McCutchen,457705,650911,0,6,84.25,29.43
2024-04-08,Elly De La Cruz,682829,656266,0,5,135.19,16.83
2024-04-06,Ketel Marte,606466,608331,0,1,72.22,19.47
2024-09-15,Jonah Bride,681146,674285,0,7,54.22,52.99
2024-04-08,Will Benson,666181,676879,2,2,227.9,79.36
2024-09-18,Enrique Hernández,571771,677960,1,4,39.36,47.07
2024-08-28,Jorge Soler,624585,701581,1,1,100.04,26.54
2024-05-24,Pete Alonso,624413,687014,1,7,41.98,64.49
2024-08-17,Pete Alonso,624413,676974,0,2,145.34,33.34
2024-08-06,Edmundo Sosa,624641,641703,0,9,229.65,99.38
2024-04-01,Bobby Witt Jr.,677951,665152,2,3,106.09,21.98
2024-05-20,Zach Neto,687263,606160,0,6,32.69,69.14
2024-06-17,Ozzie Albies,645277,571946,2,8,220.93,63.53
2024-04-19,Riley Adams,656180,434378,2,5,152.67,21.28
2024-04-10,Jordan Westburg,676059,455119,2,7,99.12,26.21
2024-09-20,Colton Cowser,681297,672456,0,2,124.98,32.49
2024-08-19,Zach Neto,687263,663460,0,8,28.07,82.64
2024-09-24,Mark Vientos,668901,680885,1,7,219.5,94.42
2024-07-25,Connor Norby,681393,682610,0,4,198.4,63.8
2024-05-04,Whit Merrifield,593160,669062,0,7,23.69,87.17
2024-05-15,Ty France,664034,679525,1,4,53.56,47.37
2024-09-07,Tyler O'Neill,641933,660853,0,5,47.17,52.92
2024-06-15,Lane Thomas,657041,669432,2,3,163.38,51.2
2024-09-10,Andrew McCutchen,457705,670124,1,5,53.54,52.44
2024-08-03,Bryan Reynolds,668804,677944,0,6,153.27,16.33
2024-05-15,Paul Goldschmidt,502671,656288,0,6,178.2,49.52
2024-06-09,MJ Melendez,669004,657508,2,9,244.34,68.62
2024-05-01,Will Brennan,686823,434378,0,5,180.68,56.99
2024-05-15,Taylor Ward,621493,687798,0,7,26.3,88.73
2024-06-23,Steven Kwan,680757,647315,0,4,192.23,62.25
2024-06-22,Luis García Jr.,671277,664875,1,8,144.9,20.92
2024-07-27,Patrick Wisdom,621550,669674,1,7,74.54,32.61
2024-07-10,Patrick Bailey,672275,670102,1,9,115.34,35.11
2024-08-14,Matt Olson,621566,663546,0,3,57.7,65.19
2024-07-10,Daniel Schneemann,682177,681857,2,4,72.15,59.08
2024-09-15,Carlos Santana,467793,458677,2,7,44.12,82.92
2024-06-19,Nolan Gorman,669357,630023,0,2,114.08,22.83
2024-07-02,Francisco Lindor,596019,687792,0,6,34.44,63.21
2024-08-10,Giancarlo Stanton,519317,642520,2,8,120.6,16.37
2024-08-29,Andrew Benintendi,643217,489446,1,9,233.33,84.09
2024-08-29,Masyn Winn,691026,673513,1,6,18.42,86.42
2024-05-12,Brent Rooker,667670,675989,2,8,13.35,75.03
2024-05-26,Max Schuemann,680474,669854,0,6,51.22,53.76
2024-09-17,Shea Langeliers,669127,696136,1,1,101.78,35.86
2024-05-16,Edward Olivares,658668,657006,2,1,68.14,56.38
2024-09-21,Billy Cook,695257,641427,0,9,78.04,33.92
2024-07-14,Brent Rooker,667670,675650,0,6,107.64,16.67
2024-07-08,Joshua Palacios,641943,605288,2,6,229.02,87.18
2024-06-22,Paul Goldschmidt,502671,663855,1,1,95.42,34.93
2024-05-08,Juan Soto,665742,681293,0,1,83.17,25.76
2024-08-20,Aaron Judge,592450,571510,1,1,164.27,54.06
2024-04-09,Randal Grichuk,545341,615698,0,2,31.99,80.71
2024-09-15,Jason Heyward,518792,702674,0,3,173.62,39.8
2024-05-19,Christian Bethancourt,542194,518617,0,7,220.33,85.12
2024-06-08,Bobby Dalbec,666915,680897,0,5,221.19,87.95
2024-07-31,Mark Vientos,668901,641154,0,2,228.59,92.41
2024-07-06,Alex Verdugo,657077,670174,1,3,141.36,28.85
2024-09-14,Leody Taveras,665750,669302,0,3,232.91,77.58
2024-06-20,Lane Thomas,657041,669194,2,3,76.24,40.22
2024-10-08,Jesse Winker,608385,605400,2,4,246.22,88.98
2024-10-01,Fernando Tatis Jr.,665487,700363,0,1,41.36,53.18
2024-06-30,Zach Neto,687263,571946,2,9,16.95,70.09
2024-07-06,Oneil Cruz,665833,656849,2,4,,
2024-08-05,Corey Seager,608369,519151,2,8,190.52,55.1
2024-05-08,David Fry,681807,605177,1,9,222.95,104.22
2024-04-24,Nick Senzel,669222,689017,2,2,83.95,41.88
2024-05-24,Will Smith,669257,668933,1,5,196.55,67.69
2024-04-20,Jackson Chourio,694192,571945,0,4,207.77,73.56
2024-07-22,Hunter Renfroe,592669,612434,0,5,56.39,50.99
2024-10-05,Gleyber Torres,650402,608379,0,3,208.48,89.57
2024-07-06,James Wood,695578,458681,2,2,35.75,72.48
2024-09-03,Joey Gallo,608336,676974,1,4,143.86,31.99
2024-06-25,Ketel Marte,606466,657746,0,1,231.11,86.22
2024-07-09,Jake Cronenworth,630105,669302,1,7,239.02,79.09
2024-08-29,Lawrence Butler,671732,687924,1,4,111.04,35.05
2024-06-13,Paul Goldschmidt,502671,656605,2,3,161.12,39.63
2024-08-16,Miguel Amaya,665804,684320,0,5,94.97,29.25
2024-04-29,Jazz Chisholm Jr.,665862,663623,2,6,148.35,32.9
2024-04-13,Thairo Estrada,642731,606965,2,7,27.8,67.82
2024-07-26,J.D. Martinez,502110,450203,0,3,203.35,72.67
2024-04-30,Austin Wells,669224,665152,0,3,155.53,34.31
2024-07-21,Tyler Fitzgerald,666149,663372,0,3,128.2,23.25
2024-09-23,Matt Chapman,656305,593958,2,3,91.68,34.44
2024-06-26,Cal Raleigh,663728,542888,2,6,230.32,62.66
2024-08-28,Spencer Torkelson,679529,656288,1,2,57.6,48.55
2024-05-14,Logan O'Hoppe,681351,543243,1,4,88.12,37.73
2024-09-06,Manny Machado,592518,681810,0,8,44.98,49.16
2024-05-25,Nelson Velázquez,676369,650644,1,2,69.75,45.92
2024-07-14,Tomás Nido,621512,571945,1,5,223,86.39
2024-06-22,Bo Naylor,666310,621244,1,2,153.34,24.95
2024-06-22,Jackson Merrill,701538,692230,1,4,132.72,20.91
2024-05-17,Aaron Judge,592450,605182,2,1,,
2024-04-24,Kevin Pillar,607680,657746,0,3,29.54,79.04
2024-08-02,Shohei Ohtani,660271,621053,2,9,224.74,67.16
2024-06-08,J.P. Crawford,641487,679525,0,1,196.77,51.71
2024-08-31,Eloy Jiménez,650391,663372,0,5,144.92,21.48
2024-09-08,Jorge Polanco,593871,571927,1,5,100.4,31.42
2024-08-16,David Hamilton,666152,518886,1,7,215.13,93.74
2024-04-10,Elly De La Cruz,682829,669060,0,5,47.88,66.93
2024-08-26,Austin Wells,669224,663432,0,6,214.72,62.31
2024-08-10,Teoscar Hernández,606192,694973,2,5,159.94,29.32
2024-06-20,Aaron Judge,592450,608344,2,3,186.82,59.53
2024-06-14,Andrew McCutchen,457705,663372,1,6,135.2,17.48
2024-04-17,CJ Abrams,682928,689017,0,1,168.59,46.55
2024-07-07,Rafael Devers,646240,543859,1,9,154.11,30.12
2024-05-26,Bobby Witt Jr.,677951,542888,0,6,37.15,76.52
2024-06-29,Anthony Santander,623993,547179,0,2,200.26,36.3
2024-04-22,Kody Clemens,665019,668984,0,9,204.84,61.63
2024-07-02,Elly De La Cruz,682829,657571,0,5,91.41,30.4
2024-09-08,Matt Chapman,656305,605397,1,4,78.12,36.38
2024-08-16,Dylan Carlson,666185,669194,0,5,209.87,70.09
2024-08-30,Sean Murphy,669221,624133,0,3,33,65.82
2024-05-31,Paul DeJong,657557,668964,0,3,102.83,31.73
2024-08-04,Tyler Fitzgerald,666149,518585,1,8,71.46,49.05
2024-06-12,José Caballero,676609,593576,1,9,83.11,38.55
2024-05-27,Trevor Larnach,663616,679525,2,5,183.29,29.39
2024-10-14,Giancarlo Stanton,519317,681870,2,7,70.6,29.54
2024-09-23,J.T. Realmuto,592663,668873,1,2,135.18,28.79
2024-09-22,Jonathan Aranda,666018,647315,2,6,190.17,43.19
2024-07-24,Ryan McMahon,641857,690544,0,4,46.6,63.59
2024-05-27,Willy Adames,642715,669713,1,8,109.64,22.21
2024-08-04,Luis García Jr.,671277,668964,2,1,137.77,32.41
2024-08-28,Dylan Crews,686611,607074,0,1,52.4,54.94
2024-08-09,Brenton Doyle,686668,656550,2,3,157.82,26.87
2024-05-24,José Ramírez,608070,663776,0,3,103.69,30.34
2024-07-23,Brent Rooker,667670,814005,2,1,45.21,62.03
2024-07-29,Cal Raleigh,663728,601713,1,6,227.54,64.92
2024-07-01,Charlie Blackmon,453568,669060,1,3,170.07,30.03
2024-07-09,Logan O'Hoppe,681351,453286,1,4,109.88,37.28
2024-04-17,Amed Rosario,642708,519326,2,8,52.51,55.35
2024-06-26,Willi Castro,650489,676714,2,5,14.59,64.86
2024-04-01,Riley Adams,656180,672710,1,7,68.37,35.59
2024-05-30,Jose Siri,642350,663687,0,2,40.28,47.49
2024-09-20,Sam Hilliard,656541,681911,2,6,175.02,52.49
2024-04-07,Matt Olson,621566,669194,0,2,222.25,63.71
2024-03-31,Taylor Ward,621493,669330,2,1,27.53,70.27
2024-03-30,Brenton Doyle,686668,686826,1,8,35.84,72.16
2024-04-25,William Contreras,661388,656605,1,1,64.95,27.55
2024-05-08,Kyle Tucker,663656,607074,1,1,199.04,56.71
2024-07-26,Bryan De La Cruz,650559,642547,1,1,11.46,86.67
2024-06-07,Ryan Bliss,669208,663738,2,1,44.36,48.52
2024-10-30,Jazz Chisholm Jr.,665862,656427,1,1,207.47,62.49
2024-10-28,Freddie Freeman,518692,657376,1,1,220.51,90.48
2024-09-13,Gio Urshela,570482,689017,0,2,65.18,41.79
2024-09-14,Gavin Sheets,657757,669372,0,3,227.05,94.8
2024-07-06,Shea Langeliers,669127,622253,2,3,18.27,69.55
2024-04-02,Garrett Cooper,643265,683627,1,6,175.43,44.65
2024-09-06,Yordan Alvarez,670541,694297,0,5,215.68,60.15
2024-04-30,Juan Soto,665742,665152,1,6,218.76,42.61
2024-08-19,Paul DeJong,657557,608334,1,4,46.57,64.38
2024-08-01,Michael Toglia,669911,608334,1,2,164.62,47.13
2024-08-18,Carlos Santana,467793,489446,0,9,210.06,63.84
2024-06-27,Willie Calhoun,641432,656427,2,4,171.23,37.43
2024-07-30,Michael Massey,686681,686563,2,3,161.2,39.56
2024-05-14,Alex Bregman,608324,676664,0,2,37.78,77.85
2024-08-12,Shohei Ohtani,660271,642547,0,5,71.9,36.02
2024-04-30,Brendan Donovan,680977,666159,0,5,220.48,79.15
2024-04-09,Pete Alonso,624413,554431,2,8,90.93,35.58
2024-07-06,Rhys Hoskins,656555,572020,2,4,36.58,71.58
2024-05-24,Ronald Acuña Jr.,660670,663559,1,8,162.11,42.74
2024-08-03,Josh Lowe,666139,605463,2,7,55.7,87.2
2024-07-12,Jonathan India,663697,630023,0,1,139.92,35.02
2024-06-22,Jordan Westburg,676059,669854,1,2,60.06,60.04
2024-08-09,Yainer Diaz,673237,592155,0,9,63.75,27.97
2024-08-06,Christian Vázquez,543877,592767,1,8,15.01,90.39
2024-06-12,Jose Trevino,624431,663738,2,1,24.06,67.53
2024-09-23,Michael Conforto,624424,593958,1,5,174.43,31.57
2024-09-28,Wyatt Langford,694671,519326,0,6,57.33,45.39
2024-08-27,Pete Alonso,624413,694297,0,2,192.67,59.13
2024-08-12,Yainer Diaz,673237,671737,2,3,65.8,45.07
2024-04-29,Brandon Nimmo,607043,592791,0,1,204.29,58.21
2024-06-25,Harrison Bader,664056,543037,1,2,15.74,68.75
2024-04-14,Manny Machado,592518,572020,0,4,95.17,32.6
2024-08-31,Freddie Freeman,518692,518876,0,1,182.29,30.66
2024-09-13,Kyle Isbel,664728,682847,1,4,201.14,64.12
2024-06-05,Nolan Arenado,571448,669854,1,6,44.14,63.25
2024-08-13,Ramón Laureano,657656,690986,1,2,215.08,81.04
2024-05-30,Riley Greene,682985,455119,1,8,61.19,72.13
2024-04-07,Giancarlo Stanton,519317,670102,2,3,32.99,57.48
2024-08-03,Jake Burger,669394,656550,2,3,106.07,34.64
2024-06-18,Mark Vientos,668901,547179,2,2,31.72,61.83
2024-07-26,Seth Brown,664913,608334,2,2,207.53,56.27
2024-08-12,Brendan Rodgers,663898,694297,1,6,107.28,28.54
2024-08-14,Gavin Sheets,657757,701542,0,2,48.36,73.99
2024-06-14,TJ Friedl,670770,642547,1,3,222.11,75.54
2024-06-10,Fernando Tatis Jr.,665487,683155,0,5,201.7,69.41
2024-04-03,Shohei Ohtani,660271,573124,2,7,173.7,31.3
2024-08-31,Willy Adames,642715,571656,2,3,162.36,41.78
2024-08-01,David Fry,681807,669432,2,3,76.64,41.67
2024-07-23,Jhonkensy Noel,678877,656412,0,4,19.71,82.92
2024-09-28,Tyler Soderstrom,691016,676106,0,6,20.51,92.37
2024-04-01,Jackson Merrill,701538,502043,2,3,40.08,76.41
2024-06-21,Willi Castro,650489,613534,1,7,235.27,95.55
2024-07-02,Aaron Judge,592450,594580,2,7,32.53,75.78
2024-05-29,Christian Yelich,592885,684007,1,1,184.57,29.87
2024-06-14,Marcell Ozuna,542303,641793,0,1,201.84,64.4
2024-04-10,Bo Naylor,666310,607200,2,4,123.72,30.55
2024-08-14,Tyler Fitzgerald,666149,656550,0,1,44.84,87.26
2024-09-06,Michael Conforto,624424,650633,0,6,211.21,64.37
2024-09-19,Vladimir Guerrero Jr.,665489,642520,2,9,127.99,20.3
2024-08-10,Salvador Perez,521692,667463,1,7,187.6,51.41
2024-09-25,Fernando Tatis Jr.,665487,656427,2,5,61.42,28.69
2024-04-09,Ryan Jeffers,680777,681911,1,8,47.23,60.51
2024-07-13,Bryce Harper,547180,613534,0,7,33.79,76.56
2024-10-02,Cedric Mullins,656775,607625,0,5,201.65,56.51
2024-08-16,Jarren Duran,680776,518886,2,7,205.54,47.94
2024-06-18,Josh Smith,669701,622663,1,5,202.08,70.05
2024-06-01,Kyle Tucker,663656,657746,1,3,194.82,54.19
2024-05-02,Christopher Morel,666624,605288,2,5,22.62,78.76
2024-05-17,Joey Ortiz,687401,686613,2,4,216.54,84.05
2024-05-11,Matt Chapman,656305,666157,2,1,96.54,33.05
2024-06-11,Randal Grichuk,545341,660761,2,3,56.82,47.97
2024-09-21,Logan O'Hoppe,681351,669854,1,4,100.82,31.94
2024-07-27,Aaron Judge,592450,676710,0,1,61.46,35.92
2024-07-06,Adley Rutschman,668939,672552,0,7,25.87,88.8
2024-05-31,Colt Keith,690993,669711,2,8,201.94,62.72
2024-09-10,Zack Gelof,680869,681293,0,2,32.79,58.04
2024-08-25,Jonny DeLuca,676356,694813,0,7,69.94,56.12
2024-04-01,Jordan Westburg,676059,623433,1,9,197.1,67.69
2024-09-21,Mookie Betts,605141,615698,2,3,68.08,51.98
2024-05-05,Ceddanne Rafaela,678882,657746,1,5,61.14,60.36
2024-08-14,Francisco Lindor,596019,683155,0,3,197.27,54.99
2024-08-02,Miguel Vargas,678246,657746,2,3,58.26,60.97
2024-05-21,Dylan Moore,664238,657376,1,3,44,65.72
2024-04-17,Mike Trout,545361,641793,1,1,168.46,42.85
2024-04-25,Jose Miranda,669304,621051,2,8,54.43,63.52
2024-04-09,Dominic Canzone,686527,605135,2,7,50.62,55.8
2024-07-13,Colt Keith,690993,623465,2,9,198.23,70.91
2024-08-26,George Springer,543807,641745,1,5,230.39,99.84
2024-03-29,Matt Chapman,656305,605397,2,1,144.79,35.5
2024-09-19,Pete Alonso,624413,592836,2,1,195.37,57.7
2024-04-03,Yordan Alvarez,670541,605135,1,3,168.18,33.35
2024-09-18,Riley Greene,682985,679525,0,3,227,57.54
2024-06-07,Andrew Vaughn,683734,669711,0,6,157.12,39.62
2024-09-02,Willy Adames,642715,669467,2,1,43.7,73.44
2024-08-07,Andrew Benintendi,643217,683155,0,2,200.16,61.22
2024-04-23,Byron Buxton,621439,621051,0,9,14.89,96.5
2024-09-17,Jordan Walker,691023,663559,1,4,57.06,41.01
2024-05-27,Jeimer Candelario,600869,458681,2,1,221.89,77.34
2024-09-17,Matt Olson,621566,682227,1,1,213.26,76.93
2024-07-01,Brenton Doyle,686668,669060,2,2,121.5,18.7
2024-05-19,Rafael Devers,646240,681676,2,6,151.32,37.65
2024-08-21,Mark Vientos,668901,518886,1,7,152.24,33.38
2024-07-14,Pete Alonso,624413,608566,0,4,19.75,73.68
2024-07-05,Ozzie Albies,645277,605400,1,6,227.54,79.57
2024-05-19,Kyle Tucker,663656,600986,1,6,188.45,54.25
2024-07-10,Kyle Isbel,664728,552640,0,9,209.19,68.38
2024-08-06,Royce Lewis,668904,684007,1,4,52.14,71.33
2024-07-27,Nick Castellanos,592206,658648,0,6,207.3,82.43
2024-07-23,Jeff McNeil,643446,543859,1,6,166.31,45.17
2024-07-04,Ian Happ,664023,650911,0,4,54.16,62.44
2024-08-21,Mitch Haniger,571745,681911,0,9,139.8,28.91
2024-06-29,Jake Rogers,668670,656288,2,6,70.78,27.85
2024-04-15,Jose Miranda,669304,608344,0,2,71.8,40.76
2024-06-21,Ben Rortvedt,666163,641726,2,9,216.01,79
2024-08-30,Shohei Ohtani,660271,623149,2,8,51.57,64.27
2024-09-09,David Fry,681807,694363,1,3,129.48,31.75
2024-05-02,Gleyber Torres,650402,669211,0,6,98.7,32.26
2024-07-05,Seiya Suzuki,673548,656288,2,1,145.97,31.71
2024-08-24,Jose Altuve,514888,544150,0,1,29.23,64.19
2024-08-02,Luke Raley,670042,663969,1,2,220.48,37.88
2024-06-27,Vladimir Guerrero Jr.,665489,641360,2,6,61.64,63.52
2024-06-17,Heliot Ramos,671218,669713,0,7,197.9,61.66
2024-06-19,Bryan De La Cruz,650559,669461,0,1,101.62,27.15
2024-08-02,Victor Robles,645302,663969,0,1,27.9,56.24
2024-06-07,Anthony Santander,623993,650644,0,2,210.72,78
2024-09-19,Francisco Alvarez,682626,592836,0,4,7.55,74.69
2024-07-20,Oneil Cruz,665833,621381,2,8,110.85,27.84
2024-05-24,Spencer Steer,668715,572020,1,1,76.16,49.62
2024-05-14,Will Benson,666181,677944,1,5,186.09,54.14
2024-09-01,Kyle Manzardo,700932,656605,0,4,182.65,43.23
2024-08-09,Willy Adames,642715,686730,2,1,222.14,72.35
2024-08-23,Jeremy Peña,665161,700249,0,6,55.11,45.11
2024-08-18,Trea Turner,607208,663623,0,3,117.58,33.3
2024-06-30,Bryan De La Cruz,650559,624133,2,3,203.64,75.82
2024-04-03,Aaron Judge,592450,518876,1,4,186.56,50.39
2024-08-14,Gunnar Henderson,683002,687792,1,1,229.8,63.84
2024-05-31,Nelson Velázquez,676369,663568,0,9,132.37,26.96
2024-04-27,Ryan McMahon,641857,669854,1,1,160.08,27.86
2024-06-22,JJ Bleday,668709,641927,1,1,237.42,80.4
2024-06-27,Nolan Arenado,571448,671096,2,3,26.39,86.44
2024-08-27,Daulton Varsho,662139,445276,2,9,113.33,27.65
2024-08-26,Jarren Duran,680776,621244,1,8,120.32,28.41
2024-05-04,Luis Urías,649966,664285,0,5,125.85,28.94
2024-08-21,Jhonkensy Noel,678877,641835,0,8,189.72,63.69
2024-06-17,Zach Neto,687263,692230,2,4,65.56,46.76
2024-09-01,Bobby Witt Jr.,677951,593576,1,7,14.18,88.68
2024-05-09,Anthony Volpe,683011,669854,0,3,225.38,102.07
2024-08-30,Julio Rodríguez,677594,691951,1,4,84.33,20.76
2024-10-06,Fernando Tatis Jr.,665487,656427,1,1,25.69,77.58
2024-07-29,Orlando Arcia,606115,607067,1,5,96.35,31.36
2024-06-24,Austin Riley,663586,458681,0,5,108.92,29.34
2024-06-01,Bryan Reynolds,668804,663893,2,9,146.73,26.4
2024-08-19,Masataka Yoshida,807799,605463,2,6,40.41,89.27
2024-04-09,Alex Kirilloff,666135,641401,0,9,203.71,65.27
2024-08-23,Joey Ortiz,687401,676664,0,2,96.41,37.12
2024-04-28,Anthony Rizzo,519203,676083,2,8,161.88,44.98
2024-05-04,Ramón Laureano,657656,672282,0,4,38.61,68.3
2024-05-19,Ha-Seong Kim,673490,678061,1,7,52.3,57.68
2024-04-25,Jose Trevino,624431,622072,2,2,224.35,89.47
2024-06-02,Zack Gelof,680869,669276,0,7,80.15,28.28
2024-07-09,Michael Busch,683737,665152,1,1,220.37,73.86
2024-06-26,George Springer,543807,601713,1,7,36.89,55.55
2024-08-29,JJ Bleday,668709,687924,2,4,213.3,58.46
2024-09-04,Kyle Schwarber,656941,670102,0,1,213.28,54.15
2024-08-14,David Peralta,444482,656605,1,3,201.94,62.23
2024-06-30,Nico Hoerner,663538,642547,0,1,46.81,65.29
2024-06-09,Fernando Tatis Jr.,665487,543518,1,1,120.87,33.34
2024-05-08,Aaron Judge,592450,681293,0,3,184.69,46.18
2024-05-04,Max Muncy,571970,554431,0,7,173.55,42.75
2024-08-02,Corey Seager,608369,676710,1,1,196.75,66.67
2024-09-17,Josh Lowe,666139,601713,0,5,67.64,53.64
2024-07-23,Steven Kwan,680757,656412,0,3,219.42,82.06
2024-06-16,Jacob Young,696285,666200,0,5,48.69,55.04
2024-09-05,Bryson Stott,681082,670124,1,6,213.13,62.36
2024-08-30,Ben Gamel,592325,607625,0,3,54.8,74.19
2024-09-22,Cedric Mullins,656775,680744,1,5,206.42,59.78
2024-08-30,Will Smith,669257,623149,2,7,54.17,53.23
2024-05-05,Josh Naylor,647304,519043,2,8,178.6,48.94
2024-05-17,Maikel Garcia,672580,656232,2,6,46.45,58.57
2024-06-14,Will Brennan,686823,592332,2,4,36.87,89.32
2024-07-27,Kyle Schwarber,656941,680704,2,4,156.98,31.58
2024-08-27,Ryan O'Hearn,656811,656427,1,2,188.97,60.43
2024-04-13,Jordan Westburg,676059,669084,2,1,163.72,41.82
2024-07-06,Jo Adell,666176,592767,1,5,64.17,35.61
2024-06-30,Matt Chapman,656305,572020,1,4,21.32,96.9
2024-06-08,Enrique Hernández,571771,641482,1,5,210.79,87.44
2024-08-15,Alec Bohm,664761,680730,1,1,26.16,69.2
2024-03-29,José Ramírez,608070,548389,1,1,222.3,80.37
2024-06-25,José Ramírez,608070,608344,2,4,99.93,35.38
2024-05-15,Mike Tauchman,643565,450203,0,1,29.65,91.25
2024-09-04,Kody Clemens,665019,670102,1,2,201.78,74.71
2024-06-20,Ryan McMahon,641857,681911,0,8,182.16,19.82
2024-09-09,Tyler O'Neill,641933,700249,1,3,63.29,62.69
2024-08-13,Christian Vázquez,543877,607625,1,4,137.37,30.74
2024-08-30,Andrés Giménez,665926,669387,1,5,235.93,92.73
2024-09-02,Gunnar Henderson,683002,623167,0,1,168.42,44.18
2024-08-02,Justyn-Henry Malloy,669234,666142,2,1,38.7,60.58
2024-08-26,Gleyber Torres,650402,680730,0,1,24.85,89.92
2024-05-30,Logan O'Hoppe,681351,607074,1,2,16.13,75.56
2024-04-03,Yordan Alvarez,670541,641835,0,6,164.88,23.16
2024-08-11,David Fry,681807,573204,1,6,67.13,45.81
2024-05-13,Luke Raley,670042,663903,1,2,133.1,23.99
2024-04-03,Seiya Suzuki,673548,656222,0,5,65.06,53.3
2024-04-05,Mark Canha,592192,676664,2,6,18.32,69.29
2024-04-17,Mitch Garver,641598,671096,2,6,30.28,70.97
2024-04-26,Tyler O'Neill,641933,684007,1,4,114.04,36.4
2024-08-18,Jerar Encarnacion,666464,666204,0,10,154.03,40.35
2024-08-13,Will Smith,669257,607067,2,2,4.1,82.78
2024-08-03,J.D. Martinez,502110,519326,1,7,107.1,30.68
2024-07-03,Noelvi Marte,682622,607074,1,2,2.81,94.43
2024-06-25,Tyler O'Neill,641933,592332,0,6,8.83,58.52
2024-06-04,Ryan Mountcastle,663624,670102,1,5,103.83,20.73
2024-07-06,Ben Rice,700250,502624,1,7,180.65,44.1
2024-05-08,Michael Conforto,624424,663567,0,2,215.27,69.78
2024-09-29,Trent Grisham,663757,663559,0,1,181.11,50.98
2024-04-13,Edouard Julien,666397,666159,1,3,66.17,48.45
2024-09-24,Lane Thomas,657041,686730,2,1,21.02,91.06
2024-07-05,Josh Naylor,647304,702352,0,4,130.63,26.43
2024-06-27,Byron Buxton,621439,543518,1,4,102.66,15.42
2024-09-10,Parker Meadows,678009,687134,0,1,222.2,83.52
2024-07-03,Rowdy Tellez,642133,606149,0,7,26.27,103.91
2024-05-23,Joey Bart,663698,696131,2,4,121.72,23.13
2024-04-23,Brendan Rodgers,663898,650633,0,4,56.72,42.67
2024-04-22,Mark Canha,592192,641793,1,1,45.77,40.76
2024-07-30,Brayan Rocchio,677587,666214,2,9,75.9,45.46
2024-05-21,Hunter Renfroe,592669,666214,1,7,47.37,57.69
2024-04-20,Jung Hoo Lee,808982,668678,0,1,221.18,86.17
2024-05-24,Jonathan India,663697,681911,2,5,20.17,93.38
2024-07-04,Jonny DeLuca,676356,679525,0,2,12.04,92.5
2024-09-07,Harrison Bader,664056,594580,0,6,174.4,48.91
2024-04-05,Triston Casas,671213,656288,0,2,91.82,42.06
2024-06-28,Luis Matos,682641,689017,1,5,89.54,37.06
2024-06-23,Vladimir Guerrero Jr.,665489,663474,1,1,79.97,28.39
2024-04-22,James McCann,543510,672282,2,2,11.7,96.43
2024-06-23,Byron Buxton,621439,663687,1,2,36.96,47.76
2024-08-04,Masyn Winn,691026,657006,1,3,164.04,41.08
2024-07-02,Joc Pederson,592626,623465,1,9,229.74,83.89
2024-09-22,Korey Lee,686676,506433,1,3,43.45,73.59
2024-08-12,Mickey Moniak,666160,670102,1,3,211.75,63.52
2024-08-14,Jonah Bride,681146,663969,1,1,42.19,66.36
2024-07-22,Ian Happ,664023,668964,0,6,195.69,63.41
2024-04-13,Oswaldo Cabrera,665828,680704,0,6,201.29,78.36
2024-05-22,Jeimer Candelario,600869,650633,2,1,167.43,48.04
2024-09-18,Mike Yastrzemski,573262,665152,0,1,190.65,51.63
2024-04-17,Josh Rojas,668942,608371,0,7,228.19,93.03
2024-09-11,Anthony Santander,623993,686580,2,8,220.89,62.75
2024-04-08,Bryan Reynolds,668804,663947,0,6,50.44,50.09
2024-07-29,Wenceel Pérez,672761,683769,0,9,189.64,54.57
2024-04-12,William Contreras,661388,669169,1,6,195.02,54.22
2024-07-06,Mitch Haniger,571745,670950,0,8,78.91,41.27
2024-06-13,Luis Robert Jr.,673357,676106,2,3,102.07,33.6
2024-04-26,Mitch Garver,641598,668678,2,2,20.3,96.14
2024-08-02,CJ Abrams,682928,593423,1,3,156.17,41.85
2024-09-16,Jackson Merrill,701538,681293,0,4,126.78,31.93
2024-04-16,Triston Casas,671213,595881,0,6,230.59,74.02
2024-05-03,Dylan Moore,664238,669854,0,5,55.44,69.5
2024-09-18,Trevor Story,596115,686752,0,6,52.84,56.95
2024-08-04,Mike Tauchman,643565,667463,0,6,50.51,71.27
2024-04-17,Daulton Varsho,662139,657571,0,7,178.22,49.23
2024-06-18,Dansby Swanson,621020,657277,1,2,169.75,42.95
2024-07-03,Tyrone Taylor,621438,680730,0,3,8.85,77.04
2024-05-29,Dominic Canzone,686527,434378,1,5,184.88,43.36
2024-06-07,Gavin Sheets,657757,669711,0,6,226.05,83.13
2024-08-12,Spencer Steer,668715,543243,2,3,40.15,80.96
2024-04-09,Corbin Carroll,682998,615698,0,1,26.32,87.83
2024-04-27,Pete Alonso,624413,543243,2,5,191.23,49.36
2024-07-24,Seiya Suzuki,673548,669060,1,3,61.56,54.59
2024-05-12,Connor Joe,656582,640470,0,10,22.4,84.59
2024-04-28,Bryson Stott,681082,650633,2,4,194.88,54.26
2024-08-27,Matt Chapman,656305,668964,2,4,162.38,44.36
2024-04-15,Ryan O'Hearn,656811,686973,0,3,139.25,23.36
2024-05-03,Brett Baty,683146,650644,2,2,208.05,69.54
2024-07-30,Santiago Espinal,669289,657006,0,2,224.21,101.07
2024-09-03,Leo Jiménez,677870,621381,2,9,54.4,66.23
2024-09-08,Marcus Semien,543760,702674,0,1,68.97,47.83
2024-08-23,Tyler Stephenson,663886,663559,2,1,105.93,23.3
2024-08-07,Marcus Semien,543760,579328,0,6,17.66,79.69
2024-06-06,Freddie Freeman,518692,663559,0,1,224.49,71.02
2024-07-30,JJ Bleday,668709,573124,0,8,229.01,86.8
2024-06-03,David Dahl,621311,669060,1,4,212.07,80.07
2024-09-17,Willi Castro,650489,680704,2,8,215.37,78.09
2024-08-19,Yainer Diaz,673237,445276,1,9,55.41,52.5
2024-09-13,Masataka Yoshida,807799,657376,2,6,182.34,43.78
2024-06-21,Bryan Reynolds,668804,606965,0,8,183.12,30.47
2024-07-21,Jarren Duran,680776,572020,0,1,66.89,50.05
2024-04-02,Cody Bellinger,641355,683627,1,7,235.9,64.96
2024-05-30,Cody Bellinger,641355,607067,2,1,211.11,77.4
2024-08-10,Corey Seager,608369,596133,2,6,209.87,73.76
2024-09-06,Andrés Giménez,665926,689017,1,6,214.63,77.38
2024-07-11,Gavin Lux,666158,605400,0,5,26.51,104.45
2024-08-26,Isaac Paredes,670623,621399,0,8,30.61,62.86
2024-05-05,Jacob Stallings,607732,663559,1,2,125.66,31.39
2024-07-28,Eugenio Suárez,553993,670059,0,10,71.13,52.47
2024-07-07,Victor Robles,645302,621244,0,3,16.46,65.57
2024-06-19,Dansby Swanson,621020,702352,0,4,191,48
2024-06-18,Wyatt Langford,694671,622663,2,5,71.4,40.25
2024-10-06,Fernando Tatis Jr.,665487,683618,1,9,169.33,42.65
2024-05-20,Jo Adell,666176,664285,2,5,210.82,66.74
2024-06-21,Trea Turner,607208,656756,2,3,42.26,45.87
2024-09-07,Ryan McMahon,641857,668964,0,4,154.57,61.33
2024-07-20,Eddie Rosario,592696,543243,2,6,191.99,45.97
2024-09-22,Aaron Judge,592450,683155,1,3,140.59,27.44
2024-04-08,Victor Caratini,605170,681982,1,5,205.96,60.38
2024-05-26,Brett Wisely,689172,640455,0,3,185.36,47.76
2024-04-10,Edouard Julien,666397,681911,0,5,42.62,71.55
2024-04-06,Brenton Doyle,686668,606965,1,6,233.92,99.72
2024-04-25,Tyler Nevin,663527,641482,2,3,218.28,78.56
2024-08-29,Will Benson,666181,669372,2,3,99.33,30.27
2024-04-13,Ryan Jeffers,680777,571946,2,8,72.3,45.08
2024-05-03,Fernando Tatis Jr.,665487,677944,0,4,67.96,39.42
2024-06-15,MJ Melendez,669004,595014,2,6,213.42,68.39
2024-08-19,Adrian Del Castillo,680728,670124,2,3,110.29,32.25
2024-09-09,Anthony Santander,623993,670174,0,7,180.33,43.38
2024-05-27,George Springer,543807,680897,2,2,48.61,58.11
2024-06-20,Dylan Moore,664238,671106,0,1,,
2024-06-19,Royce Lewis,668904,671737,2,5,42.42,66.43
2024-05-02,Ryan McKenna,663630,607074,2,4,137.24,36.75
2024-07-26,Aaron Judge,592450,677161,1,7,122.19,8.21
2024-05-09,Jake Bauers,641343,543243,0,2,215.04,54.64
2024-07-30,Masyn Winn,691026,453286,0,1,65.8,41.41
2024-07-29,TJ Friedl,670770,592791,1,5,216.69,71.88
2024-06-18,Nick Loftin,679845,663687,2,2,93.56,42.96
2024-04-28,Isaac Paredes,670623,607200,0,4,23.88,91.07
2024-04-24,Jose Altuve,514888,593576,0,9,20.87,80.27
2024-09-29,DaShawn Keirsey Jr.,680577,544150,0,3,235.68,96.91
2024-04-12,Daulton Varsho,662139,663372,0,2,220.29,81.84
2024-05-23,J.T. Realmuto,592663,571760,0,3,233.58,92.23
2024-06-15,Chas McCormick,676801,669438,2,7,98.45,27.93
2024-03-31,Korey Lee,686676,656427,0,3,80.26,45.43
2024-07-22,Francisco Lindor,596019,630023,2,4,227.55,80.1
2024-08-08,Vladimir Guerrero Jr.,665489,665152,0,5,197.06,59.76
2024-06-21,Vladimir Guerrero Jr.,665489,471911,2,4,31.43,63.09
2024-04-21,Davis Schneider,676914,605397,2,2,67.61,52.07
2024-04-19,Bryan De La Cruz,650559,592791,1,4,95.41,48.6
2024-08-07,Derek Hill,656537,671096,1,1,168.77,37.65
2024-08-07,Kyle Schwarber,656941,675627,0,9,109.31,34.79
2024-05-04,Christopher Morel,666624,668964,0,3,86.99,39.54
2024-05-06,Corey Seager,608369,668674,2,8,157.46,31.23
2024-09-17,Jorge Soler,624585,686730,1,4,108.42,32.08
2024-09-01,Riley Greene,682985,677161,0,6,228.92,97.18
2024-07-31,Joey Bart,663698,664285,0,2,42.72,56.47
2024-07-24,Nathaniel Lowe,663993,694363,2,8,91.76,32
2024-09-05,Cal Raleigh,663728,683155,1,1,239.37,83.66
2024-08-24,Jake Cave,595909,543859,1,7,148.22,31.19
2024-04-01,Carson Kelly,608348,543859,2,10,19.7,79.59
2024-06-16,Shohei Ohtani,660271,663903,1,3,93.71,18.88
2024-04-24,Taylor Ward,621493,657097,1,6,157.37,45.92
2024-09-10,Max Muncy,571970,684007,0,5,197.65,52.43
2024-08-23,Pete Crow-Armstrong,691718,676974,0,3,196.28,79.05
2024-04-13,Jorge Soler,624585,606965,1,7,106.71,19.22
2024-08-08,Joey Bart,663698,673513,1,7,90.85,34.51
2024-04-05,Ernie Clement,676391,657571,0,7,36.76,59.89
2024-07-22,Paul DeJong,657557,489446,1,9,21.52,89.25
2024-08-01,Paul Goldschmidt,502671,684007,2,1,86.69,40.51
2024-04-29,Will Smith,669257,663531,2,6,125.73,57.39
2024-04-10,Triston Casas,671213,608344,2,5,37.7,92.59
2024-09-16,Jurickson Profar,595777,605463,0,8,216.67,65.15
2024-08-09,Jo Adell,666176,680730,2,2,59.74,37.27
2024-05-28,Nolan Arenado,571448,671096,1,4,32.39,71.19
2024-08-21,George Springer,543807,607259,0,1,51.94,74.17
2024-07-21,Jason Heyward,518792,445276,2,8,226.29,79.59
2024-08-16,Jake Burger,669394,640455,2,5,59.16,56.05
2024-06-05,Jorge Soler,624585,676714,1,8,21.22,59.99
2024-08-05,Ty France,664034,641312,1,5,150.96,33.67
2024-05-20,Jake McCarthy,664983,622694,1,8,224.9,69.69
2024-08-27,Jarren Duran,680776,684320,0,1,230.53,91.44
2024-09-28,Nick Yorke,694377,701542,1,9,12.03,82.88
2024-05-24,J.D. Martinez,502110,690986,2,5,59.83,40.4
2024-04-04,Nelson Velázquez,676369,647336,2,4,61.35,37.38
2024-04-24,Andy Pages,681624,663432,1,8,24.55,84.99
2024-08-12,Spencer Steer,668715,543243,1,5,74.18,39.14
2024-04-12,Max Muncy,571970,650633,0,2,226.34,98.61
2024-04-21,Jordan Westburg,676059,607625,0,3,85.59,28.35
2024-06-01,Pete Alonso,624413,676714,2,9,63.42,54.31
2024-04-15,Jorge Polanco,593871,593423,0,1,196.71,64.32
2024-06-13,Andrew Vaughn,683734,676106,2,3,148.16,38.13
2024-04-23,Anthony Rizzo,519203,621112,1,1,177.76,52.32
2024-08-08,Jake Bauers,641343,670161,0,5,218.36,64.58
2024-07-26,Jorge Polanco,593871,694363,1,4,58.01,42.48
2024-04-30,Riley Greene,682985,606149,0,7,212.7,68.64
2024-06-22,Francisco Alvarez,682626,592791,0,5,95.93,26.21
2024-07-09,Tyler Fitzgerald,666149,579328,0,8,36.84,83.65
2024-06-29,Nolan Jones,666134,686563,1,5,214.97,81.54
2024-07-29,Vladimir Guerrero Jr.,665489,669211,1,7,234.79,86.02
2024-04-17,Cal Raleigh,663728,671096,2,2,28.58,77.24
2024-04-12,Eugenio Suárez,553993,606149,2,5,227.71,100.27
2024-04-20,Josh Bell,605137,684007,1,6,111.2,36.09
2024-08-03,Hunter Goodman,696100,527048,1,3,81.36,43.05
2024-04-28,Anthony Volpe,683011,668964,2,5,170.03,43.48
2024-04-12,Gary Sánchez,596142,669330,1,2,,
2024-08-08,Jackson Chourio,694192,670161,2,5,213.75,71.45
2024-05-10,Ketel Marte,606466,608344,1,3,185.63,48.3
2024-07-11,Randy Arozarena,668227,641482,0,1,48.48,71.78
2024-03-28,Mookie Betts,605141,571945,0,3,30.62,64.08
2024-09-07,Andrés Chaparro,665953,621366,2,7,35.62,51.38
2024-09-22,Triston Casas,671213,687396,0,5,169.05,32.98
2024-07-21,Stuart Fairchild,656413,663623,0,5,35.62,75.52
2024-03-28,Edward Olivares,658668,677053,0,7,86.24,36.44
2024-04-21,Colton Cowser,681297,607625,0,3,175.97,31.98
2024-08-13,Jake Burger,669394,592836,0,3,59.54,48.72
2024-04-23,Jake Meyers,676694,696136,2,5,27.25,82.7
2024-09-10,Tommy Edman,669242,684007,0,2,20.09,99.28
2024-07-07,Michael Busch,683737,519043,2,7,221.75,85.43
2024-08-10,Bo Naylor,666310,680573,0,6,218.99,72.81
2024-07-11,Brandon Marsh,669016,689017,0,2,211.57,57.88
2024-08-21,Juan Soto,665742,676282,0,1,107.72,26.95
2024-05-06,Bryce Harper,547180,696131,0,5,66.1,56.85
2024-09-01,Ernie Clement,676391,641927,1,1,63.88,42.79
2024-05-30,Francisco Lindor,596019,676714,0,3,75.37,31.67
2024-09-22,Alex Bregman,608324,656288,1,5,177.64,51.87
2024-03-31,Nick Gordon,624503,670280,1,9,191.9,47.66
2024-08-28,Bo Naylor,666310,608379,0,7,196.54,62.86
2024-08-21,JJ Bleday,668709,686752,2,1,226.5,85.66
2024-09-19,Seiya Suzuki,673548,571578,1,3,87.13,48.16
2024-07-10,Mickey Moniak,666160,547179,1,2,195.76,58.57
2024-05-02,Jacob Stallings,607732,665795,2,2,56.3,48.35
2024-06-27,Trent Grisham,663757,621244,1,5,37.61,93.79
2024-04-14,Evan Carter,694497,664299,1,4,199.7,51.33
2024-07-06,Steven Kwan,680757,690986,1,2,141.79,34.7
2024-07-11,Danny Jansen,643376,663855,2,1,37.6,70.61
2024-04-28,Josh Rojas,668942,694297,0,1,227.01,99.24
2024-06-12,David Hamilton,666152,605513,0,6,195.98,53.19
2024-05-09,Michael Conforto,624424,615698,0,4,16.74,96.55
2024-09-06,Elly De La Cruz,682829,640455,0,4,101.66,33.82
2024-08-05,Jeff McNeil,643446,542888,2,6,230.67,98.2
2024-05-07,Rhys Hoskins,656555,607625,0,2,93.12,30.9
2024-09-10,Tommy Pham,502054,643410,0,7,58.24,77.52
2024-06-16,Trevor Larnach,663616,683155,0,2,230.78,85.67
2024-07-05,Parker Meadows,678009,686730,0,3,227.32,66.45
2024-09-15,Michael Busch,683737,656234,1,7,,
2024-07-11,Masataka Yoshida,807799,666205,0,6,183.45,50.7
2024-06-05,Luis Torrens,620443,571578,0,6,147.14,24.62
2024-09-08,CJ Abrams,682928,683003,0,1,169.47,36.46
2024-07-27,Yandy Díaz,650490,671096,0,5,191.76,58.36
2024-05-12,Mitch Garver,641598,666205,1,5,87.87,37.14
2024-10-05,Manny Machado,592518,808967,1,1,79.35,45.07
2024-08-03,Joey Bart,663698,656756,1,2,42.1,51.54
2024-07-14,Josh Smith,669701,669854,1,1,233.77,81.29
2024-09-07,Grant McCray,687529,673513,2,9,210.45,58.21
2024-09-25,Junior Caminero,691406,672456,0,3,75.65,35.61
2024-06-03,Austin Hays,669720,592332,0,7,179.92,44.37
2024-06-25,Mark Vientos,668901,543037,0,4,174.39,51.33
2024-07-24,Francisco Lindor,596019,543037,0,5,240.18,91.32
2024-05-20,Enrique Hernández,571771,677944,0,3,113.25,37.7
2024-05-19,Tyler O'Neill,641933,669461,2,1,73.83,28.79
2024-08-26,Parker Meadows,678009,694363,0,7,209.62,52.59
2024-08-09,Spencer Horwitz,687462,613534,1,8,237.38,77.74
2024-05-04,Nick Fortes,663743,621112,0,6,40.42,63.81
2024-04-30,Christian Walker,572233,689017,0,4,54.11,48.11
2024-08-04,David Peralta,444482,664875,0,6,194.28,55.2
2024-08-10,Steven Kwan,680757,680573,0,1,188.91,51.67
2024-04-26,Trent Grisham,663757,607067,2,4,238.58,63.41
2024-08-13,Spencer Horwitz,687462,608334,1,3,172.31,44.47
2024-07-03,Ryan O'Hearn,656811,669302,1,5,218.36,75.93
2024-09-11,Max Muncy,571970,696136,2,1,195.65,52.04
2024-09-15,Aaron Judge,592450,676710,0,3,141.4,19.2
2024-07-13,Jake Cave,595909,681035,0,3,25.06,101.56
2024-08-24,José Ramírez,608070,681982,0,6,208.49,72.26
2024-07-04,Lenyn Sosa,672820,680704,2,9,8.66,86.76
2024-06-06,Kyle Higashioka,543309,677944,0,5,18.48,90.11
2024-07-11,Dansby Swanson,621020,608344,0,6,148.94,28.68
2024-04-05,Marcus Semien,543760,656232,1,6,50.61,57.84
2024-04-17,Cedric Mullins,656775,643377,1,9,208.44,69.15
2024-04-29,Kyle Isbel,664728,670950,1,6,165.56,39.75
2024-05-07,Kevin Pillar,607680,682990,1,4,18.14,75.04
2024-09-19,Jake Burger,669394,656427,0,2,80.63,36.16
2024-08-09,Cedric Mullins,656775,663992,1,6,163.13,30.66
2024-05-28,Marcell Ozuna,542303,606930,0,7,58.9,45.51
2024-07-27,Cavan Biggio,624415,605463,1,8,193.85,64
2024-07-20,Tyler Fitzgerald,666149,607536,1,3,67.96,39.16
2024-04-12,Teoscar Hernández,606192,650633,2,3,220.54,82.35
2024-04-08,Elly De La Cruz,682829,663542,1,7,128.34,63.07
2024-07-20,Marcell Ozuna,542303,543243,2,4,29.53,55.96
2024-04-22,Zack Gelof,680869,624647,0,9,198.72,69.05
2024-06-12,Jackson Merrill,701538,663687,0,5,128.65,34.91
2024-06-19,Sean Murphy,669221,669438,0,5,49.18,45.3
2024-07-26,Adam Duvall,594807,673540,1,2,8.04,90.8
2024-07-27,Colt Keith,690993,595345,2,7,213.7,72.57
2024-08-31,Jonah Heim,641680,683155,2,2,222.11,77.85
2024-07-27,Willson Contreras,575929,663623,1,6,131.35,35.55
2024-04-13,Lourdes Gurriel Jr.,666971,502043,0,6,35.92,76.04
2024-09-15,Gleyber Torres,650402,676710,0,3,214.8,92.36
2024-09-15,Randy Arozarena,668227,642520,1,7,29.54,51.82
2024-08-09,Ryan Jeffers,680777,676282,2,4,34.87,86.19
2024-06-12,Ketel Marte,606466,519043,1,9,17.02,72.62
2024-06-12,Royce Lewis,668904,683409,2,6,40.21,49.52
2024-07-04,Jake Cave,595909,668964,1,6,122.61,25.03
2024-10-25,Freddie Freeman,518692,641482,2,10,224.63,57.87
2024-07-26,Taylor Ward,621493,621112,1,1,138.68,31.5
2024-04-26,Brandon Marsh,669016,605397,1,3,204.52,64.02
2024-06-01,Casey Schmitt,669477,547001,0,3,63.2,49.79
2024-05-21,Luke Raley,670042,677076,0,8,203.03,76.77
2024-08-24,Shohei Ohtani,660271,671737,1,5,229.2,90.92
2024-07-13,Jake Burger,669394,671096,2,3,29.74,68.65
2024-04-14,René Pinto,650907,678906,2,6,211.65,70.98
2024-06-11,Shohei Ohtani,660271,681982,1,6,174.39,30.4
2024-05-11,Randy Arozarena,668227,641482,0,3,182.78,54.07
2024-08-11,Alex Bregman,608324,657514,0,5,74.88,27.55
2024-07-23,Wenceel Pérez,672761,675540,1,4,205.6,62.29
2024-05-24,Gleyber Torres,650402,506433,0,4,105.67,34.2
2024-04-27,Jonathan India,663697,547179,0,7,222.04,99.34
2024-08-21,Riley Greene,682985,592791,2,2,199.08,48.77
2024-07-29,Romy Gonzalez,663853,642100,0,6,166.65,40.86
2024-09-11,Will Smith,669257,696136,2,1,47.51,55.05
2024-09-20,Shohei Ohtani,660271,607536,2,5,114.72,27.31
2024-05-10,Kyle Tucker,663656,663554,0,6,212.04,56.71
2024-04-20,Masataka Yoshida,807799,656605,1,6,184.77,50.38
2024-07-02,Daniel Schneemann,682177,623167,2,3,,
2024-08-14,Sean Murphy,669221,573124,0,8,39.36,58.58
2024-05-10,Jo Adell,666176,679525,0,5,98.32,24.4
2024-07-08,Paul Goldschmidt,502671,680730,0,4,44.55,51.49
2024-07-12,Harrison Bader,664056,685299,2,2,74.77,46.08
2024-09-22,Michael Busch,683737,663623,0,4,221.76,71.24
2024-09-01,Kyle Manzardo,700932,656605,0,6,183.54,41.77
2024-07-04,Joc Pederson,592626,689017,2,1,195.87,63.03
2024-05-08,Brett Harris,695391,547179,0,5,59.95,38.34
2024-05-02,Jon Singleton,572138,671106,2,6,212.75,89.53
2024-06-10,Corey Julks,667452,621199,0,8,30.74,89.31
2024-05-23,Jarred Kelenic,672284,669713,0,5,183.59,47.01
2024-09-06,Brayan Rocchio,677587,607455,1,8,26.91,77.33
2024-04-15,Jake Fraley,641584,642100,0,7,221.05,91.33
2024-05-04,Adley Rutschman,668939,671096,1,5,49.1,67.18
2024-05-19,Andrés Giménez,665926,663978,0,1,160.66,35.75
2024-08-23,Eugenio Suárez,553993,670174,1,7,49.1,91.25
2024-08-24,J.T. Realmuto,592663,663903,0,6,13.87,84.54
2024-05-12,Paul Goldschmidt,502671,669060,0,5,86.8,45.63
2024-04-19,MJ Melendez,669004,622253,2,7,190.08,39.43
2024-05-22,Adam Duvall,594807,657006,0,3,124.65,27.69
2024-06-28,Tyrone Taylor,621438,669854,1,4,181.14,50.92
2024-05-11,Elly De La Cruz,682829,696131,0,4,91.09,48.5
2024-04-08,Mike Trout,545361,621107,2,3,115.01,28.26
2024-06-22,Tyler Soderstrom,691016,641927,0,2,97.45,34.42
2024-05-24,David Fry,681807,660761,2,4,37.79,75.58
2024-07-04,Steven Kwan,680757,694363,0,3,203.85,69.58
2024-03-31,Maikel Garcia,672580,641927,0,2,57.82,41.78
2024-09-13,Rhys Hoskins,656555,593958,2,4,,
2024-04-01,Tyler Freeman,671289,676106,1,6,154.84,43.46
2024-06-16,Ernie Clement,676391,594902,1,2,57.37,55.81
2024-05-17,Jake Bauers,641343,686613,1,2,209.18,53.63
2024-07-02,Andrew McCutchen,457705,502043,2,5,145.94,35.8
2024-04-12,Tyler Stephenson,663886,623167,2,3,208.71,77.77
2024-06-28,Isiah Kiner-Falefa,643396,543859,2,6,60.06,58.41
2024-09-24,Ramón Urías,602104,641835,0,7,175.22,42.8
2024-06-19,Pete Alonso,624413,571760,1,6,146.03,27.08
2024-08-29,Pete Alonso,624413,669194,0,2,146.09,22.44
2024-05-28,Will Smith,669257,500779,1,1,42.43,73.57
2024-04-25,Nick Allen,669397,641482,1,3,29,89.63
2024-08-20,Jose Siri,642350,683155,2,8,100.34,32.86
2024-06-28,Jose Altuve,514888,500779,0,1,57.3,48.72
2024-06-18,J.P. Crawford,641487,663474,0,3,137.51,36.93
2024-08-11,Jesús Sánchez,660821,673513,0,7,219.47,69.76
2024-06-09,Gabriel Arias,672356,669432,2,2,181.44,45.48
2024-07-03,Matt Vierling,663837,681892,2,9,44.76,65.08
2024-07-05,Miguel Vargas,678246,650644,1,4,30.49,88.58
2024-07-27,Hunter Renfroe,592669,684007,2,2,46.45,50.22
2024-07-26,Jon Singleton,572138,694813,0,4,228.66,71.33
2024-04-30,Jon Singleton,572138,471911,0,4,218.5,50.27
2024-04-27,Matt Vierling,663837,608717,2,7,57.65,62.43
2024-08-10,Ramón Urías,602104,621363,0,8,80.47,36.67
2024-06-16,Carlos Santana,467793,669620,2,7,169.16,40.84
2024-09-24,Kyle Manzardo,700932,686730,1,1,217.85,82.42
2024-05-13,Xander Bogaerts,593428,641712,2,2,31.71,60.46
2024-05-16,Rafael Devers,646240,641793,0,2,35.7,95.08
2024-07-27,Shohei Ohtani,660271,669854,0,3,237.22,56.51
2024-07-20,Austin Riley,663586,543243,1,6,85.3,34.15
2024-09-25,Nick Castellanos,592206,665871,1,3,194.62,52.56
2024-05-16,Nick Gonzales,693304,657006,1,4,50.47,63.42
2024-05-19,Jose Altuve,514888,607067,0,1,53.2,70.19
2024-09-27,Griffin Conine,665052,687922,0,7,40.42,87.97
2024-05-22,Matt Olson,621566,621016,2,7,213.28,62.02
2024-06-21,J.D. Martinez,502110,684007,0,1,111.65,33.06
2024-06-27,Rafael Marchán,665561,669432,2,4,14.61,74.96
2024-09-21,Jordan Walker,691023,571510,1,4,24.21,87.89
2024-06-08,Teoscar Hernández,606192,641482,1,2,85.12,35.52
2024-07-13,Seiya Suzuki,673548,458681,2,1,137.55,24.15
2024-08-16,Bobby Witt Jr.,677951,607259,1,4,65.37,35.58
2024-06-24,Mitch Garver,641598,606965,0,7,50.12,64.38
2024-06-16,Daulton Varsho,662139,680704,0,5,187.22,50.02
2024-03-30,Jeimer Candelario,600869,571578,2,4,36.88,73.67
2024-06-25,Freddie Freeman,518692,623167,1,3,42.51,78.58
2024-09-06,Yordan Alvarez,670541,656756,1,6,163.57,32.99
2024-07-21,Freddie Freeman,518692,676710,2,1,187.25,41.39
2024-07-09,Jordan Westburg,676059,592791,0,2,72.36,38.49
2024-04-29,CJ Abrams,682928,669432,2,3,229.59,89.94
2024-08-29,Derek Hill,656537,687134,0,2,116.57,24.23
2024-05-19,Daniel Vogelbach,596129,650644,1,2,171.02,46.19
2024-06-14,Lane Thomas,657041,641312,0,3,12.94,93.68
2024-09-04,Luis Urías,649966,676083,0,7,19.01,76.96
2024-07-27,Cal Raleigh,663728,605121,0,5,193.34,38.47
2024-08-02,Teoscar Hernández,606192,683155,2,1,59.72,58.98
2024-04-19,Adley Rutschman,668939,519293,2,7,61.71,51.29
2024-05-17,Giancarlo Stanton,519317,621383,0,6,17.93,67.73
2024-08-16,Mookie Betts,605141,571945,0,6,42.15,61.85
2024-05-19,Eddie Rosario,592696,605400,1,4,228.22,99.05
2024-09-09,Bryan Ramos,682868,680704,0,8,39.49,64.16
2024-09-11,Francisco Lindor,596019,670102,0,9,228.91,73.94
2024-07-11,Tyler Stephenson,663886,596295,1,3,222.98,102.13
2024-09-17,Bryan De La Cruz,650559,458681,2,2,86.91,28.93
2024-06-23,Luke Raley,670042,667725,2,4,16.27,89.16
2024-06-08,Kevin Kiermaier,595281,665622,0,5,190.49,48.03
2024-09-24,Tyler Fitzgerald,666149,686796,0,5,27.52,66.3
2024-06-11,Austin Wells,669224,663903,1,4,107.94,31.16
2024-06-29,Heston Kjerstad,677008,547179,2,5,157.59,42.49
2024-04-12,Lars Nootbaar,663457,694297,1,3,210.17,42.21
2024-04-22,Paul Goldschmidt,502671,543518,0,7,174.22,30.64
2024-08-02,Casey Schmitt,669477,671096,2,2,45.39,48.89
2024-08-30,Kerry Carpenter,681481,657514,1,8,45.26,65
2024-08-09,Marcell Ozuna,542303,685299,2,1,91.38,20.76
2024-10-06,Mark Vientos,668901,621381,1,9,78.06,45.69
2024-09-21,Matt Chapman,656305,663903,0,4,119.64,28.91
2024-04-16,Kyle McCann,668832,458681,0,5,203.46,63.52
2024-08-04,Ketel Marte,606466,663765,1,9,150.75,33.86
2024-08-08,Nolan Schanuel,694384,641482,0,1,197.46,56.29
2024-09-02,Josh Naylor,647304,663460,0,6,153.08,31.05
2024-04-02,Michael Toglia,669911,621016,2,7,205.26,47.55
2024-04-19,Juan Soto,665742,606965,1,7,244.7,81.85
2024-09-27,Ernie Clement,676391,670124,0,4,27.01,77.73
2024-05-23,JJ Bleday,668709,571863,0,11,152.15,35.52
2024-05-31,Aaron Judge,592450,663855,0,6,137.31,26.87
2024-08-07,Jake Burger,669394,671096,1,1,149.72,39.39
2024-04-23,Gary Sánchez,596142,663559,0,8,26.41,54.08
2024-08-18,Keibert Ruiz,660688,592836,0,4,221.99,87.83
2024-05-29,Kyle Schwarber,656941,690986,0,1,57.58,60.78
2024-08-26,Dansby Swanson,621020,593334,2,6,37.9,59.97
2024-08-24,Bo Naylor,666310,681982,0,7,191.19,56.02
2024-09-25,Juan Soto,665742,621107,2,5,187.34,66.92
2024-03-31,Bobby Witt Jr.,677951,681892,1,3,109.58,24.08
2024-04-05,Jared Triolo,669707,680570,0,7,105.65,34
2024-05-31,Joc Pederson,592626,657585,2,9,234.8,71.91
2024-07-23,Gleyber Torres,650402,500779,1,2,195.06,68.41
2024-07-24,Matt Wallner,670242,605400,1,2,197.08,34.67
2024-07-08,Corey Seager,608369,669721,0,1,129.95,13.73
2024-04-13,Adley Rutschman,668939,669084,0,3,106.43,32.89
2024-04-17,Anthony Santander,623993,595345,1,7,80.43,42.68
2024-05-25,Bryce Harper,547180,595928,2,9,16.97,92.81
2024-08-25,Gleyber Torres,650402,656458,1,8,40.6,84.01
2024-03-30,Mark Canha,592192,647336,2,5,27.26,81.04
2024-04-30,Zach Neto,687263,605513,0,3,162.16,37.85
2024-08-28,Christian Bethancourt,542194,693312,0,7,80.21,30.56
2024-07-10,MJ Melendez,669004,700669,0,3,206.37,60.08
2024-07-02,Jack Suwinski,669261,502043,1,5,192.26,29.54
2024-09-04,Trent Grisham,663757,681982,2,9,236.05,93.31
2024-08-18,Josh Rojas,668942,663765,0,4,107.89,34.94
2024-09-03,Randal Grichuk,545341,690986,2,1,151.15,35.28
2024-07-06,Max Schuemann,680474,700249,0,2,25.19,76.71
2024-04-28,Francisco Lindor,596019,458681,0,6,78.31,49.78
2024-09-04,Tommy Pham,502054,594902,2,4,77.15,32.89
2024-04-30,Riley Greene,682985,502043,0,4,133.98,28.73
2024-07-06,CJ Abrams,682928,458681,0,1,146.64,32.23
2024-06-06,Teoscar Hernández,606192,663559,0,5,204.88,62.13
2024-05-09,Ryan Jeffers,680777,669302,1,2,66.9,51.49
2024-04-30,Connor Joe,656582,622072,2,1,43.14,65.92
2024-05-14,Ryan McMahon,641857,656302,0,4,189.26,53.9
2024-08-19,J.D. Martinez,502110,669432,1,1,182.47,50.36
2024-05-04,Brent Rooker,667670,669432,0,3,23.3,48.68
2024-07-10,Jonathan India,663697,607536,1,3,99.4,33.06
2024-08-03,Alec Burleson,676475,592791,1,1,214.55,78.21
2024-05-26,Matt Thaiss,642136,594902,2,5,196.58,58.75
2024-09-28,Niko Kavadas,694359,571760,1,3,87.07,38.77
2024-06-16,Christian Walker,572233,689672,1,1,62.49,35.53
2024-09-16,Freddie Freeman,518692,607481,2,7,29.41,96.44
2024-06-12,Davis Schneider,676914,668964,1,1,174.51,44.25
2024-04-19,Justin Turner,457759,663362,2,1,142.56,36.51
2024-07-21,Gavin Lux,666158,676710,0,4,67.58,57.38
2024-08-24,Michael Toglia,669911,643410,1,5,160.08,31.67
2024-06-28,Colton Cowser,681297,453286,1,4,196.2,49.26
2024-05-20,Freddie Freeman,518692,677944,0,3,147.49,32.68
2024-04-17,Paul DeJong,657557,663903,1,2,102.73,31.85
2024-09-10,Cedric Mullins,656775,676710,1,1,224.78,105.81
2024-06-28,Lourdes Gurriel Jr.,666971,676664,0,6,19.69,62.34
2024-08-14,Jonah Heim,641680,677161,0,10,184.35,55.43
2024-09-11,Nolan Schanuel,694384,805673,0,3,211.01,70.07
2024-06-08,Nick Senzel,669222,669276,0,6,69.14,45.19
2024-04-28,Kyle Tucker,663656,596295,2,1,204.42,40.99
2024-08-15,Jackson Chourio,694192,656427,0,1,91.01,32.27
2024-04-21,Eloy Jiménez,650391,605400,1,1,82.97,34.06
2024-05-05,Sean Bouchard,656248,663559,1,2,16.25,78.36
2024-05-07,Marcus Semien,543760,548389,0,1,97.68,39.23
2024-08-30,Jarren Duran,680776,663947,1,10,197.26,39.23
2024-05-18,Juan Soto,665742,641745,1,1,197.02,45.6
2024-08-03,Josh Lowe,666139,669854,2,5,205.67,70.65
2024-05-21,Jose Miranda,669304,571578,2,3,36.77,57.92
2024-04-10,Cal Raleigh,663728,641835,0,10,190.13,61.18
2024-09-27,Mitch Garver,641598,676664,0,2,106.64,30.69
2024-05-19,Jack Suwinski,669261,592791,1,2,225.1,88.71
2024-08-31,Griffin Conine,665052,696131,2,2,,
2024-06-11,Nolan Gorman,669357,670280,0,9,180.97,42.03
2024-09-18,Randal Grichuk,545341,596295,1,2,98.68,25.42
2024-06-18,Luke Raley,670042,605130,1,5,45.26,72.32
2024-04-21,Adolis García,666969,554431,0,8,214.1,82.22
2024-04-07,Francisco Lindor,596019,671096,2,4,40.28,77.08
2024-05-26,Isiah Kiner-Falefa,643396,663947,2,7,54.38,66.23
2024-04-03,Kyle Schwarber,656941,593423,0,6,231.14,97.13
2024-04-02,Seiya Suzuki,673548,607536,0,1,114.47,32
2024-07-24,Pete Alonso,624413,543037,0,4,58.28,52.18
2024-06-16,JJ Bleday,668709,663978,0,3,200,64.24
2024-09-22,Gio Urshela,570482,675540,1,6,53.59,59.1
2024-07-28,Lourdes Gurriel Jr.,666971,670059,2,10,14.04,83.78
2024-04-12,Marcell Ozuna,542303,542882,0,9,108.91,18.93
2024-04-19,Richie Palacios,680700,657376,0,6,177.82,48.24
2024-08-03,Brooks Baldwin,681460,641927,0,6,175.51,41.15
2024-04-05,Reese McGuire,624512,656288,1,2,191.6,54.44
2024-05-22,Cal Raleigh,663728,596133,1,8,215,82.56
2024-07-28,Pete Alonso,624413,623474,2,8,101.15,22.39
2024-03-31,Trey Lipscomb,702358,571656,0,7,167.36,49.61
2024-04-28,Jazz Chisholm Jr.,665862,571578,0,1,65.98,51.72
2024-06-07,Jose Siri,642350,608344,1,2,78,44.52
2024-09-26,Hunter Renfroe,592669,571578,2,2,,
2024-06-18,Luis Campusano,669134,605400,0,6,130.27,34.14
2024-08-18,Rob Refsnyder,608701,622554,1,9,23.67,94.39
2024-08-11,JJ Bleday,668709,605135,0,1,191.49,59.96
2024-07-19,Zach Neto,687263,676664,2,4,8.25,87.93
2024-09-07,Andy Pages,681624,658648,2,1,100.73,25.91
2024-04-15,Michael Busch,683737,518876,0,2,167.94,34.73
2024-08-22,Aaron Judge,592450,668909,1,4,231.43,97.28
2024-08-23,Giancarlo Stanton,519317,607536,2,4,187.73,56.48
2024-05-25,Fernando Tatis Jr.,665487,596133,1,8,118.7,35.1
2024-04-30,DJ Stewart,621466,640470,2,6,230.93,80.84
2024-05-14,Corey Seager,608369,594902,1,3,229.17,94.17
2024-04-01,Spencer Steer,668715,641401,0,10,71,54.14
2024-06-30,Alec Bohm,664761,630023,1,1,84.03,31.31
2024-08-30,William Contreras,661388,607259,0,4,169.96,40.28
2024-06-20,Carlos Santana,467793,606965,0,9,233.31,84.41
2024-04-13,Oneil Cruz,665833,605513,0,5,30.08,83.92
2024-03-29,Miguel Rojas,500743,606149,1,7,23.37,89.4
2024-08-01,Masyn Winn,691026,684007,1,7,47.8,76
2024-09-14,Michael Toglia,669911,592791,0,7,76.02,34.46
2024-07-12,Alex Bregman,608324,571760,1,5,68.6,56.7
2024-09-01,Giancarlo Stanton,519317,571945,1,2,17.29,84.84
2024-06-17,Alec Bohm,664761,681190,0,5,51.74,75.18
2024-08-24,Vladimir Guerrero Jr.,665489,682989,0,8,110.06,32.5
2024-08-13,MJ Melendez,669004,805673,1,2,213.16,59.7
2024-04-26,Willson Contreras,575929,676130,0,3,55.31,32.51
2024-05-26,Spencer Torkelson,679529,579328,1,3,31.79,64.11
2024-08-04,Matt Chapman,656305,686730,1,4,131.81,28.55
2024-07-10,Marcell Ozuna,542303,657044,1,8,155.9,22.67
2024-03-30,Luke Maile,571912,571578,1,5,175.81,56.5
2024-08-25,Rafael Devers,646240,518876,0,4,133.23,37.84
2024-07-19,Jake Burger,669394,640455,0,5,93.93,33.92
2024-06-11,Kyle Schwarber,656941,676710,0,1,192.57,51.2
2024-05-30,Ryan Jeffers,680777,663738,2,5,87.03,39.46
2024-04-09,Eguy Rosario,666703,592767,0,6,24.57,74.59
2024-09-25,Jonatan Clase,682729,670174,1,7,198.11,60.57
2024-08-10,Jazz Chisholm Jr.,665862,681982,2,8,159.45,34.1
2024-06-17,Hunter Goodman,696100,656420,2,9,45.36,61.93
2024-07-10,Rob Refsnyder,608701,676664,0,6,23.55,75.49
2024-08-03,Tyler Stephenson,663886,690986,1,2,154.48,37.54
2024-07-11,Carson Kelly,608348,675921,0,3,33.59,73.42
2024-08-01,Seiya Suzuki,673548,543243,1,6,99.12,14.48
2024-08-08,Jazz Chisholm Jr.,665862,542881,2,2,190.86,53.24
2024-04-26,Max Muncy,571970,605135,0,3,213.14,79.14
2024-06-15,Heliot Ramos,671218,663776,0,1,47.58,44.11
2024-08-30,Nathaniel Lowe,663993,676664,0,2,65.72,45.97
2024-06-18,Christian Bethancourt,542194,458681,1,6,37.31,68.99
2024-04-19,Abraham Toro,647351,663474,0,1,228.83,69.6
2024-09-05,Edouard Julien,666397,671737,0,2,213.92,66.54
2024-09-02,Giancarlo Stanton,519317,502624,0,8,114.43,30.41
2024-06-11,Freddie Freeman,518692,681982,1,6,78.21,52.02
2024-05-30,MJ Melendez,669004,663978,2,4,238.01,71.71
2024-08-31,Junior Caminero,691406,681190,2,2,88.86,29.2
2024-09-16,Brent Rooker,667670,684007,0,3,195.99,68.51
2024-04-06,MJ Melendez,669004,623167,0,7,114.11,31.32
2024-08-30,David Peralta,444482,541640,2,4,235.56,76.42
2024-05-13,Jake Bauers,641343,676596,0,8,204.34,57.93
2024-05-08,Marcus Semien,543760,676664,0,3,11.57,76.2
2024-08-09,Darell Hernaiz,687231,621244,0,3,58.51,55.9
2024-04-30,Wenceel Pérez,672761,571927,0,2,186.68,58.7
2024-04-04,Edouard Julien,666397,676440,0,5,47.64,72.46
2024-06-25,Mark Vientos,668901,543037,0,2,69.08,55.26
2024-09-08,Andrew McCutchen,457705,571578,0,3,24.67,73.16
2024-07-02,Andrew Vaughn,683734,471911,2,1,81.64,35.86
2024-06-05,Corey Julks,667452,592791,0,1,37.91,58.67
2024-04-30,Estevan Florial,664314,606160,2,6,207.88,71.89
2024-06-06,José Ramírez,608070,663903,0,3,239.27,69.25
2024-09-17,Lawrence Butler,671732,696136,0,3,193.06,66.29
2024-05-19,Spencer Torkelson,679529,656756,0,3,90.42,29.14
2024-09-17,Ezequiel Tovar,678662,656756,0,3,186.32,46.09
2024-08-26,MJ Melendez,669004,669212,0,4,219.93,97.53
2024-08-02,Anthony Volpe,683011,592332,0,5,169.91,41.96
2024-03-30,Anthony Volpe,683011,519151,2,8,63.31,60.92
2024-04-04,Jake Burger,669394,458681,1,5,27.84,70.54
2024-04-27,Ty France,664034,686826,0,7,75.36,40.98
2024-07-19,Wenceel Pérez,672761,605135,2,7,198.67,66.27
2024-04-08,Yordan Alvarez,670541,571760,2,2,216.68,48.76
2024-06-18,Santiago Espinal,669289,663559,1,5,34.14,77.21
2024-07-13,Josh Bell,605137,671096,2,3,215.08,81.78
2024-05-01,Alex Kirilloff,666135,623167,2,5,46.02,80.01
2024-08-05,Ketel Marte,606466,671106,0,1,72.44,49.84
2024-06-21,Jeimer Candelario,600869,676710,2,1,210.36,73.39
2024-08-07,Vinnie Pasquantino,686469,657514,2,4,220.4,71.93
2024-05-06,Nick Gordon,624503,621111,0,2,210.83,68.95
2024-06-20,Gleyber Torres,650402,608344,2,2,191.54,68.29
2024-04-29,Tyler Nevin,663527,663559,1,1,99.7,37.62
2024-05-07,Mitch Haniger,571745,641927,0,2,50.16,56.71
2024-08-30,Jonathan India,663697,607067,0,5,3.76,88.93
2024-08-06,Andrew Benintendi,643217,548389,2,4,229.14,91.3
2024-07-26,Jorge Soler,624585,607536,0,1,51.32,46.46
2024-04-15,Cedric Mullins,656775,686973,1,5,228.2,103.19
2024-08-16,Aaron Judge,592450,676428,1,8,118.18,24.82
2024-08-12,Alex Bregman,608324,671737,1,1,22.32,98.07
2024-07-03,Rafael Marchán,665561,684007,1,3,75.56,39.14
2024-06-22,Manuel Margot,622534,676664,0,2,73.09,37.6
2024-09-15,Gavin Sheets,657757,676664,2,1,190.28,50.82
2024-06-21,Ezequiel Tovar,678662,687792,1,3,74.77,35.05
2024-08-02,Mitch Haniger,571745,621237,2,7,53.31,49.58
2024-08-29,Randal Grichuk,545341,656849,2,3,186.55,54.53
2024-05-22,Kyren Paris,677347,686613,1,5,59.75,56.27
2024-07-09,Bryan Reynolds,668804,607067,2,3,83.75,36.96
2024-04-25,Ty France,664034,571760,2,1,230.33,80.36
2024-06-02,Freddie Freeman,518692,596295,1,1,112.22,39.56
2024-06-07,Bryan De La Cruz,650559,671106,2,3,168.25,28.94
2024-08-24,Harrison Bader,664056,670810,1,8,44.47,60.88
2024-05-24,Corey Seager,608369,641927,0,1,137.47,30.63
2024-09-21,LaMonte Wade Jr.,664774,663903,2,1,231.3,71.83
2024-08-01,José Ramírez,608070,544150,0,7,211.96,74.52
2024-08-21,Austin Slater,596103,640455,2,6,217.74,84.8
2024-10-18,Andy Pages,681624,657585,2,5,57.43,59.91
2024-04-14,Christian Encarnacion-Strand,687952,647336,0,3,84.39,44.16
2024-08-07,Mike Yastrzemski,573262,663623,1,4,192.95,41.34
2024-08-24,Matt Vierling,663837,681066,0,3,51.71,57.53
2024-09-08,Wilyer Abreu,677800,623167,2,6,176.33,33.41
2024-06-10,Jake Cronenworth,630105,683155,2,3,193.52,41.58
2024-04-29,Elly De La Cruz,682829,663362,1,1,94.53,22.22
2024-07-31,Jake Burger,669394,671737,1,3,48,45.9
2024-06-16,Carlos Correa,621043,676664,0,1,69.17,50.67
2024-07-05,Jurickson Profar,595777,623149,0,9,191.4,56.73
2024-04-01,Dominic Canzone,686527,663474,1,2,92.67,36.18
2024-04-23,Cal Raleigh,663728,641540,1,1,216.59,68.15
2024-04-06,Giancarlo Stanton,519317,592332,2,1,197.99,77.75
2024-06-23,Brandon Nimmo,607043,665871,1,3,62.43,59.55
2024-07-30,Ezequiel Tovar,678662,650671,2,7,67.01,38.34
2024-04-26,Kevin Newman,621028,676106,0,6,50.82,56.28
2024-10-20,Tommy Edman,669242,640455,0,3,73.3,43.22
2024-04-15,Michael Toglia,669911,605400,1,5,204.89,62.47
2024-06-25,Gunnar Henderson,683002,671106,2,1,160.35,41.6
2024-04-14,Jose Trevino,624431,671106,2,4,88.26,39.09
2024-08-04,Royce Lewis,668904,623167,1,2,223.72,97.75
2024-05-04,Riley Greene,682985,657376,0,1,205.09,76.52
2024-06-15,Jackson Merrill,701538,500779,1,5,164.38,37.18
2024-07-06,Wenceel Pérez,672761,518585,1,8,199.37,49.37
2024-04-13,Daulton Varsho,662139,641712,2,1,194.96,56.86
2024-06-29,Brendan Rodgers,663898,686563,1,2,37.18,79.04
2024-07-28,Kyle Schwarber,656941,676282,0,1,77.31,45.58
2024-08-21,Luis García Jr.,671277,685299,1,3,147.65,30.79
2024-08-11,Aaron Judge,592450,605177,0,7,173.77,55.93
2024-07-08,Sean Murphy,669221,623149,2,9,176.44,31.89
2024-05-09,Jeimer Candelario,600869,677944,2,5,68.6,54.6
2024-08-17,Ramón Laureano,657656,657508,2,5,158.04,29.38
2024-04-25,Luis Urías,649966,571760,1,5,43.34,60.11
2024-04-23,Cody Bellinger,641355,641585,1,1,220.38,52.48
2024-07-05,Randal Grichuk,545341,663158,2,9,21.46,85.87
2024-09-21,Kyle Schwarber,656941,640455,0,1,65.53,46.11
2024-04-17,Ketel Marte,606466,696136,0,1,18.6,67.42
2024-05-05,Eloy Jiménez,650391,606149,0,7,155.11,35.27
2024-09-28,Ezequiel Tovar,678662,808967,2,3,64.42,36.01
2024-05-26,Kyle Tucker,663656,605156,2,4,207.96,57.5
2024-05-22,Pete Alonso,624413,663474,1,1,187.55,58.17
2024-10-02,Jackson Chourio,694192,664208,0,8,196.37,53.8
2024-07-19,Bobby Witt Jr.,677951,623167,1,1,15.68,79.83
2024-08-12,Leo Jiménez,677870,669721,2,3,100.87,40.02
2024-09-15,Mitch Garver,641598,571760,2,1,86.41,38.96
2024-07-08,Rece Hinds,677956,641755,0,8,48.11,33.78
2024-09-12,Jackson Chourio,694192,702352,1,8,216.6,78.15
2024-08-27,Corbin Carroll,682998,640455,2,7,168.71,26.93
2024-04-30,Alec Burleson,676475,663947,2,5,56.08,64.82
2024-05-18,Seth Brown,664913,607625,1,2,118.35,18.77
2024-07-04,Paul DeJong,657557,594902,2,6,155.34,42.99
2024-04-07,Reese McGuire,624512,660761,2,6,211,72.38
2024-05-04,Bryan De La Cruz,650559,666204,2,8,170.81,49.69
2024-04-28,Adley Rutschman,668939,621112,1,3,85.75,48.07
2024-07-06,Ben Rice,700250,670174,0,1,240.02,88.23
2024-09-15,Taylor Ward,621493,672391,1,8,64.19,40.24
2024-05-29,Tomás Nido,621512,622694,0,5,83.63,42.85
2024-05-15,Mike Yastrzemski,573262,622694,1,3,220.52,95.52
2024-08-23,Aaron Judge,592450,607536,0,6,48.81,62.12
2024-09-20,J.T. Realmuto,592663,664849,2,8,56.86,41.77
2024-08-02,Ketel Marte,606466,642701,0,9,232.45,76.45
2024-04-05,Matt Vierling,663837,676664,0,4,40.18,82.04
2024-07-29,Rhys Hoskins,656555,656550,1,5,68.73,57.68
2024-04-06,Joey Gallo,608336,624133,2,3,177.57,38.94
2024-09-17,Michael Harris II,671739,682227,0,1,163.78,31.79
2024-07-21,Willson Contreras,575929,445926,1,8,232.49,95.92
2024-07-22,Justyn-Henry Malloy,669234,471911,1,1,38.69,66.22
2024-04-25,Edouard Julien,666397,647336,0,6,172.1,38.79
2024-04-28,J.T. Realmuto,592663,650633,0,6,60.32,41.48
2024-08-25,David Fry,681807,670036,2,8,54.87,58.59
2024-09-14,Juan Yepez,660766,666277,0,8,61.01,58.56
2024-05-11,Andrew McCutchen,457705,663992,0,6,90.35,31.55
2024-06-04,Hunter Renfroe,592669,663474,0,3,198.92,60.83
2024-09-15,Bryan Ramos,682868,676664,2,6,84.59,46.34
2024-05-21,Byron Buxton,621439,571578,2,5,152.47,29.54
2024-08-24,Miguel Rojas,500743,669270,1,7,16.33,97.1
2024-05-07,Ketel Marte,606466,458677,1,7,92.81,36.66
2024-07-19,Weston Wilson,642215,527048,2,3,48.29,64.11
2024-08-09,Jonah Bride,681146,527048,0,4,32.99,68.44
2024-07-11,Santiago Espinal,669289,596295,1,4,66.29,39.65
2024-03-31,Jazz Chisholm Jr.,665862,663559,0,1,193.03,40.65
2024-04-27,Adley Rutschman,668939,676664,2,5,49.66,48.58
2024-07-14,Elly De La Cruz,682829,669432,1,6,166.05,44.77
2024-08-03,Zach Neto,687263,623211,2,7,35.11,68.96
2024-06-09,Teoscar Hernández,606192,661563,2,6,65.31,42.54
2024-09-14,Davis Schneider,676914,502043,1,3,184.59,57.45
2024-08-14,Wyatt Langford,694671,670174,2,9,67.84,52.57
2024-04-28,Ramón Urías,602104,621112,1,4,174.54,47.44
2024-06-08,Ryan O'Hearn,656811,671737,0,4,205.62,76.46
2024-07-04,Ben Rice,700250,593423,2,5,213.98,59.15
2024-06-04,Bobby Witt Jr.,677951,663474,2,4,93.27,34.51
2024-04-28,Luis Campusano,669134,592836,1,7,56.44,54
2024-09-07,Taylor Walls,670764,621107,0,3,198.21,59.23
2024-06-21,Shohei Ohtani,660271,519043,2,5,169.14,35.07
2024-09-25,Kody Clemens,665019,665871,1,4,133.66,34.27
2024-07-09,Francisco Lindor,596019,663623,2,6,200,56.29
2024-05-23,Anthony Santander,623993,605182,0,4,201.85,69.64
2024-08-18,Adley Rutschman,668939,676710,0,5,175.18,40.89
2024-08-07,Andrew McCutchen,457705,650633,2,4,9.86,80.58
2024-05-13,Jackson Merrill,701538,656234,0,7,235.8,80.26
2024-09-15,Riley Greene,682985,700249,2,3,210.66,67.48
2024-09-15,Davis Schneider,676914,571945,0,5,91.71,36.16
2024-06-13,Brendan Donovan,680977,656605,0,6,226.41,85.84
2024-09-18,Josh Naylor,647304,641927,0,2,203.23,35.55
2024-06-28,Tyler Soderstrom,691016,657044,0,8,40.41,67.74
2024-06-09,Jazz Chisholm Jr.,665862,471911,0,4,151.48,22.45
2024-05-12,Gleyber Torres,650402,542888,1,8,52.45,56.72
2024-04-04,Jake Burger,669394,458681,0,4,59.18,49.86
2024-07-26,Dylan Moore,664238,689672,2,1,72.52,49.76
2024-08-09,Carlos Santana,467793,676282,0,2,34.84,58.04
2024-05-31,Brandon Crawford,543063,605400,0,3,176.79,41
2024-09-29,Ketel Marte,606466,527048,2,4,36.81,42.18
2024-05-20,Lourdes Gurriel Jr.,666971,622694,1,8,20.82,85.04
2024-05-19,Jesse Winker,608385,605400,1,5,178.59,43.18
2024-06-23,Riley Greene,682985,694363,0,2,57.07,67.37
2024-04-25,José Ramírez,608070,502624,2,2,225.89,79.12
2024-05-09,Jon Singleton,572138,573186,2,1,245.35,63.85
2024-08-07,Oswaldo Cabrera,665828,669721,1,2,208.37,78.61
2024-08-08,TJ Friedl,670770,667725,2,1,203.92,66.59
2024-09-07,Jonah Bride,681146,605400,0,5,22.78,91.14
2024-08-23,Luis Arraez,650333,621112,0,1,175.46,44.33
2024-09-22,Jasson Domínguez,691176,683155,1,2,210.68,61.83
2024-09-14,Cody Bellinger,641355,607536,0,4,213.41,63.39
2024-08-07,Ezequiel Tovar,678662,621112,1,1,156.94,26.05
2024-05-01,Kyle Tucker,663656,663474,0,7,195.68,42.4
2024-04-07,Nolan Gorman,669357,542882,1,9,108.26,30.03
2024-06-02,Casey Schmitt,669477,641482,1,4,15.58,85.3
2024-10-18,Andy Pages,681624,656849,2,4,65.35,40.63
2024-09-01,Willy Adames,642715,682227,0,4,148.49,38.98
2024-09-13,Hunter Goodman,696100,665871,2,2,28.22,53.81
2024-07-30,Eugenio Suárez,553993,571578,2,1,32.77,71.11
2024-05-24,Jared Triolo,669707,670241,1,5,78.12,33.9
2024-09-20,Alex Bregman,608324,542881,1,3,109.65,29.4
2024-07-10,Sam Hilliard,656541,593423,0,3,214.48,84.81
2024-04-30,Andrew Benintendi,643217,663485,0,8,210.62,68.37
2024-09-24,Jonah Bride,681146,641927,1,2,28.49,64.28
2024-04-24,Tyler Fitzgerald,666149,657585,0,7,53.31,62.8
2024-07-25,Daz Cameron,663662,670046,1,4,170.86,51.42
2024-09-07,Connor Norby,681393,605400,0,1,166.24,27.34
2024-07-30,Ramón Urías,602104,605135,0,3,203.08,65.29
2024-05-09,Max Kepler,596146,668338,0,7,178.1,41.01
2024-05-16,Pete Alonso,624413,592836,1,1,78.66,27.21
2024-06-29,Paul Goldschmidt,502671,686730,2,6,115.4,34.91
2024-06-02,Trevor Larnach,663616,686613,0,1,173.09,38.41
2024-07-09,Josh Naylor,647304,628317,1,1,55.08,67.79
2024-08-22,Miguel Amaya,665804,628317,2,2,22.15,74
2024-07-05,Kyle Higashioka,543309,682175,1,6,58.6,59.37
2024-08-28,Victor Robles,645302,641302,2,5,48.44,63.55
2024-07-06,Keibert Ruiz,660688,458681,1,1,187.06,47.62
2024-05-19,Ryan McMahon,641857,663855,2,1,57.06,62.9
2024-04-01,Fernando Tatis Jr.,665487,502043,1,6,57.58,32.66
2024-08-11,Carson Kelly,608348,643410,2,8,32.35,72.24
2024-05-22,Wilyer Abreu,677800,687330,1,6,168,36.44
2024-08-11,Juan Soto,665742,571760,2,3,202.7,49.76
2024-08-17,Ian Happ,664023,605135,0,1,163.18,36.06
2024-05-07,Josh Naylor,647304,628317,2,2,230.23,87.84
2024-07-29,Corbin Carroll,682998,640448,1,9,198.45,55.36
2024-05-30,J.D. Martinez,502110,657044,1,8,121.29,25.02
2024-08-24,Francisco Lindor,596019,673513,0,7,45.43,80.85
2024-06-25,Colton Cowser,681297,671106,0,4,168.91,26.4
2024-05-08,Mitch Garver,641598,663978,1,4,206.56,76.39
2024-08-27,Jake Rogers,668670,456501,2,5,128.37,28.18
2024-04-07,Willy Adames,642715,676106,1,4,21.48,93.79
2024-05-29,Nelson Velázquez,676369,641927,2,5,45.75,60.97
2024-04-14,Gabriel Arias,672356,641482,0,5,167.7,32.35
2024-03-30,Marcell Ozuna,542303,622554,2,6,66.97,58.52
2024-03-31,Paul DeJong,657557,605177,1,7,207.02,80.19
2024-09-20,Tyler Stephenson,663886,656605,2,1,160.6,36.77
2024-06-07,Kevin Pillar,607680,664285,0,2,18.65,70.55
2024-04-22,Edouard Julien,666397,623167,0,7,225.15,83.02
2024-08-30,Willy Adames,642715,607259,0,2,28.57,72.92
2024-05-29,Salvador Perez,521692,641927,1,5,90.84,27.77
2024-06-26,Shohei Ohtani,660271,607200,0,1,177.22,29.32
2024-08-04,LaMonte Wade Jr.,664774,686730,0,6,201.99,72.62
2024-06-23,Spencer Horwitz,687462,670766,0,5,139.14,32.67
2024-07-13,Masyn Winn,691026,665871,0,1,37.21,61.12
2024-08-11,Jorge Soler,624585,642028,2,8,108.43,17.8
2024-04-17,Gavin Sheets,657757,608379,0,6,236.37,99.64
2024-09-19,Nick Fortes,663743,656657,1,9,34.57,82.47
2024-07-12,Jake Meyers,676694,571760,1,4,67.9,55.79
2024-09-27,Carson Kelly,608348,672282,0,4,68.81,42.12
2024-09-13,Alex Bregman,608324,691951,0,3,23.61,84.06
2024-08-25,Triston Casas,671213,518876,2,1,182.59,38.51
2024-08-13,Travis d'Arnaud,518595,690986,2,3,21.24,84.9
2024-05-17,Alex Kirilloff,666135,663474,0,3,200.84,54.37
2024-05-07,Bryan De La Cruz,650559,808967,1,6,37.8,70.8
2024-07-24,Jurickson Profar,595777,680730,2,2,111.59,28.77
2024-08-10,Jackson Holliday,702616,641302,0,2,190.81,46.83
2024-08-10,Yordan Alvarez,670541,670174,2,1,177.37,40.72
2024-06-11,Jason Heyward,518792,681982,2,6,227.26,64
2024-08-01,Anthony Santander,623993,594902,1,4,,
2024-08-30,Dylan Crews,686611,684007,0,3,51.37,52.93
2024-06-09,David Hamilton,666152,623167,0,5,205.29,76.09
2024-07-13,Miguel Amaya,665804,502043,2,2,82.76,41.28
2024-09-27,Gary Sánchez,596142,622065,0,8,26.99,56.92
2024-09-07,Otto Lopez,672640,592836,1,7,128.72,26.14
2024-08-20,Dansby Swanson,621020,676614,2,6,53.99,59.75
2024-04-09,Evan Carter,694497,687765,0,7,171.81,45.33
2024-04-26,Martín Maldonado,455117,621107,1,6,30.94,66.41
2024-04-10,Josh Naylor,647304,607200,1,4,156.61,26.8
2024-07-11,J.P. Crawford,641487,670046,1,4,211.99,74.74
2024-09-27,Mark Vientos,668901,593423,2,3,113.31,31.96
2024-07-21,Eugenio Suárez,553993,684007,1,7,29.02,59.62
2024-06-04,Ozzie Albies,645277,676710,1,6,169.66,42.91
2024-10-17,Shohei Ohtani,660271,500779,0,1,193.38,41.8
2024-08-23,Hunter Renfroe,592669,592836,1,3,42.71,54.05
2024-09-10,Joc Pederson,592626,543135,2,1,184.23,25.96
2024-06-28,Luis Rengifo,650859,628317,0,1,95.61,41.07
2024-05-28,Will Benson,666181,502043,0,6,217.96,85.58
2024-04-07,Jazz Chisholm Jr.,665862,502043,1,1,186.1,43.09
2024-07-31,Logan O'Hoppe,681351,607536,1,5,196.6,65.22
2024-08-12,Royce Lewis,668904,663903,2,2,36.18,69.16
2024-05-15,Marcus Semien,543760,471911,2,5,34.76,75.84
2024-05-22,Andrés Giménez,665926,500779,2,6,147.81,33.9
2024-06-11,Ryan McMahon,641857,663485,2,8,234.27,55.41
2024-04-01,Austin Riley,663586,608678,2,8,174.45,50.38
2024-08-26,Randy Arozarena,668227,686752,2,3,208.49,71.08
2024-06-20,Anthony Santander,623993,657612,2,5,196.47,66.43
2024-08-09,Enrique Hernández,571771,593334,2,5,53.88,67.3
2024-04-23,Wilyer Abreu,677800,594902,1,7,230.04,85.53
2024-06-21,Jeimer Candelario,600869,676710,0,3,228.56,67.15
2024-03-31,Thairo Estrada,642731,650633,0,4,61.39,46.49
2024-04-11,Colton Cowser,681297,663462,2,10,208.14,40.86
2024-04-26,Kyle Schwarber,656941,605397,0,1,201.83,65.56
2024-07-07,Ceddanne Rafaela,678882,596133,2,8,26.55,64.05
2024-03-29,J.D. Davis,605204,671106,0,4,159.72,36.59
2024-05-10,Francisco Lindor,596019,450203,0,7,216.66,68.85
2024-05-04,Wilmer Flores,527038,624133,2,5,60.31,60.45
2024-08-03,Rhys Hoskins,656555,571882,0,7,77.15,50.98
2024-08-09,Freddie Freeman,518692,656605,2,1,232.48,77.44
2024-04-21,Ernie Clement,676391,605397,0,3,21.96,88.9
2024-04-10,Jo Adell,666176,687330,0,6,184.97,54.45
2024-04-17,Parker Meadows,678009,643493,0,7,193.52,50.39
2024-07-14,Kevin Kiermaier,595281,668678,0,4,202.15,58.29
2024-08-11,Juan Soto,665742,605177,0,7,209.46,56.73
2024-08-26,Jacob Young,696285,643410,0,8,61.32,50.4
2024-06-12,Harrison Bader,664056,666129,0,1,71.57,50.19
2024-05-24,Luis Rengifo,650859,671106,1,1,65.08,42.95
2024-06-16,Colton Cowser,681297,554430,1,2,142.14,20.31
2024-08-09,Andrew Vaughn,683734,592791,0,4,126.01,31.81
2024-08-18,Dairon Blanco,680118,671096,0,5,144.92,33.02
2024-06-02,Lourdes Gurriel Jr.,666971,500779,1,1,33.47,63.94
2024-04-24,Mike Trout,545361,665152,1,6,3.06,80.99
2024-07-31,Christopher Morel,666624,682610,2,1,12.39,94.1
2024-04-08,Iván Herrera,671056,622554,0,7,53.95,64.95
2024-04-23,Riley Greene,682985,686752,2,3,140.67,27.32
2024-05-26,Colton Cowser,681297,647336,0,8,45.54,70.49
2024-09-07,Andrew Benintendi,643217,663767,1,7,179.28,46.45
2024-05-07,Tyler Stephenson,663886,623149,1,9,97.2,40.28
2024-07-03,Mark Vientos,668901,680730,2,4,127.79,23.02
2024-09-19,Blake Dunn,694362,519242,0,5,123.75,28.19
2024-06-29,Michael Busch,683737,668964,0,1,124.14,32.05
2024-03-31,Christian Encarnacion-Strand,687952,640448,2,9,16.33,85.61
2024-08-30,Austin Wells,669224,676617,2,8,182.48,41.59
2024-07-03,Christian Yelich,592885,641712,2,1,217.02,70.01
2024-09-10,Orlando Arcia,606115,606930,1,5,164.31,44.7
2024-07-25,Anthony Santander,623993,682610,2,1,238.06,72.3
2024-05-29,Logan O'Hoppe,681351,661563,1,7,168.83,50.88
2024-07-13,Nick Castellanos,592206,687765,1,2,121.26,27.99
2024-10-14,Max Muncy,571970,640455,0,5,211.75,70.44
2024-04-13,Salvador Perez,521692,640455,1,4,90.64,48.03
2024-07-23,Zack Gelof,680869,814005,1,4,41.05,55.35
2024-05-12,Josh Bell,605137,554430,1,3,135.58,33.05
2024-06-20,Will Brennan,686823,663423,2,8,197.07,68.37
2024-09-24,Jorge Polanco,593871,664285,0,2,22.95,85.29
2024-08-06,Willy Adames,642715,693821,2,1,123.52,26.72
2024-07-22,Tommy Pham,502054,547179,2,1,101.15,22.11
2024-04-17,Daulton Varsho,662139,573186,1,2,188.28,61.63
2024-03-28,Michael Conforto,624424,663158,2,9,183.42,38.88
2024-06-15,Hunter Goodman,696100,677865,2,7,105.51,23.95
2024-06-15,Julio Rodríguez,677594,543135,1,3,78,39.45
2024-04-24,Connor Wong,657136,471911,0,2,121.12,30.65
2024-05-07,Andy Ibáñez,628451,671106,2,2,212.09,77.42
2024-06-30,Oneil Cruz,665833,680885,2,5,188.54,47.58
2024-09-28,Billy Cook,695257,661563,1,5,35.11,64.26
2024-04-27,Nick Senzel,669222,592288,2,7,14.96,74.82
2024-06-06,Adam Duvall,594807,680730,1,7,74.86,43.81
2024-08-25,Bobby Witt Jr.,677951,663465,1,3,119.32,20.61
2024-09-02,Jackson Chourio,694192,676617,1,6,46.06,48.13
2024-08-19,Ramón Urías,602104,656849,2,7,102.02,32.89
2024-09-21,Anthony Volpe,683011,676664,0,2,73.45,36.79
2024-09-20,José Ramírez,608070,502043,1,5,233.46,95.72
2024-08-13,Gavin Lux,666158,607067,0,4,203.02,50.34
2024-05-30,Christopher Morel,666624,663542,2,8,179.22,47.97
2024-03-29,Brandon Lowe,664040,605135,0,3,177.44,26.26
2024-06-22,Gavin Lux,666158,668676,0,3,195.97,58.28
2024-08-06,Michael Conforto,624424,669022,2,1,172.5,38.13
2024-07-28,Casey Schmitt,669477,596295,1,1,60.56,40.64
2024-09-13,Brandon Marsh,669016,622065,2,9,221.8,93.07
2024-07-09,Ben Rice,700250,621363,1,7,222.71,83.04
2024-08-31,Mickey Moniak,666160,693433,1,7,173.14,48.07
2024-05-10,Ronald Acuña Jr.,660670,500779,2,3,137.85,12.49
2024-08-17,Trevor Larnach,663616,543135,0,4,164.93,40.86
2024-07-14,Brenton Doyle,686668,500779,0,6,109.69,25.61
2024-09-03,Vladimir Guerrero Jr.,665489,592836,1,6,44.24,71.28
2024-08-05,Tyler Fitzgerald,666149,571578,0,1,40.81,53.05
2024-05-28,Kris Bryant,592178,663474,2,3,16.4,63.46
2024-07-10,Brandon Nimmo,607043,571578,1,1,191.49,32.72
2024-04-24,Will Benson,666181,605513,1,3,168.71,44.52
2024-06-24,Nick Ahmed,605113,657006,0,6,25.52,79.07
2024-08-28,Derek Hill,656537,607536,0,2,44.57,69.22
2024-04-23,Andrew McCutchen,457705,668964,0,1,22.97,96.32
2024-08-15,Mark Vientos,668901,687765,0,3,196.3,41.78
2024-03-30,J.T. Realmuto,592663,445926,1,3,44.74,59.68
2024-08-24,Taylor Ward,621493,670102,0,9,96.84,38
2024-04-21,Xander Bogaerts,593428,605135,1,3,71.13,52.45
2024-08-06,Victor Scott II,687363,605488,2,2,192.92,55.71
2024-08-26,Bobby Witt Jr.,677951,683769,0,8,80.51,38
2024-04-17,Kerry Carpenter,681481,641540,0,2,240.49,68.13
2024-04-17,Kyle Schwarber,656941,663372,0,1,193.47,37.16
2024-04-05,Cedric Mullins,656775,676702,0,8,199.97,111.41
2024-09-04,Carlos Santana,467793,641302,2,7,15.44,96.49
2024-06-16,Jose Siri,642350,628452,1,9,71.57,39.5
2024-08-03,Rob Refsnyder,608701,674003,1,1,23.6,72.91
2024-07-27,Wilyer Abreu,677800,573186,1,1,133.81,29.12
2024-09-07,Rowdy Tellez,642133,606930,2,7,222.92,47.05
2024-05-18,Juan Soto,665742,641745,0,5,211.1,42.98
2024-09-04,Juan Soto,665742,543135,2,5,22.65,101.31
2024-04-02,Christopher Morel,666624,607536,0,3,42.77,69.73
2024-09-09,Oneil Cruz,665833,678368,2,1,124.86,19.12
2024-09-20,Andrés Giménez,665926,502043,0,6,222.32,70.36
2024-04-23,Willson Contreras,575929,674072,1,1,78.87,27.42
2024-04-23,Riley Greene,682985,621363,0,8,178.93,42.6
2024-04-01,Brendan Donovan,680977,666745,0,6,215.46,77.85
2024-06-01,Anthony Santander,623993,671737,2,1,238.06,79.84
2024-04-19,Rob Refsnyder,608701,682990,1,5,176.02,49.53
2024-06-19,Jackson Merrill,701538,624133,2,2,200.7,54.8
2024-05-26,Ryan McMahon,641857,624133,1,1,181.39,49.73
2024-09-24,Bryce Harper,547180,657006,2,1,139.65,34.92
2024-03-30,Eugenio Suárez,553993,596295,0,4,63.43,48.84
2024-08-14,Jeremy Peña,665161,641793,0,5,53.24,61.61
2024-09-24,Jonah Heim,641680,518397,1,8,95.6,38.3
2024-07-10,Salvador Perez,521692,669461,0,6,40.58,42.84
2024-07-19,Nathaniel Lowe,663993,669203,2,2,134.86,23.42
2024-08-02,Michael Busch,683737,607200,2,2,201.85,62.19
2024-06-17,Brice Turang,668930,668676,2,5,186.23,40.88
2024-03-31,Luis Campusano,669134,641726,2,1,219.72,103.89
2024-06-30,José Caballero,676609,571578,1,2,33.01,80.55
2024-08-13,Juan Soto,665742,686563,0,5,53.29,46.5
2024-07-02,Heliot Ramos,671218,445926,1,9,230.6,93.32
2024-09-09,Kyle Schwarber,656941,641302,1,6,174.98,24.38
2024-06-19,Sean Murphy,669221,669373,2,3,179.46,42.97
2024-06-02,Heliot Ramos,671218,641482,0,3,108.49,36.12
2024-09-17,Miguel Rojas,500743,670766,1,4,34.43,83.58
2024-09-06,Trea Turner,607208,685116,0,2,66.86,50.01
2024-06-20,Will Smith,669257,621389,2,4,97.28,18.52
2024-04-09,Jonah Heim,641680,622072,0,2,61.32,53.46
2024-07-06,Marcus Semien,543760,687330,2,7,58.7,41.55
2024-04-07,Edmundo Sosa,624641,669022,1,5,85.15,37.19
2024-05-12,Brandon Nimmo,607043,621345,1,9,161.42,32.89
2024-05-10,Korey Lee,686676,471911,0,7,35.84,46.47
2024-05-04,JJ Bleday,668709,669432,1,3,173.9,39.99
2024-07-10,Luis Robert Jr.,673357,641927,2,6,95.31,33.48
2024-08-25,Gary Sánchez,596142,683155,1,2,36.44,74.88
2024-07-29,Andrew Vaughn,683734,608717,0,7,45.97,46.74
2024-07-07,Bobby Witt Jr.,677951,621389,1,9,12.86,89.66
2024-07-30,Jackson Merrill,701538,595014,1,9,209.76,63.01
2024-09-18,Tyler Soderstrom,691016,681799,2,4,71.99,50.1
2024-04-02,Brandon Marsh,669016,571656,0,8,36.46,85.75
2024-06-06,Carlos Correa,621043,573186,2,1,203.31,64.45
2024-04-30,JJ Bleday,668709,676596,1,7,147.06,31.39
2024-09-03,Carlos Santana,467793,605488,0,2,19.31,78.41
2024-09-10,Trea Turner,607208,670955,2,8,49.75,67.15
2024-09-29,Eugenio Suárez,553993,663362,0,7,126.86,21.52
2024-06-26,Matt Vierling,663837,605513,0,1,45.86,51.82
2024-07-13,Manny Machado,592518,445926,1,8,120.14,36.19
2024-07-28,Jhonkensy Noel,678877,663465,0,4,101.96,24.1
2024-08-12,Jhonkensy Noel,678877,663878,1,6,50.69,65.76
2024-06-11,Paul DeJong,657557,646242,1,3,208.3,73.33
2024-04-14,Lane Thomas,657041,622072,0,5,79.47,31.26
2024-06-30,Rafael Devers,646240,663362,2,1,36.12,82.58
2024-05-12,Jose Trevino,624431,541640,2,8,19.65,86.22
2024-05-15,Sal Frelick,686217,527048,2,4,73.91,54.37
2024-04-16,Mickey Moniak,666160,650644,2,4,125.75,25.63
2024-07-09,Alex Bregman,608324,623211,2,7,42.49,75.58
2024-10-07,Salvador Perez,521692,607074,0,4,35.18,63.23
2024-06-11,Carlos Santana,467793,641755,2,9,222.46,78.18
2024-08-18,Ryan Jeffers,680777,641816,1,1,79.84,43.37
2024-06-03,Jake Rogers,668670,600917,2,8,25.97,76.13
2024-09-29,Randal Grichuk,545341,663362,2,8,183.54,51.3
2024-08-07,Romy Gonzalez,663853,666142,2,3,19.03,73.33
2024-06-04,Masyn Winn,691026,656786,0,6,36.37,81.05
2024-07-28,Paul Goldschmidt,502671,571670,0,9,38.87,65.94
2024-07-07,Heston Kjerstad,677008,687765,2,1,99.49,34.42
2024-04-03,Miguel Rojas,500743,690986,2,4,30.11,76.69
2024-08-20,Leo Jiménez,677870,686730,0,5,146.45,34.5
2024-06-18,Jason Heyward,518792,641755,1,9,241,91
2024-04-16,Bryce Harper,547180,641755,2,8,213.09,71.31
2024-07-26,Bryson Stott,681082,594902,0,5,225.89,62.09
2024-04-24,Bryan Reynolds,668804,669060,1,3,182.86,46.54
2024-06-21,Gunnar Henderson,683002,663321,1,8,40.74,85.17
2024-05-04,Shohei Ohtani,660271,693821,0,3,203.7,59.98
2024-07-25,Colton Cowser,681297,682610,2,3,160.17,38.55
2024-07-05,Austin Riley,663586,605400,1,4,137.3,31.76
2024-04-05,Spencer Steer,668715,500779,1,1,36.09,68.84
2024-09-14,Bobby Witt Jr.,677951,656605,1,1,56.93,43.46
2024-07-25,Javier Báez,595879,668909,1,2,31.43,62.48
2024-08-03,Tyler Stephenson,663886,690986,0,4,127.82,30
2024-08-23,Michael Harris II,671739,669022,0,1,164.74,37.55
2024-04-19,Jorge Soler,624585,656756,0,4,6.89,81.22
2024-04-28,Jose Altuve,514888,596295,1,3,28.03,74.96
2024-07-14,Dominic Smith,642086,663903,0,2,180.9,32.92
2024-03-29,Teoscar Hernández,606192,668868,1,2,224.67,82.68
2024-05-11,Kerry Carpenter,681481,664299,1,2,212.3,86.71
2024-06-14,Eugenio Suárez,553993,623167,0,4,63.11,52.17
2024-05-11,Yandy Díaz,650490,641482,0,1,75.77,44.59
2024-05-26,Shea Langeliers,669127,623352,1,9,103.15,34.22
2024-07-08,Brandon Nimmo,607043,656605,1,6,157.52,28.58
2024-09-09,Michael Busch,683737,621111,1,4,27.17,102.97
2024-07-09,Gio Urshela,570482,594902,1,6,48.71,55.24
2024-06-25,Brent Rooker,667670,542881,1,5,12.41,72.13
2024-08-27,Will Wagner,695238,657514,2,6,176.29,53.18
2024-06-24,Elly De La Cruz,682829,641726,1,6,124.78,21.16
2024-07-20,Brendan Donovan,680977,693821,2,5,230.27,79.7
2024-08-09,Andrew Benintendi,643217,592767,2,7,203.33,74.09
2024-08-03,Bligh Madris,676632,640451,0,9,164.51,32.32
2024-05-05,Thairo Estrada,642731,592836,1,7,56.49,52.13
2024-05-22,JJ Bleday,668709,596295,1,4,173.46,47.65
2024-06-07,Ketel Marte,606466,593974,1,7,41.39,84.08
2024-03-28,Dylan Moore,664238,570257,0,7,158.73,36.99
2024-06-08,Jake Cronenworth,630105,663531,1,4,137.47,28.66
2024-08-23,Enrique Hernández,571771,641302,1,5,76.22,51.36
2024-06-04,Nolan Gorman,669357,661527,0,7,205.19,82.21
2024-08-12,Steven Kwan,680757,684007,1,5,220.76,80.77
2024-07-12,Jose Altuve,514888,570632,2,6,30.54,85.75
2024-06-11,Christopher Morel,666624,621107,0,4,56.5,48.64
2024-08-28,Brent Rooker,667670,543391,1,6,47.47,42.27
2024-04-13,Pete Alonso,624413,672582,0,6,52,54.22
2024-06-26,Jarred Kelenic,672284,681517,1,6,194.92,49.17
2024-03-28,Jake Meyers,676694,641482,0,2,17.54,69.23
2024-07-24,Rowdy Tellez,642133,669461,0,4,242.14,58.51
2024-06-19,Bryce Harper,547180,663362,2,3,65.46,52.59
2024-07-14,Michael Toglia,669911,500779,0,5,163.3,27.93
2024-07-04,Spencer Steer,668715,573186,2,5,216.11,92.49
2024-06-15,J.D. Martinez,502110,666745,2,4,183.18,51.47
2024-07-29,Matt Carpenter,572761,543135,0,3,200.32,49.25
2024-07-14,J.P. Crawford,641487,519326,0,6,157.8,36.38
2024-04-05,Gunnar Henderson,683002,683003,0,3,137.86,34.92
2024-08-28,Corbin Carroll,682998,621242,2,8,190.77,52.45
2024-07-07,Robbie Grossman,543257,621363,0,7,24.17,101.72
2024-06-09,Luke Maile,571912,684007,0,3,20.47,84.14
2024-04-14,Tyler O'Neill,641933,542881,2,1,44.42,56.68
2024-05-18,Josh Bell,605137,621242,1,9,114.65,26.02
2024-06-19,Isaac Paredes,670623,657746,2,3,24.59,94.22
2024-09-14,TJ Friedl,670770,686973,2,4,205.4,64.62
2024-04-03,Kyle Higashioka,543309,668868,1,4,25.77,69.26
2024-09-03,Logan O'Hoppe,681351,621111,0,2,156.41,24.29
2024-06-05,Nick Castellanos,592206,676879,2,5,73.13,45.26
2024-08-27,Lawrence Butler,671732,458677,2,7,183.89,28.28
2024-08-03,Marcell Ozuna,542303,667725,1,3,19.33,60.96
2024-04-08,Marcell Ozuna,542303,527054,2,3,86.62,24.28
2024-04-06,Isaac Paredes,670623,641755,2,8,22.36,93.48
2024-09-07,Gary Sánchez,596142,621389,2,1,73.96,37.67
2024-05-06,Riley Greene,682985,663474,0,1,155.03,29.86
2024-08-04,Corey Seager,608369,601713,1,1,215.79,73.66
2024-09-22,Miguel Amaya,665804,663623,2,4,50.01,64.89
2024-08-18,Joey Loperfido,694388,684007,2,2,221.11,62.83
2024-04-12,Pete Alonso,624413,519293,0,8,97.95,59.1
2024-08-08,David Peralta,444482,682847,0,2,239.44,88.29
2024-03-30,Dansby Swanson,621020,674003,0,2,66.08,53.5
2024-08-20,James McCann,543510,500779,1,4,20.06,49.4
2024-05-14,Nathaniel Lowe,663993,594902,1,5,229.17,90.54
2024-06-24,José Ramírez,608070,700249,0,6,107.77,25.61
2024-04-28,Bryson Stott,681082,650633,1,2,178.66,48.19
2024-09-01,Francisco Lindor,596019,676979,0,4,50.85,57.2
2024-04-19,Travis d'Arnaud,518595,571760,1,2,30.99,52.56
2024-06-24,Vinnie Pasquantino,686469,682610,0,4,214.04,70.03
2024-09-07,Tyler O'Neill,641933,676979,1,1,11.24,85.58
2024-09-11,Randal Grichuk,545341,674003,0,1,40.84,57.43
2024-04-28,Ryan Mountcastle,663624,621112,2,3,126.9,17.63
2024-08-24,Connor Norby,681393,684007,0,4,133.75,30.6
2024-08-05,Lawrence Butler,671732,641771,2,6,148.47,35.28
2024-08-21,Jake Burger,669394,656756,0,1,71.22,47.78
2024-05-05,Randy Arozarena,668227,621242,2,9,54.52,65.94
2024-08-21,David Hamilton,666152,661527,2,9,231.07,85.27
2024-04-25,Ha-Seong Kim,673490,641712,1,3,21.69,72.12
2024-06-27,Cedric Mullins,656775,592351,0,4,224.84,80.52
2024-08-22,Spencer Torkelson,679529,657006,1,7,60.25,61.52
2024-07-28,Yainer Diaz,673237,681911,2,6,55.84,46.29
2024-08-30,Brendan Rodgers,663898,622554,1,9,42.24,42
2024-03-30,Anthony Santander,623993,670871,0,6,196.72,72.09
2024-06-21,Gabriel Moreno,672515,592836,1,3,119.65,22.42
2024-03-30,Ezequiel Tovar,678662,674072,2,2,60.88,49.59
2024-08-03,Stuart Fairchild,656413,690986,2,4,11.69,94.87
2024-08-21,Spencer Horwitz,687462,607259,1,1,207.02,60.02
2024-07-27,Jorge Polanco,593871,607200,0,4,120.36,26.66
2024-07-22,Connor Wong,657136,656222,0,8,206.08,68.49
2024-05-21,Abraham Toro,647351,641755,0,8,221.92,69.64
2024-04-17,Harrison Bader,664056,676702,2,6,8.19,90.77
2024-07-14,Brandon Lowe,664040,594902,0,6,231.33,91.25
2024-05-09,Aaron Judge,592450,519151,1,8,103.07,8.18
2024-04-30,Willy Adames,642715,682052,0,5,127.9,21.81
2024-08-13,Ty France,664034,607200,0,2,221.38,92.13
2024-06-13,Tyler Locklear,682988,676979,1,5,57.59,67.68
2024-06-22,Marcell Ozuna,542303,573186,2,1,173.07,46.95
2024-08-24,Ramón Laureano,657656,686747,1,8,85.32,29.7
2024-05-05,Ketel Marte,606466,663362,0,1,205.13,49.38
2024-09-26,Lars Nootbaar,663457,607536,1,1,233.85,85.88
2024-08-25,Jhonkensy Noel,678877,674003,0,2,99.71,34.02
2024-07-26,Victor Robles,645302,689672,2,1,,
2024-09-21,Joey Gallo,608336,624522,1,6,208,70.14
2024-05-28,Elehuris Montero,660707,663474,0,4,20.67,76.07
2024-09-02,Lane Thomas,657041,608379,1,5,77.83,38.39
2024-04-13,Juan Soto,665742,663474,2,4,87.81,38.49
2024-07-27,Shea Langeliers,669127,542881,1,1,85.37,37.81
2024-09-08,Jackson Merrill,701538,702352,0,5,45.51,69.47
2024-06-23,Michael Toglia,669911,663623,1,2,241.25,49.83
2024-06-12,Shohei Ohtani,660271,592351,1,1,164.2,31.41
2024-04-27,Aaron Judge,592450,600986,0,6,105.69,31.37
2024-08-13,Jeimer Candelario,600869,607200,2,6,210.75,75.77
2024-06-30,Isaac Paredes,670623,571578,0,2,62.92,43
2024-07-04,Ian Happ,664023,622554,0,5,220.48,59.49
2024-06-05,Luis Torrens,620443,571578,2,3,188.47,50.37
2024-07-28,Xavier Edwards,669364,668964,0,1,213.38,74.94
2024-07-06,Miguel Vargas,678246,663542,0,8,58.58,66.21
2024-05-22,Jeff McNeil,643446,663474,0,2,201.76,66.53
2024-05-28,Miguel Vargas,678246,500779,2,6,20.79,94.59
2024-07-02,Shohei Ohtani,660271,679885,0,7,182.52,32.5
2024-06-12,Cody Bellinger,641355,664076,2,7,187.96,46.09
2024-08-19,Max Muncy,571970,554340,1,7,227.7,72.14
2024-08-11,José Ramírez,608070,701581,0,4,200.19,68.02
2024-05-06,Zach Neto,687263,656605,1,6,135.21,34.34
2024-07-07,Danny Mendick,664901,665795,2,4,49.61,59.06
2024-08-01,Vinnie Pasquantino,686469,669724,1,8,224.23,70.44
2024-10-14,Francisco Lindor,596019,518489,0,1,229.94,76.36
2024-06-22,Dominic Smith,642086,593423,1,5,127.81,29.57
2024-06-03,Jeimer Candelario,600869,663372,2,3,207.33,53.04
2024-08-21,Orlando Arcia,606115,605400,0,4,40.35,67.34
2024-06-19,Jesse Winker,608385,694297,2,6,95.12,40.62
2024-08-30,Rowdy Tellez,642133,594902,1,5,174.09,41.83
2024-09-08,Jarred Kelenic,672284,684320,2,2,194.34,44.55
2024-04-26,Carlos Santana,467793,663776,1,2,97.54,29.38
2024-06-03,Manny Machado,592518,542881,2,1,77.18,28.29
2024-07-26,Heliot Ramos,671218,621389,0,8,33,68.33
2024-04-26,Juan Soto,665742,607067,1,1,62.95,50.74
2024-08-27,Riley Greene,682985,456501,0,6,122.08,26.83
2024-04-14,Joey Bart,663698,622554,2,6,20.93,91.97
2024-09-01,Mike Yastrzemski,573262,670766,0,1,210.4,61.4
2024-03-30,Luis Robert Jr.,673357,628317,1,1,71.4,45.14
2024-08-21,Ernie Clement,676391,607259,2,3,42.36,61.68
2024-07-09,Rowdy Tellez,642133,571948,1,7,188.54,44.99
2024-06-21,Matt Olson,621566,607074,2,4,188.71,61.44
2024-08-09,Ian Happ,664023,676979,0,1,33.75,68.33
2024-09-13,Elly De La Cruz,682829,660896,2,7,208.46,60.18
2024-05-11,Rhys Hoskins,656555,552640,2,7,144.6,35.63
2024-06-20,Freddy Fermin,666023,687765,1,2,67,48.86
2024-07-14,Joey Bart,663698,641771,1,4,76.71,45
2024-08-31,Justin Turner,457759,542881,0,2,28.31,79.73
2024-09-04,Gunnar Henderson,683002,686563,0,1,184.95,47.48
2024-05-17,Dylan Moore,664238,607644,2,5,54.78,51.08
2024-06-29,Mark Vientos,668901,664285,1,3,115.25,25.65
2024-05-03,Oneil Cruz,665833,656222,1,9,226.68,54.06
2024-08-31,Addison Barger,680718,805673,1,2,196.95,55.35
2024-08-25,Jackson Merrill,701538,621242,1,9,215.95,63.95
2024-07-23,Vladimir Guerrero Jr.,665489,655889,0,6,101.87,28.96
2024-09-21,Julio Rodríguez,677594,641540,0,1,219.54,85.12
2024-08-06,Jackson Holliday,702616,605135,1,6,178.83,41.42
2024-07-22,Teoscar Hernández,606192,605483,1,4,35.3,58.93
2024-08-25,Connor Norby,681393,665871,0,1,221.47,92.74
2024-05-06,Tommy Pham,502054,641302,1,3,200.15,66.83
2024-08-05,Elly De La Cruz,682829,682610,0,1,200.92,50.23
2024-09-03,Mike Yastrzemski,573262,657044,0,8,69.76,54.16
2024-06-21,Francisco Alvarez,682626,684007,0,2,91.53,32.32
2024-09-07,Jeremy Peña,665161,571670,1,6,180.95,51.36
2024-09-10,Michael Harris II,671739,669022,2,4,221.28,79.04
2024-08-20,CJ Abrams,682928,596295,0,6,184.21,50.57
2024-08-19,Corey Seager,608369,682847,1,1,220.43,42.7
2024-06-10,Dominic Canzone,686527,607200,0,8,154.49,34.5
2024-05-10,Matt Olson,621566,500779,2,3,170.18,45.24
2024-10-03,Jake Bauers,641343,676130,0,7,218.21,62.86
2024-08-31,Tyler O'Neill,641933,669373,2,1,62.25,49.66
2024-04-14,Bryan De La Cruz,650559,450203,1,2,67.81,40.53
2024-09-28,Andrew Benintendi,643217,680744,0,8,200.98,71.71
2024-06-04,Elly De La Cruz,682829,621389,2,3,133.98,17.66
2024-06-18,Brendan Donovan,680977,682610,2,2,220.4,79.65
2024-06-15,Lenyn Sosa,672820,674072,2,7,26.75,97.96
2024-08-24,José Caballero,676609,523260,1,10,67.19,56.52
2024-08-05,Elly De La Cruz,682829,641312,2,8,208.31,46.01
2024-07-19,Trea Turner,607208,527048,1,4,44.15,64.67
2024-07-27,Josh Bell,605137,665625,1,7,167.51,38.49
2024-08-02,Christian Bethancourt,542194,607200,1,2,182.16,54.15
2024-09-20,Ramón Laureano,657656,678368,1,6,189.75,48.18
2024-08-28,Harrison Bader,664056,593958,2,5,14.66,67.15
2024-06-07,Wilmer Flores,527038,547179,0,4,23.09,79.6
2024-10-17,Giancarlo Stanton,519317,661403,2,8,165.45,46.43
2024-09-20,Ketel Marte,606466,607067,1,1,217.58,89.46
2024-09-25,Mitch Garver,641598,681869,0,7,60.6,62.99
2024-08-18,Brandon Lowe,664040,518876,0,3,237.2,76.81
2024-06-30,Jo Adell,666176,571946,2,9,101.54,27.01
2024-09-22,Zach Neto,687263,681293,1,6,36.79,77.18
2024-09-26,Iván Herrera,671056,607536,1,5,82.55,23.33
2024-05-10,Anthony Rizzo,519203,542888,0,9,198.03,57.33
2024-04-23,Julio Rodríguez,677594,641540,1,3,52.76,38.39
2024-09-23,Casey Schmitt,669477,593958,1,4,11.91,88.57
2024-06-22,Brendan Rodgers,663898,680730,1,3,101.37,24.05
2024-08-18,Manny Machado,592518,641755,0,8,18.85,85.16
2024-06-13,Christian Walker,572233,656288,2,3,55.53,23.76
2024-05-21,Michael Harris II,671739,665871,0,4,52.09,58.68
2024-06-17,Jake Bauers,641343,668676,0,2,205.27,77.24
2024-05-14,Josh Lowe,666139,601713,2,1,196.67,60.13
2024-06-09,Alec Burleson,676475,621389,0,3,179.72,46.74
2024-06-22,Wyatt Langford,694671,672582,1,8,27.52,61.75
2024-07-28,Freddy Fermin,666023,665871,1,4,26.31,104.33
2024-06-21,Brandon Nimmo,607043,684007,2,2,52.35,64.19
2024-03-29,J.P. Crawford,641487,601713,1,6,232.98,86.87
2024-04-05,Willy Adames,642715,669302,0,2,224.2,89.15
2024-04-13,Miguel Amaya,665804,608723,0,8,55.48,61.34
2024-07-03,Alec Bohm,664761,684007,0,6,93.67,35.18
2024-05-07,Jonathan India,663697,686826,2,7,136.82,35.4
2024-09-14,José Ramírez,608070,685801,1,8,,
2024-09-03,Matt Chapman,656305,669194,2,6,105.43,36.25
2024-08-09,Brayan Rocchio,677587,660896,1,7,200.88,70.85
2024-04-01,Josh Naylor,647304,662253,1,8,175.08,28.09
2024-04-18,Marcus Semien,543760,628317,0,1,58.06,64.44
2024-04-17,Hunter Renfroe,592669,608678,2,9,47.33,66.41
2024-08-03,Mitch Haniger,571745,663465,1,5,47.47,62.77
2024-09-12,Gleyber Torres,650402,681867,0,1,178.5,59.94
2024-04-12,Nolan Jones,666134,502179,0,5,223.69,61.85
2024-05-21,Thairo Estrada,642731,527048,0,5,47.23,58.62
2024-09-13,Harrison Bader,664056,656457,2,8,54.55,48.67
2024-06-03,Alec Burleson,676475,434378,1,1,234.4,98.27
2024-05-02,Mike Yastrzemski,573262,670174,0,3,183.67,50.72
2024-07-04,Matt Chapman,656305,450203,1,4,89.1,35.99
2024-09-09,Rob Refsnyder,608701,608344,1,8,232.12,75.03
2024-08-02,Donovan Solano,456781,596295,0,4,75.86,48.25
2024-06-20,Christian Walker,572233,607179,2,9,30.57,61.03
2024-07-24,Jake Fraley,641584,642216,2,1,237.23,96.9
2024-07-26,Adolis García,666969,579328,1,5,227.34,100.8
2024-04-10,Michael Busch,683737,656302,2,4,207.52,56.49
2024-08-14,TJ Friedl,670770,502043,2,5,236.25,79.12
2024-05-22,Luis Arraez,650333,607259,0,1,219.28,79.24
2024-07-01,J.D. Martinez,502110,640451,0,10,115.29,29.59
2024-09-17,Jasson Domínguez,691176,693433,2,5,117.17,31.92
2024-06-07,Connor Joe,656582,643377,2,8,45.41,54.53
2024-05-23,J.D. Davis,605204,641755,1,8,53.72,54.5
2024-05-10,Ozzie Albies,645277,500779,2,3,28.87,91.93
2024-05-15,Bryce Harper,547180,664192,2,1,40.54,67.7
2024-08-23,Addison Barger,680718,672710,0,9,190.69,32.72
2024-04-16,Gunnar Henderson,683002,663978,2,2,215.05,76.49
2024-07-13,Trea Turner,607208,687765,2,4,76.76,43.77
2024-04-08,Charlie Blackmon,453568,666818,1,8,221.39,69.66
2024-08-13,Salvador Perez,521692,595345,1,6,122.12,24.98
2024-09-07,Sam Hilliard,656541,657649,2,8,236.28,60.8
2024-05-15,Nolan Schanuel,694384,458681,0,1,227.99,94.49
2024-07-23,Tyler O'Neill,641933,621389,1,3,12.04,47.32
2024-05-17,Michael Massey,686681,613534,0,6,227.98,89.3
2024-06-22,Logan O'Hoppe,681351,607192,2,7,179.76,43.6
2024-08-07,Kyle Schwarber,656941,523260,2,6,174.04,33.02
2024-07-29,Willy Adames,642715,445926,1,6,61.41,30.35
2024-05-21,Reese McGuire,624512,541640,1,9,199.11,58.67
2024-07-07,Jonah Heim,641680,670955,2,6,214.42,68.01
2024-09-25,Trea Turner,607208,665871,1,1,48.72,53.63
2024-04-07,Nolan Gorman,669357,676974,1,5,100.93,39.48
2024-09-02,Shea Langeliers,669127,669302,2,3,40.64,61.02
2024-08-24,Seiya Suzuki,673548,678368,2,1,92.9,35.84
2024-08-17,Marcell Ozuna,542303,656288,0,1,134.23,22.11
2024-04-03,Patrick Bailey,672275,607192,1,3,200.43,58.41
2024-08-24,David Hensley,682073,684007,1,5,169.6,45.32
2024-09-17,Luisangel Acuña,682668,686747,1,8,74.61,39.37
2024-07-26,Josh Rojas,668942,689672,2,1,195.86,59
2024-05-16,Jarren Duran,680776,687330,2,6,175.92,33.87
2024-08-07,Geraldo Perdomo,672695,594902,1,2,200.93,63.18
2024-09-01,Andrés Giménez,665926,656605,1,1,167.13,40.52
2024-08-16,José Ramírez,608070,669060,0,8,230.84,65.15
2024-09-02,Rhys Hoskins,656555,669467,0,4,40.4,68.97
2024-07-26,Nolan Schanuel,694384,621112,2,1,179.3,41.9
2024-09-30,Ramón Laureano,657656,656731,1,6,102.68,34.36
2024-06-05,Jonah Heim,641680,669438,2,3,223.31,75.84
2024-09-10,Kyle Farmer,571657,656288,1,2,42.05,61.77
2024-05-07,Cody Bellinger,641355,681190,0,4,188.58,52.81
2024-05-08,Marcell Ozuna,542303,601713,2,3,104.68,33.22
2024-07-09,Josh Smith,669701,672710,2,1,165.93,43.3
2024-07-19,JJ Bleday,668709,519043,1,6,207.97,59.04
2024-07-19,Brandon Lowe,664040,543037,0,6,176.98,52.35
2024-05-21,Jon Singleton,572138,608334,1,6,116.34,24.34
2024-07-14,Jose Siri,642350,594902,0,3,60.19,40.88
2024-08-16,Charlie Blackmon,453568,663362,1,2,210.36,56.67
2024-05-26,Julio Rodríguez,677594,571578,0,4,76.89,34.97
2024-09-19,Shohei Ohtani,660271,657508,2,7,36.95,67.57
2024-04-15,Luis García Jr.,671277,607192,2,5,71.69,57.1
2024-08-12,Pete Crow-Armstrong,691718,594902,1,4,224.29,98.3
2024-07-12,Brendan Rodgers,663898,640455,0,7,42.83,59.67
2024-06-13,Jazz Chisholm Jr.,665862,622098,1,7,150.42,28.06
2024-07-11,Jazz Chisholm Jr.,665862,681869,0,5,223.55,70.52
2024-05-24,Edmundo Sosa,624641,621389,1,5,29.28,74.34
2024-06-22,Davis Schneider,676914,594902,2,2,195.72,63.01
2024-06-20,Shohei Ohtani,660271,621389,0,1,123.13,25.97
2024-05-20,Daulton Varsho,662139,607200,2,2,177.28,46.19
2024-10-20,Will Smith,669257,664208,2,3,137.55,30.97
2024-04-12,Lawrence Butler,671732,663623,1,3,218.45,43.35
2024-06-20,Yordan Alvarez,670541,623167,2,1,189.69,32.58
2024-07-14,Anthony Santander,623993,592454,2,5,220.82,56.41
2024-09-11,Nolan Arenado,571448,682227,1,4,87.19,41.17
2024-08-01,Logan O'Hoppe,681351,663372,0,4,104.42,16.23
2024-06-22,Trent Grisham,663757,445926,0,7,23.15,101.67
2024-09-07,Mookie Betts,605141,605130,2,4,51.65,66.09
2024-08-07,David Fry,681807,593958,0,2,90.41,38.06
2024-07-26,Salvador Perez,521692,543294,2,5,32.99,69.01
2024-08-02,Byron Buxton,621439,672860,2,8,85.46,32.34
2024-08-18,Corbin Carroll,682998,641302,2,8,214.08,51.6
2024-05-07,Kyle McCann,668832,666720,1,7,146.94,24.8
2024-10-29,Anthony Volpe,683011,543339,2,3,46.48,62.14
2024-05-31,Nick Gordon,624503,570632,1,2,147.04,40.38
2024-10-16,Shohei Ohtani,660271,656731,1,8,245.72,82.04
2024-09-17,Leody Taveras,665750,666818,1,8,192.54,54.17
2024-09-17,Bryce Harper,547180,593423,1,6,90.88,43.68
2024-09-24,Jack López,605346,672860,0,8,48.72,66.41
2024-04-30,Kyle Schwarber,656941,542881,2,2,211.08,55.26
2024-08-07,José Ramírez,608070,593958,0,6,39.27,64.71
2024-04-27,Anthony Rizzo,519203,600986,1,6,206.09,76.64
2024-04-02,Bryce Harper,547180,608718,1,7,182.15,37.39
2024-07-11,Wilyer Abreu,677800,665622,0,4,113.51,38.45
2024-07-09,Ildemaro Vargas,545121,493603,0,8,218.27,75.62
2024-04-20,Cal Raleigh,663728,641712,0,2,39.53,73.81
2024-07-19,George Springer,543807,689225,0,8,30.42,95.65
2024-09-02,Brooks Lee,686797,664076,0,8,88.2,38.03
2024-05-04,Patrick Wisdom,621550,600986,1,6,8.77,64.16
2024-08-11,Anthony Santander,623993,605488,0,4,52.68,62.03
2024-04-22,Pete Alonso,624413,676775,0,5,18.58,86.56
2024-08-06,Tommy Pham,502054,605488,2,2,55.66,54.26
2024-07-02,Sean Murphy,669221,806185,1,2,79.54,30.82
2024-04-28,Thairo Estrada,642731,683003,0,3,65.1,49.76
2024-07-27,Tyler Fitzgerald,666149,595928,2,8,48.91,63.27
2024-06-22,Alec Bohm,664761,674072,1,3,91.85,33.67
2024-04-21,Cal Raleigh,663728,663562,2,6,114.41,27.23
2024-07-24,Corey Seager,608369,623167,1,1,212.67,74.67
2024-07-28,Daulton Varsho,662139,642546,2,1,193.79,54.2
2024-05-20,Marcell Ozuna,542303,681190,1,5,31.11,62.03
2024-08-28,Lawrence Butler,671732,518585,0,1,196.32,66.18
2024-08-10,Jake McCarthy,664983,605400,2,5,214.53,63.88
2024-04-27,Austin Shenton,668853,686563,1,5,49.81,72.59
2024-09-19,Brandon Nimmo,607043,592836,0,3,157.39,42.06
2024-07-09,Brandon Marsh,669016,656848,2,7,188.36,46.39
2024-06-02,José Caballero,676609,608344,0,7,35.07,62.51
2024-09-10,Carlos Santana,467793,656288,2,5,187,43.6
2024-07-22,Leody Taveras,665750,607200,2,5,184.11,43.03
2024-06-27,Heston Kjerstad,677008,592351,2,3,126.61,31.06
2024-07-14,Christopher Morel,666624,571945,1,6,21.15,75.06
2024-04-07,Mike Trout,545361,502624,1,8,27.51,84.27
2024-04-27,Alec Bohm,664761,656302,2,1,48.79,57.36
2024-03-30,Josh Jung,673962,676962,2,8,56.46,40.49
2024-09-25,Pavin Smith,656976,702352,2,8,177.97,43.17
2024-04-26,J.T. Realmuto,592663,676680,0,7,22.09,96.59
2024-08-04,Josh Naylor,647304,669203,2,5,161.96,32.73
2024-05-31,J.D. Martinez,502110,663531,0,6,213.4,71.31
2024-06-15,Michael Toglia,669911,642701,1,8,42.57,74.64
2024-06-24,Oneil Cruz,665833,518585,2,7,196.82,26.99
2024-06-12,Henry Davis,680779,552640,0,8,86.87,37.1
2024-05-07,Andy Ibáñez,628451,671106,0,1,41.49,66.17
2024-03-30,Steven Kwan,680757,547184,2,7,206.28,46.71
2024-07-27,Royce Lewis,668904,669373,1,1,51.36,54
2024-09-01,Kyle Stowers,669065,657277,2,5,171.75,26.97
2024-06-14,Shea Langeliers,669127,680573,2,1,60.07,47.38
2024-09-11,Tommy Edman,669242,622259,2,8,196.47,63.29
2024-04-09,Shea Langeliers,669127,543135,2,2,46.35,55.87
2024-05-09,Yordan Alvarez,670541,573186,2,1,229.83,76.36
2024-05-06,Teoscar Hernández,606192,682610,2,3,31.54,57.73
2024-08-01,Austin Riley,663586,676974,1,1,225.57,102.16
2024-08-14,Eugenio Suárez,553993,666207,2,6,61.85,37.87
2024-08-29,Lawrence Butler,671732,664747,0,9,242.35,86.02
2024-05-11,Eddie Rosario,592696,681867,0,5,42.26,93.35
2024-07-10,Kyle Schwarber,656941,694813,0,1,58.95,59.46
2024-05-21,Orlando Arcia,606115,665871,1,2,91.23,32.45
2024-10-18,Mookie Betts,605141,592773,0,6,45.36,66.59
2024-08-31,Corbin Carroll,682998,694813,0,1,120.24,31.44
2024-07-22,Marcus Semien,543760,607200,1,3,19.9,95.62
2024-04-04,Josh Bell,605137,458681,1,5,128.42,20.18
2024-06-28,Rafael Devers,646240,593974,0,6,137.64,21.63
2024-05-21,Yordan Alvarez,670541,656288,1,1,202.87,76.3
2024-07-04,Jonathan India,663697,573186,1,3,54.55,53.91
2024-08-31,Jesse Winker,608385,663436,2,1,170.43,41.69
2024-04-29,Mitch Garver,641598,621345,0,9,30.35,50.7
2024-09-21,Elly De La Cruz,682829,683003,2,4,243.69,72.77
2024-03-30,Adolis García,666969,543294,1,3,188.85,61.74
2024-04-10,Blaze Alexander,677942,596295,0,2,225.95,79.28
2024-08-02,Salvador Perez,521692,669373,0,2,67.4,26.86
2024-03-31,Davis Schneider,676914,641302,2,5,30.49,83.52
2024-05-06,Michael Massey,686681,657649,0,7,194.68,46.9
2024-07-23,Jeremy Peña,665161,519008,2,9,44.66,50.19
2024-09-04,Pavin Smith,656976,702352,2,5,159.68,32.28
2024-03-31,Christopher Morel,666624,592351,1,1,51.26,53.82
2024-05-07,Jarred Kelenic,672284,676710,1,3,218.39,81.42
2024-03-29,Lourdes Gurriel Jr.,666971,615698,2,1,17.09,86.13
2024-09-04,Jesse Winker,608385,656557,1,1,93.38,43.08
2024-04-01,Jose Siri,642350,641540,1,7,50.72,61.5
2024-06-01,Luke Raley,670042,608334,0,6,75.23,43.81
2024-04-01,Mike Trout,545361,676974,1,4,33.4,59.31
2024-05-05,Oneil Cruz,665833,663372,1,6,160.73,28.67
2024-06-22,Travis d'Arnaud,518595,573186,2,7,212.91,84.37
2024-07-28,Vladimir Guerrero Jr.,665489,642546,1,3,197.81,70.14
2024-09-06,Shohei Ohtani,660271,571510,1,6,109.21,32.81
2024-04-20,Cody Bellinger,641355,682610,1,1,196.63,63.5
2024-06-15,Edmundo Sosa,624641,680570,0,2,208,73.62
2024-04-06,Vladimir Guerrero Jr.,665489,596133,0,7,195.88,70.24
2024-06-25,Brandon Nimmo,607043,543037,2,4,209.43,68.46
2024-09-14,Yordan Alvarez,670541,542881,0,5,219.68,63.15
2024-08-25,Willi Castro,650489,607200,0,1,220.04,65.95
2024-08-02,Orlando Arcia,606115,678368,0,5,172.09,44.18
2024-08-25,Geraldo Perdomo,672695,608371,0,9,220.39,110.64
2024-05-14,Shohei Ohtani,660271,676775,0,4,208.75,37.41
2024-09-22,Shohei Ohtani,660271,678020,0,9,163.06,27.87
2024-05-08,Ryan Mountcastle,663624,640451,1,11,53.32,60.55
2024-06-26,Jake Bauers,641343,543135,2,3,128.82,19.09
2024-07-26,Tyler Fitzgerald,666149,641755,1,6,58.75,53.05
2024-09-19,Michael Harris II,671739,605335,0,8,181.49,46.09
2024-04-06,Joey Bart,663698,669330,2,2,53.24,49.62
2024-07-21,Richie Palacios,680700,573186,0,1,208.89,76.69
2024-07-03,Manny Machado,592518,592351,2,3,76.69,69.58
2024-08-30,Shea Langeliers,669127,641540,2,9,88.12,27.97
2024-09-18,Corbin Carroll,682998,596295,1,1,197.01,35.78
2024-08-19,TJ Friedl,670770,592332,0,4,219,69.27
2024-05-08,Tyler Soderstrom,691016,683004,0,4,75.2,36.11
2024-07-08,Alec Burleson,676475,606930,0,8,187.31,46.21
2024-09-12,Brendan Donovan,680977,686730,0,7,220.44,74.21
2024-07-19,Adley Rutschman,668939,543135,0,1,193.07,58.85
2024-07-22,Juan Soto,665742,687330,2,8,215.4,71
2024-09-16,Brandon Marsh,669016,650644,2,5,71.05,58.52
2024-09-24,Brandon Lowe,664040,689225,2,9,202.82,73.63
2024-07-13,Willson Contreras,575929,665871,1,1,211.42,78.89
2024-05-29,Matt Vierling,663837,683003,1,5,30.88,81.13
2024-08-11,Cal Raleigh,663728,622663,2,5,213.02,51.66
2024-06-04,Zach McKinstry,656716,641540,1,2,229.34,95.89
2024-05-13,Daulton Varsho,662139,666974,1,8,233.97,72.85
2024-04-22,José Caballero,676609,571946,1,8,88.47,34.96
2024-04-06,Ryan McMahon,641857,641302,1,2,22.36,90.4
2024-09-20,Kyle Tucker,663656,672710,0,6,182.28,50.13
2024-06-13,Tyler O'Neill,641933,605400,2,4,92.7,29.91
2024-05-23,Aaron Judge,592450,622491,1,3,152.31,33.62
2024-06-22,Yordan Alvarez,670541,669203,2,3,80.64,35
2024-06-15,Korey Lee,686676,674072,2,9,54.16,47.13
2024-06-29,CJ Abrams,682928,650644,0,1,184,41.27
2024-04-03,Joey Gallo,608336,656605,0,2,213.22,39.44
2024-08-10,Danny Jansen,643376,681293,0,5,30.29,71.29
2024-07-27,Keibert Ruiz,660688,669461,1,6,64.04,54.23
2024-09-06,Mark Vientos,668901,518585,1,1,36.66,79.57
2024-03-31,Will Benson,666181,640448,2,9,97.81,35
2024-08-11,Jake Cave,595909,592426,1,8,49.48,64.34
2024-05-04,Andy Pages,681624,693821,0,4,68.02,52.05
2024-06-30,Trevor Larnach,663616,592773,1,8,159.62,38.22
2024-05-24,Bobby Witt Jr.,677951,641302,0,7,116.62,23.79
2024-07-23,Justin Turner,457759,655889,0,6,47,63.29
2024-05-26,Paul Goldschmidt,502671,665871,1,3,18.74,63.78
2024-06-08,Nick Castellanos,592206,664849,1,8,35.98,56.35
2024-07-11,Bryan De La Cruz,650559,814005,1,1,25.29,96.16
2024-08-17,Dairon Blanco,680118,666157,2,2,135.76,34.42
2024-08-28,Bryan Reynolds,668804,543294,1,1,202.88,42.61
2024-04-16,Lourdes Gurriel Jr.,666971,543294,1,3,36.64,72.77
2024-08-07,Austin Riley,663586,642547,2,5,52.76,41.22
2024-09-20,Michael Toglia,669911,656629,0,9,208.75,71.85
2024-08-09,Cody Bellinger,641355,676979,1,1,192,47
2024-04-12,Jake Cronenworth,630105,543339,1,6,191.69,63.46
2024-10-06,Xander Bogaerts,593428,675627,2,8,54.39,59.58
2024-10-15,José Ramírez,608070,596133,1,9,206.44,75.09
2024-09-08,Jerar Encarnacion,666464,605397,1,4,37.44,55.12
2024-06-21,Luis Arraez,650333,607067,2,5,229.97,99.91
2024-03-31,Justin Turner,457759,641302,0,5,46.42,57.53
2024-07-07,Mitch Garver,641598,621244,1,5,49.74,52.68
2024-04-14,Ryan O'Hearn,656811,607067,2,3,183.1,44.12
2024-09-07,Willy Adames,642715,621389,2,1,228.54,88.02
2024-04-07,Yordan Alvarez,670541,641540,1,3,240.18,95.2
2024-08-31,Lawrence Butler,671732,674003,0,4,209.94,76.13
2024-08-30,Austin Wells,669224,607200,2,3,172.41,44.56
2024-09-08,Connor Norby,681393,686751,0,1,72.18,38.24
2024-08-09,Shohei Ohtani,660271,656605,1,3,142.14,17.94
2024-07-09,Lawrence Butler,671732,678394,0,6,184,22.53
2024-06-02,Adolis García,666969,669432,0,6,43.63,61.48
2024-06-07,Oneil Cruz,665833,657746,0,2,205.85,47.57
2024-09-13,Hunter Goodman,696100,663878,1,8,61.96,44.28
2024-06-05,TJ Friedl,670770,641712,1,5,178.53,31.22
2024-06-07,Jordan Westburg,676059,606965,1,8,206.49,73.04
2024-04-16,Ketel Marte,606466,640470,2,9,172.1,39.38
2024-05-08,Jo Adell,666176,527048,0,3,112.41,35
2024-08-28,Josh Lowe,666139,622491,0,2,195.08,64.61
2024-04-14,Nick Martini,605361,621383,2,5,182.15,48.06
2024-09-07,William Contreras,661388,621389,1,3,190.38,55.79
2024-08-25,Grant McCray,687529,676092,0,8,239.45,77.8
2024-04-16,Joc Pederson,592626,543294,2,3,246.63,81.52
2024-05-11,Jo Adell,666176,666142,1,2,85.48,44.91
2024-09-06,Logan O'Hoppe,681351,570632,0,6,24.81,66.18
2024-04-02,Bryce Harper,547180,668933,0,4,219.94,83.11
2024-08-14,Tyler Stephenson,663886,502043,2,3,178.98,50.47
2024-10-16,Enrique Hernández,571771,657585,2,6,67.29,55.47
2024-09-03,Francisco Lindor,596019,676710,2,3,211.87,76.65
2024-04-26,Eloy Jiménez,650391,541640,0,7,62.82,45.3
2024-07-30,Wyatt Langford,694671,458681,0,2,23.47,87.29
2024-09-19,Michael Harris II,671739,605335,1,9,201.18,67.73
2024-08-08,Pete Alonso,624413,596295,0,3,47.33,31.88
2024-09-10,Christian Walker,572233,543135,1,3,218.5,81.21
2024-06-20,Andrés Giménez,665926,622491,2,5,164.56,36.46
2024-09-16,Ezequiel Tovar,678662,518876,0,4,172.43,37.11
2024-04-14,Vinnie Pasquantino,686469,621242,2,9,215.71,80.48
2024-08-31,Mickey Moniak,666160,662253,2,9,232.1,71.21
2024-09-13,Fernando Tatis Jr.,665487,657277,0,1,148.89,24.97
2024-06-27,Ketel Marte,606466,701581,0,4,180.04,44.57
2024-06-11,Josh Naylor,647304,518585,0,8,210.51,48.3
2024-05-24,Luis García Jr.,671277,669923,1,4,56.37,61.9
2024-06-21,Drew Millas,686452,641712,0,4,104.14,27
2024-06-13,Tyler Soderstrom,691016,657746,0,2,116.58,24.76
2024-04-19,Tyler Stephenson,663886,542881,2,6,29.3,51.77
2024-09-09,Niko Kavadas,694359,678692,2,6,213.43,88.26
2024-06-01,Matt Olson,621566,519008,1,5,199.46,64.83
2024-06-17,Patrick Bailey,672275,643410,2,8,238.1,62.53
2024-09-11,Tyler O'Neill,641933,669211,1,10,45.01,61.91
2024-06-01,Yordan Alvarez,670541,657746,2,5,198.8,58.8
2024-04-14,Cedric Mullins,656775,607067,0,2,218.98,67.82
2024-08-02,Leody Taveras,665750,676710,0,3,222.96,93.92
2024-09-08,Joey Bart,663698,571578,1,1,21.76,67.84
2024-09-22,Eugenio Suárez,553993,593423,2,3,70.69,48.08
2024-03-30,Brett Baty,683146,571948,1,8,185.68,37.57
2024-07-20,Alex Jackson,656577,641482,2,4,184.6,64.22
2024-04-19,Wilyer Abreu,677800,682990,1,1,227.82,61.19
2024-06-06,Elly De La Cruz,682829,665871,0,3,222.78,81.22
2024-05-18,Jake Meyers,676694,669060,1,5,32.56,90.98
2024-09-07,Spencer Horwitz,687462,680885,0,2,113.51,29.47
2024-04-10,Vinnie Pasquantino,686469,656232,1,4,196.65,58.11
2024-08-13,Shohei Ohtani,660271,607067,2,3,204.44,50.89
2024-05-09,Brenton Doyle,686668,676775,0,4,89.39,28.81
2024-05-22,Aaron Judge,592450,682243,1,1,205.7,70.36
2024-04-19,Alec Bohm,664761,676979,2,3,84.39,42.58
2024-04-13,Triston Casas,671213,656288,1,1,207.43,44.8
2024-07-12,Corey Seager,608369,686613,0,6,24.8,102.23
2024-05-10,Nolan Gorman,669357,643361,1,9,206.31,62.42
2024-10-17,Jhonkensy Noel,678877,596133,2,9,29.42,66.31
2024-05-14,Eloy Jiménez,650391,592866,0,2,90.83,37.65
2024-04-11,Seth Brown,664913,592351,0,2,238.03,93.15
2024-07-12,Julio Rodríguez,677594,542881,2,1,198.57,64.32
2024-07-14,Christopher Morel,666624,552640,1,8,23.72,75.35
2024-07-10,Leody Taveras,665750,656288,0,5,174.83,44.49
2024-08-25,Enrique Hernández,571771,682052,0,5,85.26,44.75
2024-09-11,Jared Triolo,669707,642834,1,2,35.48,75.35
2024-08-30,Rhys Hoskins,656555,686730,2,7,29.69,82.26
2024-07-14,Travis d'Arnaud,518595,663568,2,6,101.81,25.9
2024-05-24,Eddie Rosario,592696,608723,0,8,222.74,79.61
2024-06-17,Bryan De La Cruz,650559,668941,2,8,177.85,41.89
2024-05-04,Nico Hoerner,663538,668964,0,1,63.17,57.66
2024-09-25,Adolis García,666969,669620,0,3,35.91,70.53
2024-07-11,Tyler Stephenson,663886,683627,0,7,42.02,72.59
2024-08-10,James Wood,695578,656288,0,2,62.29,58.6
2024-08-23,Lawrence Butler,671732,650644,0,1,157.85,40.18
2024-04-05,Ezequiel Tovar,678662,621363,2,6,58.03,42.76
2024-06-08,Gavin Sheets,657757,678394,2,5,217.16,64.88
2024-09-17,Ian Happ,664023,687765,0,3,184.4,54.59
2024-08-23,Kyle Higashioka,543309,621112,0,2,30.25,86.29
2024-04-05,Brent Rooker,667670,669373,2,6,28.58,92.71
2024-04-24,Zach Neto,687263,666974,0,8,28.58,78.28
2024-07-23,Lawrence Butler,671732,814005,0,3,176.22,40.23
2024-09-26,Charlie Blackmon,453568,502043,1,2,211.58,64.42
2024-04-14,Colton Cowser,681297,571948,2,8,196.46,43.12
2024-08-16,Jake Meyers,676694,657053,2,6,40.1,81.22
2024-06-12,Willi Castro,650489,596295,0,4,63.14,36.46
2024-05-20,Danny Jansen,643376,673929,2,7,40.04,72.64
2024-05-19,Brandon Nimmo,607043,669622,2,9,207.88,61.34
2024-03-21,Manny Machado,592518,656420,0,9,48.98,54.68
2024-06-04,Orlando Arcia,606115,502624,1,7,192.5,62.32
2024-07-03,Brayan Rocchio,677587,605121,2,7,218.94,81.33
2024-05-12,Julio Rodríguez,677594,622072,2,2,128.71,27.79
2024-08-25,Mookie Betts,605141,663992,0,8,77.58,50.44
2024-08-23,Ian Happ,664023,676974,0,3,92.5,40.21
2024-09-21,Kyle Tucker,663656,668943,1,7,,
2024-08-27,Jesús Sánchez,660821,683409,0,9,207.26,60.53
2024-07-03,Wenceel Pérez,672761,701581,2,3,168.64,38.57
2024-06-23,Mark Vientos,668901,668338,1,8,118.18,16.41
2024-07-24,Gleyber Torres,650402,640455,0,1,37.47,68.17
2024-06-03,Austin Hays,669720,592332,2,4,55.13,65.68
2024-07-19,Ezequiel Tovar,678662,592426,2,8,18.63,75.59
2024-08-11,Austin Riley,663586,607536,1,1,115.14,20.15
2024-06-18,Randy Arozarena,668227,641154,2,1,34.12,54.95
2024-04-24,Elias Díaz,553869,593974,2,8,114.6,29.81
2024-04-21,Jesús Sánchez,660821,543294,1,2,146.85,13.36
2024-08-04,Miguel Amaya,665804,681676,2,6,99.05,43.74
2024-09-24,Colton Cowser,681297,641656,0,8,219.22,49.82
2024-04-17,Elly De La Cruz,682829,682243,2,2,185.59,52.24
2024-06-23,Jarred Kelenic,672284,641482,2,3,173.41,51.89
2024-08-15,Javier Báez,595879,662253,2,8,56.23,48.73
2024-08-31,Jake Cronenworth,630105,669358,1,1,218.38,62.25
2024-04-14,Masataka Yoshida,807799,660761,0,6,192.96,58.76
2024-08-06,Teoscar Hernández,606192,656546,0,8,120.23,27.63
2024-08-03,Rob Refsnyder,608701,674003,0,4,81.47,43.61
2024-05-08,Elias Díaz,553869,666808,2,9,12.01,76.58
2024-06-03,Vladimir Guerrero Jr.,665489,680570,0,4,129.51,31.15
2024-04-28,Jake Bauers,641343,573186,0,5,220.11,73.13
2024-08-25,Giancarlo Stanton,519317,676105,1,7,129.31,26.94
2024-06-01,Vinnie Pasquantino,686469,681190,1,1,204.99,53.16
2024-09-06,Seth Brown,664913,571946,1,11,224.23,74.83
2024-09-27,Zach Dezenzo,701305,669212,1,5,112.12,18.84
2024-08-07,Jackson Merrill,701538,594835,0,2,128.26,19.69
2024-06-23,Francisco Lindor,596019,665871,1,3,88.14,49.84
2024-08-06,Michael Massey,686681,678394,2,5,194.27,36.56
2024-08-30,Xander Bogaerts,593428,664076,0,9,43.07,77.56
2024-03-30,Michael Conforto,624424,676680,1,8,204.4,66.55
2024-09-19,Michael Conforto,624424,621107,0,4,199.11,68.36
2024-07-06,Jon Singleton,572138,657746,1,4,175.5,42.34
2024-09-07,Grant McCray,687529,656302,2,2,231.64,74.95
2024-07-14,Brent Rooker,667670,675650,1,4,122.35,16.48
2024-04-10,Michael Toglia,669911,674072,1,4,116.36,26.89
2024-07-10,Lars Nootbaar,663457,608379,0,2,28.58,89.08
2024-05-24,Colt Keith,690993,666201,2,2,188.63,49.79
2024-06-06,Mitch Garver,641598,519008,0,9,87.36,40.71
2024-08-02,Shea Langeliers,669127,694813,0,4,10.17,66.61
2024-09-11,Matt Chapman,656305,607067,2,4,29.94,67.75
2024-07-06,Brent Rooker,667670,700249,0,1,72.33,39.92
2024-05-25,José Ramírez,608070,667755,2,3,217.07,68.39
2024-04-02,Paul DeJong,657557,621345,0,7,36.59,87.32
2024-08-14,Wilyer Abreu,677800,641540,0,6,174.78,40.49
2024-08-11,Cal Raleigh,663728,493603,2,6,196.74,49.99
2024-05-13,Yasmani Grandal,518735,669952,1,8,175.15,34.41
2024-09-28,Emmanuel Rivera,656896,805673,1,2,86.15,24.12
2024-08-24,Trevor Larnach,663616,543243,1,3,221.48,75.42
2024-08-24,Jhonkensy Noel,678877,592351,0,3,40.58,58.33
2024-09-14,Garrett Mitchell,669003,571670,0,4,73.52,48.53
2024-05-08,Bryan De La Cruz,650559,694813,0,4,18.77,79.37
2024-04-19,Francisco Lindor,596019,543339,1,7,184.16,44.52
2024-07-09,Ian Happ,664023,665152,2,4,234.35,79.87
2024-08-03,Matt Chapman,656305,664747,0,9,50.4,44.88
2024-05-15,Seiya Suzuki,673548,445926,2,8,88.08,36.57
2024-08-23,Miguel Amaya,665804,592288,0,9,138.48,29.32
2024-07-23,Andrew Benintendi,643217,622250,0,9,237.02,89.94
2024-08-16,Vinnie Pasquantino,686469,518585,2,9,224.17,74.5
2024-04-16,Ha-Seong Kim,673490,489119,1,1,49.55,119.57
2024-07-13,Ryan Vilade,668723,680736,0,5,59.39,56.16
2024-05-31,Trevor Larnach,663616,669854,1,5,187,47.15
2024-06-10,James McCann,543510,686752,0,3,49.68,55.3
2024-05-26,CJ Abrams,682928,592773,2,7,,
2024-07-29,Michael Busch,683737,571656,0,9,159.54,41.79
2024-07-21,Lars Nootbaar,663457,680885,2,4,141.03,33.06
2024-07-14,Gunnar Henderson,683002,607074,0,3,206.19,41.37
2024-08-30,Willy Adames,642715,691172,1,9,28.52,73.31
2024-07-11,Connor Wong,657136,665622,2,3,64.21,40.2
2024-07-27,Rhys Hoskins,656555,676974,2,4,63.26,87.85
2024-06-17,Justin Turner,457759,601713,1,6,54.49,42.06
2024-07-22,Will Benson,666181,625643,1,3,193.21,54.45
2024-08-24,Trevor Larnach,663616,543243,1,5,132.81,29.68
2024-06-29,Logan O'Hoppe,681351,676684,0,8,81.59,42.16
2024-08-15,Grant McCray,687529,445926,2,6,147.6,37.35
2024-04-02,Shea Langeliers,669127,678394,2,2,70.49,53.14
2024-04-02,Mookie Betts,605141,657277,1,3,80.68,40.76
2024-09-13,Trevor Story,596115,643410,1,7,181.96,59.12
2024-05-17,Mookie Betts,605141,593423,0,1,62.06,61.8
2024-08-02,Marcus Semien,543760,676710,0,6,54.79,53.3
2024-06-08,Paul DeJong,657557,502624,1,7,46.56,56.99
2024-09-01,James McCann,543510,621389,1,4,64.8,35.9
2024-08-13,Andy Pages,681624,607067,1,4,24.86,101.05
2024-07-10,Alec Burleson,676475,679525,1,3,203.04,56.8
2024-09-06,Gunnar Henderson,683002,669358,0,6,184.43,53.11
2024-04-27,Eguy Rosario,666703,624133,2,8,28.46,66.79
2024-06-21,Josh Lowe,666139,682847,2,3,209.23,54.36
2024-04-21,Marcell Ozuna,542303,547179,2,1,157.32,33.32
2024-04-09,Bo Bichette,666182,669923,2,3,39.81,46.56
2024-04-24,Dansby Swanson,621020,681293,2,1,29.96,84.06
2024-07-29,Anthony Volpe,683011,642397,2,8,63.06,64.03
2024-06-29,Nick Gordon,624503,605400,2,2,212.83,87.09
2024-08-03,Jon Singleton,572138,641793,1,2,205.3,80.93
2024-09-10,Mike Yastrzemski,573262,650644,0,6,229.32,103.7
2024-09-25,Spencer Torkelson,679529,655889,1,6,38.64,40.24
2024-07-27,Juan Soto,665742,676710,0,1,172.24,44.17
2024-07-04,Nick Martini,605361,573186,2,2,168.27,48.72
2024-09-29,Gio Urshela,570482,679525,0,3,25.55,97.15
2024-06-04,Harrison Bader,664056,687792,1,4,77.07,43.49
2024-08-20,Ryan Jeffers,680777,527048,0,4,39.48,64.79
2024-04-06,Anthony Rizzo,519203,669952,0,5,233.32,96.35
2024-07-14,Lawrence Butler,671732,614179,2,8,186.7,27
2024-08-13,Alex Bregman,608324,669358,2,5,38.55,74.25
2024-05-24,Dominic Smith,642086,669060,1,6,126.88,33.42
2024-09-18,Luisangel Acuña,682668,694350,1,8,33.45,72.7
2024-06-26,Nathaniel Lowe,663993,572971,0,4,81.05,46.88
2024-04-25,Hunter Goodman,696100,593974,1,8,55.27,31.47
2024-05-17,Lars Nootbaar,663457,678394,0,1,116.97,25.22
2024-04-16,Ian Happ,664023,669459,2,7,23.42,101.64
2024-07-22,Austin Wells,669224,641793,0,2,230.21,88.54
2024-05-25,Brice Turang,668930,677161,2,8,171.47,47.77
2024-06-27,Ian Happ,664023,592426,1,10,151.15,40.3
2024-09-17,Jake Burger,669394,543339,1,8,102,32.99
2024-04-13,Pete Alonso,624413,679525,2,3,39.93,55.73
2024-06-11,Brett Wisely,689172,669854,1,3,220.64,74.52
2024-07-31,Josh Rojas,668942,678394,1,5,101.21,36.41
2024-06-01,Ke'Bryan Hayes,663647,579328,2,1,70.53,45.05
2024-06-14,Salvador Perez,521692,694813,1,4,34.14,46.67
2024-09-10,Cedric Mullins,656775,676710,2,3,234.6,73.54
2024-04-24,Francisco Lindor,596019,669952,1,9,218.36,65.03
2024-05-24,Teoscar Hernández,606192,608718,0,9,211.53,88.29
2024-04-27,Alex Verdugo,657077,605452,1,1,198.35,58.82
2024-07-30,Mark Vientos,668901,701581,0,5,39.8,64.98
2024-06-07,Dansby Swanson,621020,666157,2,6,176.16,48.04
2024-08-10,Masataka Yoshida,807799,681293,0,7,,
2024-08-04,Jurickson Profar,595777,615698,1,5,222.05,73.35
2024-10-16,Max Muncy,571970,656731,0,9,231.71,87.17
2024-06-20,Austin Hays,669720,624647,2,7,73.25,32.02
2024-05-24,Alex Kirilloff,666135,570632,0,4,217.33,64.78
2024-06-02,Nolan Gorman,669357,592836,2,1,231.65,98.76
2024-06-05,Rafael Devers,646240,680885,0,2,42.19,80.58
2024-08-17,Gunnar Henderson,683002,678394,2,6,193.65,69.14
2024-08-25,J.D. Martinez,502110,527048,2,4,152.85,28.29
2024-03-30,Taylor Ward,621493,680570,1,4,102.05,31.32
2024-09-29,Dustin Harris,687957,672710,0,9,189.4,63.32
2024-04-26,Joey Ortiz,687401,661563,1,2,16.23,77.65
2024-07-10,Rhys Hoskins,656555,527048,2,5,11.01,73.5
2024-03-30,Juan Soto,665742,650556,2,7,35.92,98.86
2024-08-10,Matt Olson,621566,641712,2,3,225.31,61.78
2024-08-30,JJ Bleday,668709,592351,2,3,198.8,68.35
2024-07-30,Eugenio Suárez,553993,674285,0,6,,
2024-07-08,Carlos Correa,621043,673929,2,7,32.82,88.07
2024-06-06,Jarren Duran,680776,663765,0,1,218.82,62.18
2024-05-03,Salvador Perez,521692,570632,1,7,18.5,84.11
2024-06-04,Patrick Wisdom,621550,621383,2,6,101.05,36.67
2024-09-16,Andrew Benintendi,643217,672282,1,1,213.34,54.71
2024-03-28,Mike Trout,545361,669203,2,1,89.49,40.39
2024-06-28,Logan O'Hoppe,681351,571946,2,8,36.25,54.7
2024-05-19,Jon Berti,542932,623167,2,4,187.73,64.76
2024-03-31,Ha-Seong Kim,673490,641726,2,2,22.4,97.54
2024-09-28,Bryan Ramos,682868,689225,2,2,45.4,68.44
2024-04-07,Dominic Canzone,686527,600986,2,9,236.89,64.31
2024-06-12,Yordan Alvarez,670541,657277,0,6,94.43,38.14
2024-07-05,Rowdy Tellez,642133,686654,1,8,99.94,25.04
2024-09-01,José Ramírez,608070,621366,1,7,26.04,79.71
2024-08-25,Andrew Vaughn,683734,676614,2,3,48.84,49.63
2024-09-12,Brent Rooker,667670,519151,1,8,85.19,33.91
2024-08-27,Kyle Stowers,669065,615698,0,4,45.97,56.45
2024-06-22,CJ Abrams,682928,615698,0,5,185.88,43.64
2024-09-15,James Wood,695578,686539,0,8,76.95,33.4
2024-10-09,Gavin Lux,666158,593974,2,7,207.13,73.58
2024-08-10,Matt Olson,621566,683409,0,7,233.3,79.15
2024-05-29,Matt Vierling,663837,694973,2,6,52.24,67.31
2024-08-11,Matt Vierling,663837,806185,0,1,70.66,53.18
2024-08-28,Shohei Ohtani,660271,669203,0,1,201.59,59.77
2024-04-08,Jake Cronenworth,630105,665871,0,6,214.67,61.35
2024-06-16,Spencer Steer,668715,607067,0,4,48.83,57.73
2024-08-10,Vidal Bruján,660644,663362,2,4,139.59,31.86
2024-08-15,Nick Castellanos,592206,680730,1,1,40.98,70.39
2024-06-30,Wyatt Langford,694671,640454,0,8,10.19,82.03
2024-04-14,Michael Busch,683737,622491,0,4,199.19,37.31
2024-05-25,Anthony Santander,623993,656629,1,8,207.27,61.07
2024-08-09,Brice Turang,668930,686730,1,2,81.29,50.99
2024-07-30,Jazz Chisholm Jr.,665862,605400,0,6,196.29,44.95
2024-08-29,Brenton Doyle,686668,678368,2,3,137.22,25.58
2024-04-08,Juan Soto,665742,666200,2,4,226.71,79.63
2024-04-22,Travis d'Arnaud,518595,677960,1,4,24.37,90.69
2024-05-17,Jason Heyward,518792,664747,1,8,235.33,84.82
2024-08-18,Alex Call,669743,592836,2,5,13.25,83.17
2024-08-13,Gio Urshela,570482,663423,0,6,38.34,80.3
2024-05-26,Ian Happ,664023,552640,1,7,185.65,44.51
2024-09-20,Charlie Blackmon,453568,543339,2,5,160.04,32.19
2024-09-08,Xander Bogaerts,593428,666808,0,8,38.48,57.71
2024-07-19,Max Schuemann,680474,656288,1,4,18.41,93.13
2024-08-25,Willy Adames,642715,680880,0,7,35.16,66.33
2024-07-31,Weston Wilson,642215,641482,0,5,44.93,60.01
2024-07-29,Marcell Ozuna,542303,607067,0,4,9.08,63.71
2024-08-21,Alex Bregman,608324,681867,0,1,39.15,81.14
2024-09-10,Luke Raley,670042,506433,0,2,231.49,93.21
2024-08-24,Brent Rooker,667670,607067,0,6,69.59,46.35
2024-07-06,Brenton Doyle,686668,607625,0,2,185.89,44.82
2024-04-13,Kerry Carpenter,681481,657746,2,1,184.87,41.51
2024-05-17,Jonah Heim,641680,542881,1,2,42.71,69.85
2024-06-06,Andrew Vaughn,683734,656557,1,7,35.6,67.37
2024-06-01,Yordan Alvarez,670541,657746,1,1,221.47,78.07
2024-06-13,Justyn-Henry Malloy,669234,571882,2,6,21.17,70.56
2024-09-14,Marcus Semien,543760,669302,1,5,46.05,82.55
2024-07-28,Gavin Lux,666158,681293,0,6,191.26,60.23
2024-07-27,Bryce Harper,547180,471911,0,4,41.17,83.49
2024-09-01,Royce Lewis,668904,643338,1,8,47.31,79.03
2024-05-20,Nolan Schanuel,694384,664285,1,5,204.29,72.11
2024-05-05,Vladimir Guerrero Jr.,665489,669022,2,2,28.48,60.7
2024-07-28,Austin Riley,663586,592773,1,7,47.68,64.94
2024-06-22,Chas McCormick,676801,641329,0,8,204.77,79.26
2024-03-28,Vladimir Guerrero Jr.,665489,621107,2,6,109.55,17.44
2024-08-16,Kevin Kiermaier,595281,552640,2,6,172.01,37.38
2024-07-07,Zach McKinstry,656716,664747,2,8,178.68,51.68
2024-08-30,Orlando Arcia,606115,624133,0,3,56.41,48.91
2024-06-01,Aaron Judge,592450,657277,1,1,68.88,39.04
2024-07-02,Brenton Doyle,686668,572971,0,2,16.85,96.45
2024-07-03,Stuart Fairchild,656413,607074,0,5,18.58,98.06
2024-06-20,Cedric Mullins,656775,661563,0,2,208.01,82.53
2024-09-01,Jake Fraley,641584,668964,0,2,216.59,70.58
2024-08-06,Yordan Alvarez,670541,641540,2,9,197.32,36.98
2024-04-14,Jorge Polanco,593871,665871,2,6,192.09,51.41
2024-05-28,Rob Refsnyder,608701,669211,2,9,55.04,44.66
2024-04-02,Willson Contreras,575929,506433,2,6,172.42,30.89
2024-07-21,Jorge Polanco,593871,669854,0,4,205.03,60.18
2024-04-30,Jeimer Candelario,600869,660853,0,7,226.07,95.73
2024-08-12,Brooks Baldwin,681460,660853,1,7,221.64,93.86
2024-07-24,Jarren Duran,680776,615698,2,5,171.94,35.48
2024-09-18,Adolis García,666969,670102,0,6,29.81,82.24
2024-04-10,Jake Burger,669394,573186,1,3,91.76,30.29
2024-08-22,Yasmani Grandal,518735,596001,1,6,170,40
2024-04-15,Will Brennan,686823,669711,2,7,236.91,98.07
2024-08-02,Corey Seager,608369,676710,1,3,177.59,41.31
2024-08-16,Gavin Lux,666158,571945,0,2,126.38,34.65
2024-09-16,Hunter Goodman,696100,656464,2,7,35.92,70.82
2024-07-23,Tyler Fitzgerald,666149,689017,2,2,21.63,85.25
2024-05-07,Brandon Nimmo,607043,571945,0,5,137.4,21.05
2024-04-28,Jake Cronenworth,630105,592836,2,3,218.15,66.18
2024-07-09,Cal Raleigh,663728,673513,1,7,35.66,75.39
2024-06-12,Jackson Merrill,701538,695243,1,9,230.53,90.98
2024-06-23,Patrick Bailey,672275,543243,2,7,246.91,74.32
2024-07-09,Julio Rodríguez,677594,800049,1,5,50.68,50.05
2024-05-10,Paul DeJong,657557,471911,0,7,15.02,84.78
2024-09-03,Keibert Ruiz,660688,676974,2,6,204.75,67.63
2024-07-20,Eddie Rosario,592696,681676,2,7,215.63,84
2024-05-24,Josh Naylor,647304,663776,2,4,180.09,46.88
2024-07-23,Luis Arraez,650333,687792,2,5,180.88,52.73
2024-07-14,Ezequiel Tovar,678662,500779,0,1,51.2,40.98
2024-04-05,Tyler O'Neill,641933,656288,0,2,160.61,36.58
2024-05-11,Nico Hoerner,663538,694973,1,4,36.19,73.78
2024-05-26,Matt Vierling,663837,605447,2,9,47.18,52.87
2024-07-04,Gunnar Henderson,683002,682243,0,3,44.28,69.22
2024-07-14,Vladimir Guerrero Jr.,665489,656464,0,7,166.01,26.06
2024-09-07,Taylor Ward,621493,683004,0,1,65.73,55.19
2024-05-09,Dairon Blanco,680118,672282,0,3,55.27,54.9
2024-09-19,Yasmani Grandal,518735,552640,2,7,224.21,73.1
2024-04-20,Alexander Canario,672744,682610,0,6,28.97,60.6
2024-08-26,Brandon Marsh,669016,669854,0,5,64.03,53.39
2024-05-02,Ryan Mountcastle,663624,607074,2,3,161.27,38.84
2024-08-26,Manny Machado,592518,502043,2,1,131.73,29.37
2024-08-06,Tyler Stephenson,663886,676974,0,2,113.19,41.67
2024-09-11,Ryan McMahon,641857,663554,0,2,225.39,95.18
2024-06-30,Brice Turang,668930,543294,2,4,203.64,65.7
2024-07-26,Anthony Volpe,683011,678394,2,2,128.67,31.78
2024-08-25,Juan Soto,665742,676105,1,7,174.55,36.67
2024-06-04,Pete Alonso,624413,640448,1,9,16.92,53.47
2024-09-20,Kevin Pillar,607680,593576,0,7,26.83,88.71
2024-08-08,J.T. Realmuto,592663,677944,0,7,67.82,34.68
2024-07-09,Will Benson,666181,615698,1,2,205.95,65.87
2024-10-06,Pete Alonso,624413,614179,0,6,194.61,66.17
2024-09-03,Lawrence Butler,671732,622491,0,1,160.31,37.5
2024-05-15,Gary Sánchez,596142,527048,1,3,29.13,83.92
2024-08-08,Mark Vientos,668901,663567,2,5,47.54,45.31
2024-08-26,Juan Yepez,660766,641482,1,7,52.7,39.55
2024-05-08,Paul DeJong,657557,650644,0,5,34.55,64.82
2024-09-15,Adley Rutschman,668939,676684,2,8,213.17,71.73
2024-09-16,Lenyn Sosa,672820,672282,0,3,23.94,71.27
2024-05-01,Tommy Pham,502054,641927,2,3,65.24,43.05
2024-05-21,Bobby Witt Jr.,677951,663554,1,2,95.13,11.65
2024-05-31,Ceddanne Rafaela,678882,666214,1,6,68.37,75.54
2024-05-20,Marcell Ozuna,542303,656302,0,3,60.86,45.53
2024-05-23,Vladimir Guerrero Jr.,665489,669438,2,9,105.9,29.11
2024-07-03,Christian Walker,572233,642232,2,4,45.37,68.68
2024-06-30,Randy Arozarena,668227,607179,2,7,28.56,57.7
2024-07-02,Ryan Kreidler,668952,680573,1,5,42.26,67.43
2024-07-12,Freddie Freeman,518692,669373,1,4,188.54,47.26
2024-05-18,Nolan Gorman,669357,676710,1,2,227.34,86.44
2024-05-05,Eddie Rosario,592696,657024,2,7,182.1,46.07
2024-04-20,Travis d'Arnaud,518595,643493,0,8,55.1,43.21
2024-07-12,Jeimer Candelario,600869,630023,1,1,210.57,65.93
2024-09-18,Michael Conforto,624424,665152,0,6,241.97,85.77
2024-06-08,Aaron Judge,592450,642232,2,9,177.57,54.67
2024-09-14,Bryce Harper,547180,622663,2,6,199.35,60.78
2024-05-27,Jazz Chisholm Jr.,665862,650633,2,3,192.53,43.86
2024-07-05,Will Smith,669257,663542,2,7,21.03,77.67
2024-06-01,Enmanuel Valdez,665839,681857,1,6,219.56,110.19
2024-05-12,Oneil Cruz,665833,543294,0,4,205.41,80.36
2024-04-22,Parker Meadows,678009,641793,1,6,158.68,29.28
2024-07-05,Rowdy Tellez,642133,622663,0,4,194.37,40.87
2024-07-24,Kyle Higashioka,543309,607179,2,4,27.94,76.75
2024-05-04,Max Kepler,596146,592155,1,4,192.06,48.62
2024-05-21,Christian Walker,572233,694813,0,6,3.27,82.55
2024-08-08,Luke Raley,670042,676614,1,6,201.44,73.04
2024-05-19,Gunnar Henderson,683002,669923,0,1,152.44,30.1
2024-07-22,Sam Hilliard,656541,677161,1,10,158.44,19.2
2024-05-06,Christopher Morel,666624,673513,1,6,67.04,60.8
2024-08-13,Connor Wong,657136,570632,2,5,17.38,91.82
2024-07-29,Vladimir Guerrero Jr.,665489,608344,0,8,128.93,30.86
2024-09-28,Enrique Hernández,571771,622608,1,2,95.67,27.52
2024-08-27,Jackson Chourio,694192,657277,1,3,101.52,29.84
2024-09-03,Mookie Betts,605141,672710,2,10,43.9,49.13
2024-05-12,Eddie Rosario,592696,678394,2,4,173.6,53.01
2024-09-16,Colt Keith,690993,607625,2,5,176.43,42.63
2024-03-31,Avisaíl García,541645,663559,0,4,165.71,33.16
2024-06-13,J.D. Martinez,502110,656945,1,9,175.09,42.99
2024-05-07,Isaac Paredes,670623,641745,0,6,48.65,54.52
2024-03-30,Michael Harris II,671739,641401,0,9,188.36,61.31
2024-04-03,Jeremy Peña,665161,641149,0,7,93.54,74.42
2024-05-12,Carlos Santana,467793,666201,2,7,173.86,44.65
2024-09-05,Ezequiel Tovar,678662,625643,1,6,15.84,86.39
2024-06-04,Gleyber Torres,650402,641927,2,2,184.92,71.34
2024-07-03,Teoscar Hernández,606192,691441,0,1,66.51,53.29
2024-09-22,Jesús Sánchez,660821,669276,0,6,122.34,22.41
2024-05-08,Jeremy Peña,665161,624647,1,8,56.27,62.48
2024-07-26,Christian Vázquez,543877,666214,1,6,39.08,64.94
2024-07-05,Luis García Jr.,671277,543243,2,3,94.99,44.07
2024-04-21,Buddy Kennedy,671083,686973,2,3,27.4,75.6
2024-08-19,Nick Fortes,663743,694297,0,3,16.39,77.26
2024-06-17,Tyler O'Neill,641933,579328,2,3,88.54,41.57
2024-04-02,Davis Schneider,676914,623352,2,9,90.91,31.43
2024-04-22,Andrew McCutchen,457705,605452,0,1,109.85,32.5
2024-09-08,Randy Arozarena,668227,571945,1,2,22.97,78.24
2024-05-12,Adley Rutschman,668939,668678,0,6,216.66,82.78
2024-07-19,Jarren Duran,680776,694813,2,5,100.34,40.86
2024-04-10,Jurickson Profar,595777,543294,0,6,240.22,102.48
2024-04-15,Mitch Haniger,571745,593423,0,3,82.2,44.14
2024-05-28,Josh Naylor,647304,663372,1,5,217.19,66.42
2024-07-14,Seth Brown,664913,614179,0,8,204.83,73.12
2024-08-22,Niko Kavadas,694359,667297,2,9,40.64,80.76
2024-09-08,Connor Wong,657136,623167,2,2,55.8,55.06
2024-08-08,Jake McCarthy,664983,689147,0,6,224.51,70.54
2024-05-19,Aaron Judge,592450,623167,0,5,209.96,90.39
2024-05-08,Brent Rooker,667670,668390,1,7,118.3,65.28
2024-08-07,Josh Bell,605137,471911,2,3,214.26,75.18
2024-08-19,Ernie Clement,676391,664747,0,9,71.16,43.48
2024-08-06,Alejandro Kirk,672386,642397,2,6,21.79,78.92
2024-08-30,Paul DeJong,657557,623352,1,9,61.6,66.39
2024-04-01,Salvador Perez,521692,665152,2,3,142.45,30.52
2024-05-14,Matt Olson,621566,592791,2,4,152.78,17.28
2024-06-16,Aaron Judge,592450,676710,2,1,58.9,60.83
2024-04-16,Connor Wong,657136,595881,1,6,50.52,66.94
2024-06-12,Jo Adell,666176,677944,0,4,49.1,43.51
2024-06-25,George Springer,543807,678394,1,3,177.12,50.52
2024-06-03,Alex Bregman,608324,668941,0,8,28.76,61.39
2024-09-26,Andy Pages,681624,663773,2,8,27.83,59.06
2024-05-03,Ryan O'Hearn,656811,641941,1,7,183.86,49.04
2024-06-29,Lenyn Sosa,672820,615698,2,5,173.77,49.03
2024-08-10,Jazz Chisholm Jr.,665862,642520,2,8,172.27,48.31
2024-08-10,Jake McCarthy,664983,628708,1,7,217.92,54.94
2024-06-06,Vladimir Guerrero Jr.,665489,700249,2,3,209.04,81.29
2024-07-11,Eugenio Suárez,553993,608331,0,5,103.64,23.47
2024-08-30,Eugenio Suárez,553993,607455,1,9,22.6,91.66
2024-03-28,Nick Martini,605361,680686,1,2,208.83,57.1
2024-09-21,Francisco Alvarez,682626,624133,1,2,37.43,66.37
2024-08-31,Mookie Betts,605141,518876,0,1,52.61,54.61
2024-05-31,Aaron Judge,592450,663855,1,3,56.27,57.24
2024-05-05,Francisco Lindor,596019,686752,1,1,209.04,63.14
2024-07-22,Bryan De La Cruz,650559,676130,1,7,31.95,74.21
2024-08-31,Brendan Donovan,680977,701542,1,3,219.28,100.85
2024-09-04,Eugenio Suárez,553993,806185,0,2,37.17,75.28
2024-06-03,Marcus Semien,543760,669373,0,1,38.56,68.09
2024-05-10,José Ramírez,608070,621383,1,8,25.88,84.06
2024-05-30,Akil Baddoo,668731,601713,1,5,63.09,50.18
2024-04-30,Alex Bregman,608324,471911,2,3,57.11,47.69
2024-08-28,Yordan Alvarez,670541,592836,2,4,29.31,95.2
2024-06-29,Jhonkensy Noel,678877,666142,2,4,15.39,87.2
2024-04-13,LaMonte Wade Jr.,664774,686752,2,5,176.49,49.27
2024-08-09,Spencer Steer,668715,650644,0,7,28.35,82.53
2024-05-06,Brandon Nimmo,607043,552640,1,7,241.6,75.14
2024-08-16,Ian Happ,664023,663893,0,7,118.9,7.26
2024-07-09,Kyle Higashioka,543309,669302,2,8,73.21,49.9
2024-05-11,Teoscar Hernández,606192,660853,2,6,25.85,76.15
2024-07-05,Colt Keith,690993,686730,2,3,204.84,51.01
2024-05-05,Jonah Heim,641680,663704,1,9,230.61,101.6
2024-06-05,Royce Lewis,668904,642701,0,7,19.34,90.95
2024-09-11,Austin Hedges,595978,663436,0,3,25.25,91.7
2024-07-27,Marcell Ozuna,542303,656731,2,4,74.6,35.64
2024-08-10,Yordan Alvarez,670541,641745,0,6,237.2,67.72
2024-06-15,Anthony Santander,623993,614179,0,8,220.72,80.54
2024-04-27,Yordan Alvarez,670541,615698,2,3,177.87,37.21
2024-05-19,Corey Seager,608369,667755,1,4,220.58,75.01
2024-06-14,Jose Trevino,624431,502624,1,9,61.75,53.9
2024-07-04,Heliot Ramos,671218,450203,0,4,131.14,27.36
2024-08-21,Matt Wallner,670242,663362,1,4,222.53,62.81
2024-07-12,Jesús Sánchez,660821,686730,1,4,215.07,74.26
2024-06-14,Austin Riley,663586,641793,2,2,38.81,51.46
2024-09-17,Jorge Polanco,593871,661563,1,2,215.07,74.58
2024-07-26,Rhys Hoskins,656555,669432,0,3,50.5,54.76
2024-09-18,Manny Machado,592518,672391,0,8,39.22,77.95
2024-08-25,Brandon Drury,592273,667297,1,8,27.22,88.16
2024-04-24,George Springer,543807,672582,2,5,119.14,30.45
2024-06-17,Greg Jones,675659,656420,2,9,240.2,71.99
2024-07-03,Cal Raleigh,663728,669211,1,6,82.1,33.37
2024-05-11,Vidal Bruján,660644,592836,0,5,173.66,42.72
2024-08-04,MJ Melendez,669004,571946,2,9,227,92.12
2024-09-17,Francisco Alvarez,682626,680730,0,4,40.58,62.49
2024-05-17,Alec Burleson,676475,678394,0,4,199.82,59.41
2024-09-25,Wyatt Langford,694671,669620,0,1,34.82,84.19
2024-06-22,Brendan Donovan,680977,592426,1,7,237,67.37
2024-07-02,Manuel Margot,622534,669373,2,5,77.14,42.07
2024-07-22,Francisco Lindor,596019,608638,0,9,63.79,55.69
2024-08-29,Derek Hill,656537,663562,1,6,52,45.33
2024-09-20,Anthony Santander,623993,663947,2,1,71.32,37.76
2024-09-23,Kyle Schwarber,656941,668873,0,3,166.2,36.98
2024-06-13,Kyle Stowers,669065,572955,2,7,160.64,24.51
2024-04-30,Jorge Polanco,593871,625643,2,3,212.85,85.68
2024-04-07,Cody Bellinger,641355,642232,2,6,233.45,92.16
2024-07-22,Bryce Harper,547180,641927,1,1,239.28,68.15
2024-06-11,Ezequiel Duran,677649,675627,2,7,66.72,47.76
2024-09-22,Miguel Vargas,678246,506433,1,6,50.7,53.25
2024-08-20,Triston Casas,671213,669854,0,1,229.87,82.4
2024-09-22,Kerry Carpenter,681481,544150,1,3,231.42,88.36
2024-05-24,JJ Bleday,668709,434378,0,5,219.11,70.36
2024-06-02,TJ Friedl,670770,676962,2,2,198.79,64.89
2024-09-28,Cal Raleigh,663728,683155,0,4,226.21,87.82
2024-06-28,Jose Siri,642350,680730,0,2,9.77,81.63
2024-09-28,Nick Gonzales,693304,661563,1,4,43.27,52.3
2024-09-27,Shohei Ohtani,660271,683627,0,6,228.3,54.08
2024-10-11,Teoscar Hernández,606192,506433,1,7,38.21,52.57
2024-05-24,Kerry Carpenter,681481,666201,2,5,199.54,49.81
2024-06-05,Jonathan India,663697,683409,2,9,36.95,73.77
2024-09-28,Trea Turner,607208,678606,2,8,48.83,61.27
2024-09-20,William Contreras,661388,668678,2,5,162.94,40.52
2024-09-10,Lane Thomas,657041,681402,1,6,49,68.73
2024-06-08,Teoscar Hernández,606192,592454,1,8,82.88,32.91
2024-06-20,Zack Gelof,680869,607625,2,7,133.7,28.57
2024-04-30,Johan Rojas,679032,608032,1,9,46.84,62.2
2024-09-22,Zach Neto,687263,650556,0,8,61.03,52.62
2024-06-09,Marcus Semien,543760,676775,1,2,26.35,94.16
2024-08-03,Anthony Volpe,683011,621244,2,5,50.24,51.48
2024-05-01,Willy Adames,642715,621107,1,6,151.09,34.12
2024-09-30,Francisco Lindor,596019,572955,1,9,157.02,36.68
2024-07-21,Jarred Kelenic,672284,571945,2,3,225.41,70.25
2024-04-05,Christian Yelich,592885,669302,1,6,237.32,62.88
2024-09-25,Parker Meadows,678009,641793,0,1,229.65,76.51
2024-04-24,Willi Castro,650489,676979,1,2,24.08,84.54
2024-05-22,Bo Bichette,666182,680897,2,2,111.45,30.87
2024-07-05,Jose Miranda,669304,681869,1,3,,
2024-07-21,Jazz Chisholm Jr.,665862,681035,1,4,208.39,59.5
2024-08-03,Jonah Heim,641680,656557,2,4,225.78,73.28
2024-04-28,Nick Senzel,669222,677960,1,4,155.76,38.26
2024-05-21,Joc Pederson,592626,675627,1,7,183.17,43.7
2024-08-31,Will Wagner,695238,656240,0,6,220.93,57.45
2024-03-29,Fernando Tatis Jr.,665487,690986,0,6,22.1,52.51
2024-05-14,Sal Frelick,686217,682990,1,2,223.42,87.5
2024-07-28,Ramón Laureano,657656,518617,0,8,66.86,48.97
2024-06-18,Elehuris Montero,660707,621111,1,2,60.66,42.74
2024-08-10,Ke'Bryan Hayes,663647,543339,1,9,72.54,54.13
2024-10-06,Nick Castellanos,592206,622663,2,6,66.46,37.05
2024-08-09,Jake Burger,669394,527048,0,4,36.53,49.9
2024-06-28,Seiya Suzuki,673548,607067,1,4,7.36,86.53
2024-07-21,Byron Buxton,621439,656730,0,9,32.08,73.48
2024-08-16,Jeff McNeil,643446,682610,1,4,219.45,77.28
2024-06-16,Austin Slater,596103,608334,0,7,114.86,31.7
2024-08-17,Jared Triolo,669707,608638,1,7,48.14,51.51
2024-06-12,Luke Raley,670042,686563,1,7,201.58,66.92
2024-07-23,Ketel Marte,606466,679525,1,5,,
2024-07-14,Willy Adames,642715,686294,2,8,72.51,39.46
2024-05-07,Kevin Pillar,607680,672710,0,7,36.36,65.25
2024-07-29,Aaron Judge,592450,628708,1,7,43.84,44.98
2024-05-14,Nelson Velázquez,676369,669302,2,7,44.93,59.42
2024-05-30,Seiya Suzuki,673548,663542,1,7,56.35,58.25
2024-09-29,Francisco Lindor,596019,607067,0,6,230.82,87.73
2024-04-01,Josh Jung,673962,686752,2,1,37.5,69.28
2024-06-07,JJ Bleday,668709,643338,0,9,219.54,82.18
2024-09-04,Andrew Vaughn,683734,544150,0,4,144.02,32.8
2024-07-31,Travis d'Arnaud,518595,683232,0,8,71.99,41.15
2024-08-05,Shohei Ohtani,660271,621383,0,8,85.16,49.19
2024-06-08,Yordan Alvarez,670541,542881,1,5,206.75,67.6
2024-07-06,Ozzie Albies,645277,624133,0,5,32.18,56.67
2024-06-16,Travis d'Arnaud,518595,621107,1,2,125.26,26.02
2024-08-02,Pete Alonso,624413,542881,1,3,2.56,79.24
2024-05-07,Brendan Donovan,680977,676130,0,1,163.31,38.45
2024-05-21,Mark Vientos,668901,675540,1,5,146.25,26.2
2024-09-02,Trevor Larnach,663616,641793,2,2,222.83,84.89
2024-08-30,Santiago Espinal,669289,607067,1,2,56.56,51.11
2024-05-07,Giancarlo Stanton,519317,434378,0,5,69.86,38.02
2024-04-25,Carlos Santana,467793,621051,2,8,205.07,57.23
2024-09-13,TJ Friedl,670770,641927,1,2,223.89,97.35
2024-08-12,Korey Lee,686676,661563,0,4,18.33,72.75
2024-04-27,Andrew Benintendi,643217,650644,0,4,145.59,36.42
2024-05-05,Bryce Harper,547180,657277,0,3,160.39,36.93
2024-09-11,Nick Castellanos,592206,669358,2,1,60.36,64.42
2024-08-17,Rowdy Tellez,642133,622491,1,4,174.97,48.66
2024-06-26,Ryan O'Hearn,656811,675540,0,8,206.74,64.2
2024-05-04,Ha-Seong Kim,673490,686826,1,7,47.18,65.97
2024-09-08,Max Muncy,571970,543238,1,8,91.33,40.62
2024-06-26,Gabriel Arias,672356,680570,0,5,9.34,89.6
2024-04-14,Marcell Ozuna,542303,656945,2,9,89.88,37.54
2024-09-03,Brayan Rocchio,677587,669674,0,7,16.83,94.07
2024-06-08,TJ Friedl,670770,676962,1,3,222.96,74.5
2024-04-24,Korey Lee,686676,657746,1,3,52.19,44.28
2024-06-21,Tommy Pham,502054,656427,2,5,17.47,94.7
2024-09-22,Spencer Torkelson,679529,544150,2,2,21.57,98.87
2024-06-28,José Ramírez,608070,679525,2,1,227.1,53.06
2024-06-01,Gavin Sheets,657757,688107,1,4,194.25,47.3
2024-05-08,Trevor Larnach,663616,669923,1,1,206.77,58.46
2024-08-26,Spencer Torkelson,679529,605121,1,7,135.44,21.44
2024-09-22,Jonah Bride,681146,656550,2,2,25.28,74.02
2024-04-25,Teoscar Hernández,606192,669022,0,2,74.18,42.35
2024-09-28,Ryan Jeffers,680777,669211,2,9,49.08,58.76
2024-09-04,Jarred Kelenic,672284,687134,2,1,215.94,66.29
2024-08-16,Leo Jiménez,677870,543294,0,5,101.43,29.13
2024-07-24,Josh Bell,605137,694646,1,4,163.73,35.71
2024-05-25,Ryan O'Hearn,656811,673929,1,8,184.97,55.55
2024-04-05,Ketel Marte,606466,675911,0,1,201.28,62.9
2024-04-03,Corey Seager,608369,650644,0,6,229.25,103.58
2024-04-29,Justin Turner,457759,680742,1,1,26.37,101.77
2024-06-04,Connor Norby,681393,663878,1,8,45.67,72.34
2024-06-07,Ha-Seong Kim,673490,694297,1,6,136.98,34.38
2024-08-24,JJ Bleday,668709,607067,2,1,185.61,44.75
2024-09-15,Lars Nootbaar,663457,642232,0,7,215.62,81.56
2024-05-17,José Ramírez,608070,661395,2,8,218.69,73.98
2024-08-29,Matt Olson,621566,650911,0,6,160.95,29.45
2024-07-06,Shohei Ohtani,660271,663542,1,8,164.35,29.22
2024-08-01,Matt Olson,621566,676974,1,1,215.53,76.63
2024-04-16,Kyle Tucker,663656,607481,0,9,209.73,70.68
2024-07-13,Rece Hinds,677956,665795,0,3,49.96,41.59
2024-04-28,Seth Brown,664913,544150,1,2,155.27,36.07
2024-07-27,Matt Olson,621566,656731,2,4,81.36,50.89
2024-08-23,Jose Altuve,514888,700249,1,3,193.59,59.92
2024-09-10,Cal Raleigh,663728,506433,2,1,226.06,73.58
2024-08-27,Grant McCray,687529,668964,1,5,203.36,46.03
2024-09-07,Pedro Pagés,686780,669302,1,8,49.21,55.11
2024-04-11,Brandon Marsh,669016,683003,1,7,86.37,48.37
2024-06-02,Gunnar Henderson,683002,641793,0,1,227.77,61.69
2024-04-02,JJ Bleday,668709,678394,2,3,168.38,39.06
2024-06-27,Jake Burger,669394,656546,0,8,28.69,82.29
2024-07-11,Heliot Ramos,671218,592332,1,1,59.8,55.96
2024-08-11,Travis d'Arnaud,518595,607536,2,4,58.24,34.25
2024-07-20,Alek Thomas,677950,543294,1,5,60.17,68.04
2024-09-27,Nick Gonzales,693304,607074,0,6,55.77,77.02
2024-08-11,Byron Buxton,621439,680704,2,8,33.74,82.71
2024-03-28,Lourdes Gurriel Jr.,666971,607536,1,1,21.01,75.46
2024-08-18,Ramón Laureano,657656,686799,0,4,62.94,31.11
2024-10-03,Pete Alonso,624413,642207,1,9,202.45,71.55
2024-08-10,Alex Bregman,608324,641745,2,7,112.17,28.4
2024-08-27,Willy Adames,642715,657277,0,6,42.87,43.16
2024-09-08,Curt Casali,592200,689690,1,6,77.54,43.23
2024-07-30,Ryan McMahon,641857,656288,1,2,23.67,94.61
2024-07-31,Luis Campusano,669134,477132,1,4,26.11,100.23
2024-04-23,Mike Tauchman,643565,641585,2,1,41.52,74.98
2024-08-13,Shea Langeliers,669127,621112,0,3,49.34,53.27
2024-05-24,Aaron Judge,592450,506433,2,3,36.8,58.73
2024-08-13,Tyler Fitzgerald,666149,450203,0,3,74.37,34.85
2024-04-20,Brice Turang,668930,571945,0,4,200.63,61.12
2024-03-30,Matt Olson,621566,605400,0,3,212.43,93.56
2024-05-31,Edmundo Sosa,624641,571945,2,2,105.52,22.22
2024-07-13,Luis García Jr.,671277,596001,0,7,95.03,41.46
2024-06-15,Andrew McCutchen,457705,664129,1,7,24.74,54.84
2024-10-06,David Peralta,444482,656427,2,2,137.05,31.87
2024-08-22,Brenton Doyle,686668,571578,2,6,59.54,48.35
2024-08-27,Zack Gelof,680869,668984,2,8,62.44,39.28
2024-04-13,Brenton Doyle,686668,684320,0,3,27.1,59.75
2024-07-27,Ketel Marte,606466,594835,0,2,193.98,44.89
2024-05-01,Tyler Nevin,663527,682990,2,3,56.91,59.6
2024-08-16,Pete Crow-Armstrong,691718,684320,0,5,162.99,35.38
2024-07-14,Salvador Perez,521692,678394,1,6,74.32,34.13
2024-05-12,Xander Bogaerts,593428,681402,2,5,86.96,33.78
2024-07-09,Trea Turner,607208,676272,0,4,32.2,89.31
2024-08-02,Tyler Fitzgerald,666149,607259,1,7,57.4,56.2
2024-08-21,Jake McCarthy,664983,682610,1,3,219.66,111.05
2024-09-08,Spencer Horwitz,687462,641729,2,8,231.47,86.74
2024-09-24,Jake Cronenworth,630105,689017,2,2,224.71,92.2
2024-07-27,Brandon Marsh,669016,471911,1,4,215.21,62.33
2024-07-21,Mickey Moniak,666160,683155,2,5,229.62,85.94
2024-07-21,Shohei Ohtani,660271,676710,0,5,173.92,12.77
2024-09-22,Enrique Hernández,571771,677955,1,7,60.72,59.65
2024-06-16,Ben Rortvedt,666163,694462,1,4,231.38,97.97
2024-03-28,Yandy Díaz,650490,621244,0,1,23.89,96.78
2024-04-15,Jackson Chourio,694192,605397,2,2,35.4,80.47
2024-08-28,Julio Rodríguez,677594,641302,2,5,26.34,93.87
2024-03-31,Jose Altuve,514888,657376,2,3,47.36,85.57
2024-04-30,Josh Smith,669701,607179,1,6,207.13,75.91
2024-09-24,Nathaniel Lowe,663993,687765,0,4,131.27,20.23
2024-05-23,Nick Castellanos,592206,622786,2,7,60.43,61.54
2024-09-11,Shohei Ohtani,660271,696136,0,1,169.47,41.06
2024-04-13,Starling Marte,516782,669422,0,8,87.81,46.07
2024-05-18,Giancarlo Stanton,519317,641745,1,3,172.68,52.08
2024-08-09,Andrew Benintendi,643217,592791,0,5,208.73,81.05
2024-06-17,Kyle Schwarber,656941,670970,0,6,153.08,34.59
2024-09-01,Jon Singleton,572138,679525,2,4,212.05,63.18
2024-05-03,Jorge Polanco,593871,669854,2,3,189.97,47
2024-09-03,Wyatt Langford,694671,605280,1,9,20.29,71.23
2024-09-27,Ryan O'Hearn,656811,641154,0,2,229.61,73.82
2024-05-13,Adley Rutschman,668939,621244,2,6,210.52,73.98
2024-09-03,Addison Barger,680718,663969,1,1,190.14,66.58
2024-06-26,Tyrone Taylor,621438,672782,2,6,66.46,50.02
2024-04-05,Kris Bryant,592178,621097,0,8,,
2024-04-01,Jeremy Peña,665161,670102,1,2,45.67,61.32
2024-07-28,Connor Wong,657136,607074,0,4,83.84,81.16
2024-07-10,Ernie Clement,676391,657277,1,5,64.94,55.56
2024-04-04,CJ Abrams,682928,527048,2,5,160.42,34.59
2024-04-04,Pete Alonso,624413,656412,0,9,94.97,38.9
2024-08-27,Michael Harris II,671739,680573,1,2,232.61,92.5
2024-08-18,Jose Altuve,514888,605154,0,8,43.63,87.46
2024-04-05,Jeff McNeil,643446,641941,2,8,214.67,70.23
2024-09-11,Eugenio Suárez,553993,669391,1,7,37.55,80.88
2024-04-07,Rafael Devers,646240,681217,2,3,118.65,23.05
2024-05-22,Leody Taveras,665750,592836,2,2,146.57,19.36
2024-09-27,Jonah Bride,681146,621114,0,8,46.06,67.51
2024-06-21,Lourdes Gurriel Jr.,666971,592836,1,2,9.38,78.71
2024-04-20,Starling Marte,516782,518489,1,6,138.8,24.44
2024-05-21,Ezequiel Tovar,678662,605156,1,5,64.22,30.17
2024-04-25,Nathaniel Lowe,663993,622491,2,1,175.18,52.41
2024-06-08,Jeimer Candelario,600869,676962,2,1,211.68,71.78
2024-06-17,Robbie Grossman,543257,656849,2,3,20.82,81.88
2024-07-04,Jurickson Profar,595777,453286,1,6,219.84,86.4
2024-09-22,Romy Gonzalez,663853,608344,2,5,122.38,17.54
2024-09-18,Justin Turner,457759,605280,1,8,7.09,93.24
2024-06-06,Oneil Cruz,665833,623465,2,8,196.7,25.14
2024-08-20,Spencer Horwitz,687462,686730,2,3,188.54,58.68
2024-07-21,Austin Barnes,605131,676710,0,5,68.47,47.95
2024-05-07,Ryan Jeffers,680777,676106,2,3,25.16,62.74
2024-07-13,Jeimer Candelario,600869,665795,2,3,213.87,81.78
2024-07-27,Tyler O'Neill,641933,543859,1,7,78.76,55.13
2024-07-28,Xander Bogaerts,593428,657097,0,6,30.26,67.72
2024-04-23,Santiago Espinal,669289,620982,0,8,39.08,78.89
2024-04-24,Curtis Mead,678554,676684,2,6,30.29,106.91
2024-04-16,Jordan Westburg,676059,663978,2,3,61.51,48.73
2024-05-12,Aaron Judge,592450,641302,1,5,217.34,77.84
2024-05-05,Ryan Jeffers,680777,681867,2,3,57.92,59
2024-08-23,Christopher Morel,666624,676272,2,3,21.52,84.67
2024-09-13,Michael Busch,683737,680767,0,8,237.46,51.47
2024-08-09,Josh Naylor,647304,686973,2,5,208.43,70.6
2024-05-15,Rafael Devers,646240,664208,1,6,114.56,34.31
2024-05-29,Alex Verdugo,657077,542881,0,4,246.83,92.5
2024-07-24,Brenton Doyle,686668,502624,2,6,44.26,63.58
2024-06-16,Royce Lewis,668904,683155,1,1,64.72,37.16
2024-09-08,Trey Sweeney,700242,669372,0,3,226.8,68.95
2024-04-19,Fernando Tatis Jr.,665487,684320,1,3,29.12,73.6
2024-07-02,Brent Rooker,667670,667755,1,4,157.48,38.42
2024-08-04,Jonah Bride,681146,592426,2,4,25.45,94.92
2024-06-09,Logan O'Hoppe,681351,623352,1,9,29.19,87.29
2024-07-23,Jurickson Profar,595777,687792,2,5,41.62,48.14
2024-08-12,Bobby Witt Jr.,677951,641154,1,1,55.45,52.52
2024-06-24,Alec Bohm,664761,663554,0,1,67.57,54.82
2024-10-05,Lane Thomas,657041,681857,0,1,44.78,61.36
2024-04-13,Ryan Mountcastle,663624,669084,2,1,39.89,54.88
2024-05-03,Hunter Renfroe,592669,547179,1,5,29.1,82.72
2024-05-29,Nolan Gorman,669357,608718,1,8,175.55,54.8
2024-05-30,Shea Langeliers,669127,641302,2,3,61.1,47.65
2024-06-08,Whit Merrifield,593160,640455,2,4,53.22,66.02
2024-03-30,Graham Pauley,688363,666808,1,9,232.12,98.35
2024-08-14,Austin Riley,663586,669062,0,5,43.59,73.32
2024-03-30,Rhys Hoskins,656555,622663,1,3,15.87,85.6
2024-05-06,Yan Gomes,543228,660853,1,7,59.91,46.57
2024-04-23,Shohei Ohtani,660271,598264,0,9,213.05,38.09
2024-09-21,Elias Díaz,553869,660853,1,8,71.17,48.75
2024-06-29,Shohei Ohtani,660271,675921,1,3,118.19,32.65
2024-09-21,Xander Bogaerts,593428,623167,0,2,83.5,33.04
2024-04-11,Colton Cowser,681297,676477,0,5,31.57,89
2024-04-08,Shohei Ohtani,660271,543351,2,7,58.24,62.67
2024-04-20,Connor Joe,656582,570257,0,8,16.67,93.26
2024-08-26,Matt Olson,621566,641927,0,1,204.39,45.94
2024-09-14,Randal Grichuk,545341,668964,0,7,25.31,82.75
2024-06-03,Ramón Urías,602104,621114,1,9,70.89,45.1
2024-07-11,Michael Toglia,669911,668881,0,5,240.31,78.53
2024-06-16,Jose Trevino,624431,676710,0,6,38.02,68.01
2024-04-27,Davis Wendzel,673995,608718,0,9,65.33,45.46
2024-08-21,Jonathan India,663697,657024,0,6,21.23,97.37
2024-08-25,Victor Scott II,687363,805673,2,5,223.3,67.43
2024-05-19,Andy Pages,681624,668881,1,4,23.01,96.79
2024-09-27,Bryan Reynolds,668804,592454,1,8,145.59,29.86
2024-04-23,Kevin Newman,621028,668868,2,5,18.72,82
2024-04-20,Max Schuemann,680474,671106,1,5,170.16,50.82
2024-05-12,Kyle Tucker,663656,656427,1,6,223.15,86.99
2024-04-15,Esteury Ruiz,665923,668941,0,8,49.56,52.94
2024-09-15,Tyrone Taylor,621438,650911,0,8,92.93,38.15
2024-06-14,Chris Taylor,621035,666142,2,5,50.41,57.15
2024-08-31,Edmundo Sosa,624641,608331,0,3,74.48,23.89
2024-06-05,Nolan Schanuel,694384,656302,0,1,158.65,47.26
2024-04-10,Christian Yelich,592885,668881,1,1,190.65,65.71
2024-10-29,Freddie Freeman,518692,661563,1,1,218.01,85.74
2024-06-20,Freddy Fermin,666023,687765,1,4,22.08,78.26
2024-04-27,Will Benson,666181,570632,1,7,223.75,66.19
2024-05-16,Joey Loperfido,694388,683155,2,3,213.56,85.13
2024-09-04,Dansby Swanson,621020,593334,2,3,31.09,82.33
2024-08-01,Mickey Moniak,666160,663372,1,6,164.93,36.72
2024-05-26,Danny Mendick,664901,543056,0,8,22.12,73.2
2024-08-10,Jackson Merrill,701538,669622,0,8,190.96,50.67
2024-05-18,Jose Trevino,624431,641745,1,2,24.41,98.17
2024-04-23,Lawrence Butler,671732,573186,0,4,189.81,67.2
2024-06-29,José Ramírez,608070,519293,1,7,36.54,60.05
2024-04-24,Rafael Devers,646240,471911,1,5,68.25,46.22
2024-08-13,Kerry Carpenter,681481,669923,1,4,226.39,65.45
2024-07-13,Shohei Ohtani,660271,672456,0,5,236.05,94.25
2024-07-09,Ernie Clement,676391,676254,1,7,53.72,61.06
2024-07-06,Vinnie Pasquantino,686469,596295,2,6,157.77,25.91
2024-09-22,Wyatt Langford,694671,693433,1,6,71.66,48.24
2024-08-06,Kyle Schwarber,656941,641703,0,9,246.81,77.54
2024-07-06,Byron Buxton,621439,606160,1,7,28.18,86.32
2024-07-13,Charlie Blackmon,453568,681035,1,5,218.27,62.9
2024-09-11,Jonathan Aranda,666018,554430,1,6,231.47,79.72
2024-04-24,Evan Carter,694497,682243,1,4,185.96,57.95
2024-08-20,George Springer,543807,686730,1,5,20.62,89.29
2024-09-04,Trey Sweeney,700242,673513,0,4,224.01,84.38
2024-07-03,Riley Greene,682985,701581,0,5,226.87,57.44
2024-04-15,Gunnar Henderson,683002,621199,0,6,210.88,55.32
2024-07-31,Jackson Holliday,702616,666720,1,5,241.98,62.68
2024-06-22,Dominic Canzone,686527,608638,2,5,230.88,66.35
2024-07-27,Eddie Rosario,592696,656731,0,7,227.2,84.81
2024-07-02,Christian Walker,572233,676272,0,4,107.57,37.69
2024-06-14,Jackson Merrill,701538,640455,2,5,153.08,41.01
2024-04-08,Brandon Nimmo,607043,450203,0,5,237.36,61.12
2024-07-27,Nolan Schanuel,694384,687765,1,3,209.99,72.83
2024-05-26,Ty France,664034,571578,0,4,31.1,71.13
2024-09-19,Shohei Ohtani,660271,666277,1,6,203.23,38.75
2024-07-07,Jarred Kelenic,672284,675650,0,2,197.2,40.96
2024-08-25,Eugenio Suárez,553993,656557,1,6,46.61,92.77
2024-07-14,Andrew Benintendi,643217,656605,1,3,217.46,71.9
2024-08-04,Jacob Stallings,607732,670970,0,7,24.74,95.79
2024-03-28,Oswaldo Cabrera,665828,606160,1,6,203.35,65.37
2024-05-13,Ty France,664034,608717,2,8,27.66,80.43
2024-06-25,Juan Soto,665742,656849,0,5,198.42,43.52
2024-03-28,Travis Jankowski,608671,640470,0,9,211.09,62.42
2024-05-28,Alex Bregman,608324,622491,1,4,38.45,85.6
2024-05-22,Ryan McMahon,641857,666205,1,12,193.38,51.13
2024-05-16,Josh Lowe,666139,681867,1,3,209.29,69.59
2024-08-21,Luken Baker,663609,663542,1,7,61.48,55.97
2024-05-29,Nelson Velázquez,676369,641927,2,3,101.99,23.57
2024-05-20,Andruw Monasterio,655316,677960,2,5,108.59,34.32
2024-05-21,Ezequiel Tovar,678662,518397,1,7,69.74,42.45
2024-08-24,Josh Naylor,647304,681982,0,6,205.66,49.09
2024-08-24,J.T. Realmuto,592663,608717,0,8,63.2,38.92
2024-04-14,Isaac Paredes,670623,678906,2,7,18.7,99.99
2024-04-29,Freddy Fermin,666023,657024,0,8,41.15,73.16
2024-06-30,Justyn-Henry Malloy,669234,542881,2,4,121.74,51.83
2024-06-09,David Dahl,621311,673380,0,7,203,53.51
2024-06-07,Yainer Diaz,673237,519326,2,7,28.04,83.28
2024-05-05,Rafael Devers,646240,543351,1,9,234.19,73.47
2024-05-13,Enrique Hernández,571771,669062,0,7,5.51,85.33
2024-09-22,Jose Altuve,514888,656288,0,5,67.47,52.06
2024-09-14,Willy Adames,642715,694297,2,2,47.63,66.9
2024-06-15,Jarred Kelenic,672284,686752,2,5,201.62,59.35
2024-05-21,Jarren Duran,680776,641793,0,6,107.46,36.75
2024-09-28,Donovan Solano,456781,543518,2,9,17.92,87.55
2024-05-03,Brett Baty,683146,592094,1,9,214.35,52.23
2024-06-24,Salvador Perez,521692,682610,0,4,74.75,42.66
2024-09-21,Joc Pederson,592626,650644,1,1,160.19,42.24
2024-09-19,Mark Vientos,668901,592836,2,1,23.4,98.44
2024-09-19,Garrett Mitchell,669003,694297,2,7,155.09,39.7
2024-04-12,Kyle Tucker,663656,641540,2,1,174.19,40.81
2024-09-28,Brandon Lockridge,663604,640462,1,9,42.88,62.24
2024-07-29,Anthony Santander,623993,666720,2,5,198.78,66.25
2024-06-15,Matt Vierling,663837,681293,1,1,80.63,38.85
2024-10-08,Teoscar Hernández,606192,650633,1,3,123.38,31.52
2024-04-21,Brent Rooker,667670,676440,0,4,42.78,90.93
2024-05-12,Ezequiel Tovar,678662,570632,0,1,16.05,85.14
2024-09-24,Anthony Santander,623993,657376,1,6,194.08,99.77
2024-08-07,Josh Bell,605137,471911,0,2,27.16,82.79
2024-08-27,Ezequiel Tovar,678662,682610,0,1,95.79,16.36
2024-09-18,Corbin Carroll,682998,596295,1,2,230.51,90.01
2024-09-14,Bryce Harper,547180,622663,1,4,54.8,54.54
2024-09-24,Heliot Ramos,671218,686796,0,4,50.36,43.65
2024-08-06,Masataka Yoshida,807799,607625,1,3,208.23,67.52
2024-05-14,Alec Burleson,676475,607237,0,7,219.86,79
2024-09-09,Rob Refsnyder,608701,700249,1,3,114.78,32.98
2024-07-13,Andy Ibáñez,628451,680736,0,5,6.61,84.87
2024-06-12,Willy Adames,642715,641835,2,6,141.95,18.85
2024-04-24,Randy Arozarena,668227,656427,2,1,47.98,58.07
2024-04-16,Ryan O'Hearn,656811,543351,0,8,159.38,42.85
2024-05-29,Jesús Sánchez,660821,660853,1,6,229.68,67.32
2024-04-11,Connor Wong,657136,543056,2,8,57.93,55.01
2024-08-29,Corey Seager,608369,680897,1,4,240.01,78.69
2024-04-09,Shea Langeliers,669127,502085,0,7,121.76,26.33
2024-07-13,Jhonkensy Noel,678877,664076,1,8,50,35.92
2024-05-11,Cal Raleigh,663728,683155,0,2,201.11,61.38
2024-06-10,Alejandro Kirk,672386,607067,1,3,10.43,80.95
2024-06-03,Heliot Ramos,671218,669194,1,7,166.42,33.63
2024-09-21,Bo Naylor,666310,571945,1,5,203.76,61.51
2024-05-21,Byron Buxton,621439,571578,0,2,185.53,53.65
2024-09-13,Byron Buxton,621439,687924,0,5,57.52,55.35
2024-07-19,Vladimir Guerrero Jr.,665489,656427,2,6,44.98,74.33
2024-09-13,Wyatt Langford,694671,676106,0,5,36.72,69.24
2024-07-30,Christopher Morel,666624,665795,1,4,84.15,34.17
2024-06-25,Bryan Reynolds,668804,668881,0,1,217.51,69.66
2024-08-10,Paul Goldschmidt,502671,608379,1,2,139.43,25.34
2024-10-09,Giancarlo Stanton,519317,663460,1,8,43.74,50.8
2024-04-14,Amed Rosario,642708,605483,2,1,56.66,66.79
2024-05-25,Julio Rodríguez,677594,592866,0,5,101.84,25.33
2024-05-24,Mark Vientos,668901,690986,2,5,176.69,49.75
2024-05-29,Brendan Rodgers,663898,671106,2,2,44.85,64.69
2024-05-15,Zach Neto,687263,687798,1,6,28.24,81.34
2024-05-25,Alex Kirilloff,666135,502085,1,8,78.09,46.82
2024-05-07,Alec Burleson,676475,642121,1,6,227.21,96.54
2024-08-27,Jose Siri,642350,608638,2,7,124.65,29.82
2024-04-17,Giancarlo Stanton,519317,657024,0,9,36.55,45.24
2024-07-19,Mark Canha,592192,605135,0,4,48.9,63.86
2024-04-07,William Contreras,661388,676106,1,2,53.29,64.43
2024-09-29,Hunter Renfroe,592669,450203,2,4,21.94,74.1
2024-07-10,Brooks Lee,686797,689672,1,6,217.99,84.45
2024-05-25,Brett Baty,683146,663546,1,7,239.13,74.85
2024-06-30,Derek Hill,656537,608344,2,2,70.61,40.52
2024-05-03,Luis García Jr.,671277,657024,0,7,140.87,37.41
2024-09-05,Brent Rooker,667670,693433,1,5,61.25,57.33
2024-05-01,Danny Jansen,643376,607625,2,7,32.33,84.5
2024-04-08,James Outman,681546,543351,0,7,212.98,84.62
2024-08-02,Brent Rooker,667670,523260,0,5,117.58,29.85
2024-08-21,Spencer Steer,668715,684320,2,4,9.87,84.67
2024-05-29,Nick Castellanos,592206,690986,0,5,58.12,67.93
2024-09-09,Hunter Renfroe,592669,607074,0,6,34.66,76.97
2024-07-10,Sam Hilliard,656541,593423,0,5,58.82,59.62
2024-06-29,Derek Hill,656537,700249,1,5,98.94,34.19
2024-06-22,Spencer Steer,668715,601713,2,1,15.73,76.3
2024-08-21,Nolan Arenado,571448,656730,1,10,19.17,89.7
2024-07-28,Taylor Ward,621493,674370,2,4,55.61,49.91
2024-07-02,Carlos Correa,621043,689225,0,8,51.47,45.46
2024-07-21,Jonah Heim,641680,665152,2,4,174.14,44.69
2024-06-14,Max Kepler,596146,687765,1,6,154.49,28.89
2024-07-21,Brendan Rodgers,663898,806185,2,4,30.36,87.58
2024-05-25,Kerry Carpenter,681481,621244,2,1,212.33,86.84
2024-05-29,Will Smith,669257,656849,0,2,26.42,70.27
2024-08-16,Masyn Winn,691026,680736,1,3,36.2,60.38
2024-07-12,Jose Iglesias,578428,685299,1,2,36.35,69.14
2024-08-14,Daulton Varsho,662139,542881,1,5,203.13,58.16
2024-07-07,Anthony Santander,623993,687765,2,1,227.46,91.91
2024-04-14,José Ramírez,608070,641482,2,3,33.47,86.57
2024-04-27,Richie Palacios,680700,686563,2,4,215.8,70.42
2024-04-26,Alec Burleson,676475,676130,0,2,198.62,48.7
2024-06-12,Gleyber Torres,650402,663738,2,7,20.61,66.87
2024-06-29,Korey Lee,686676,666207,1,8,68.2,54.67
2024-05-10,Nick Castellanos,592206,669432,0,2,182.83,47.19
2024-07-29,Aaron Judge,592450,554430,2,1,36.29,60.66
2024-06-26,Jackson Chourio,694192,543135,2,4,133.43,81.78
2024-06-22,Alec Burleson,676475,663546,1,6,120.01,30.64
2024-08-31,Anthony Santander,623993,663372,2,4,190.02,33.5
2024-04-06,Marcell Ozuna,542303,694297,2,5,45.55,57.79
2024-07-26,Marcell Ozuna,542303,679358,1,6,28.54,81.03
2024-05-12,Jose Trevino,624431,641302,2,4,35.83,59.56
2024-07-05,Miguel Andujar,609280,544150,1,1,35.06,63.16
2024-06-22,Shohei Ohtani,660271,668676,0,3,182.05,20.97
2024-08-11,Nathaniel Lowe,663993,643410,1,8,186.16,43.93
2024-07-06,Jhonkensy Noel,678877,592426,1,6,30.03,79.39
2024-05-08,Shea Langeliers,669127,547179,1,2,35.95,76.11
2024-05-23,Daz Cameron,663662,656222,0,9,74.79,37.04
2024-04-14,Blake Perkins,663368,666974,0,7,197.53,62.5
2024-06-02,Victor Caratini,605170,680573,2,2,192.04,43.27
2024-09-17,Hunter Goodman,696100,686796,2,7,125.44,20.25
2024-05-14,Andrew Vaughn,683734,680730,2,3,158.3,40.21
2024-06-09,Brent Rooker,667670,663878,1,6,60.77,34.69
2024-06-07,José Abreu,547989,672710,1,8,163.7,41.28
2024-05-07,Gavin Lux,666158,666277,1,3,216.86,56.03
2024-05-24,Jake Burger,669394,668678,0,4,,
2024-06-14,Mauricio Dubón,643289,669373,2,6,40.25,75.34
2024-10-06,Max Muncy,571970,689690,2,9,171.3,34.08
2024-09-17,Romy Gonzalez,663853,664076,0,8,106.92,29.57
2024-06-02,Alec Burleson,676475,592836,0,3,222.51,73.31
2024-06-23,Colt Keith,690993,686563,0,1,65.04,58.49
2024-05-08,Anthony Santander,623993,680730,2,4,7.73,76.97
2024-05-07,Kody Clemens,665019,621244,2,2,224.38,78.13
2024-06-18,Brandon Nimmo,607043,547179,0,6,193.96,68.44
2024-07-22,Anthony Volpe,683011,641793,0,2,42.31,67.46
2024-04-19,Ceddanne Rafaela,678882,672710,1,6,51.41,51.6
2024-05-12,Abraham Toro,647351,622491,0,6,221.83,90.68
2024-04-08,DJ Stewart,621466,572955,2,8,132.18,28.8
2024-05-30,Ryan Jeffers,680777,663738,0,4,77.33,41.02
2024-06-05,Trey Cabbage,663550,571945,1,5,182.47,43.05
2024-07-21,Randy Arozarena,668227,573186,2,4,42.94,50.15
2024-04-13,Seiya Suzuki,673548,676106,2,3,53.62,61.66
2024-08-14,Carlos Santana,467793,666142,2,4,13.04,79.18
2024-06-24,Bryce Harper,547180,663947,2,6,231.59,89.28
2024-05-04,Kevin Kiermaier,595281,571882,2,8,164.49,46.2
2024-08-02,Joc Pederson,592626,682847,0,1,241.31,66.62
2024-06-27,Luis Rengifo,650859,656427,2,5,198.4,52.3
2024-07-06,Yandy Díaz,650490,656641,2,7,38.53,81.88
2024-06-06,Seiya Suzuki,673548,668881,1,3,28.03,66.73
2024-09-20,James McCann,543510,672456,2,4,89.28,33.1
2024-08-18,Adrian Del Castillo,680728,664126,1,9,193.01,48.74
2024-08-06,Corey Seager,608369,664285,2,9,193.11,46.35
2024-04-08,Fernando Tatis Jr.,665487,640470,2,8,35.32,76.17
2024-08-02,Ceddanne Rafaela,678882,656641,2,6,43.9,58.8
2024-06-04,Christopher Morel,666624,605121,2,6,70.52,45.62
2024-08-07,Josh Naylor,647304,694297,0,5,194.04,51.01
2024-04-10,Vladimir Guerrero Jr.,665489,669302,0,7,38.14,33.89
2024-05-20,Gunnar Henderson,683002,543243,0,6,100.17,32.15
2024-04-08,Anthony Volpe,683011,666200,0,4,52.49,60.06
2024-08-10,José Caballero,676609,572143,1,7,46.8,59.96
2024-06-01,Bryce Harper,547180,667463,2,7,243.25,76.72
2024-08-23,Salvador Perez,521692,592836,1,3,54.68,37.83
2024-03-29,Matt Chapman,656305,658648,1,9,3.51,76.81
2024-07-30,Jo Adell,666176,656234,1,7,85.08,25.58
2024-08-31,Shohei Ohtani,660271,518876,0,1,104.15,30.38
2024-09-20,James McCann,543510,672456,2,6,14.42,85.5
2024-07-13,Austin Wells,669224,680570,2,1,236.55,80.7
2024-09-20,Jonathan Aranda,666018,621244,1,6,174.04,39.79
2024-09-07,Eugenio Suárez,553993,579328,0,6,55.64,67.48
2024-05-13,Spencer Torkelson,679529,687424,2,8,59.17,30.45
2024-04-22,Kyle Isbel,664728,605447,2,9,,
2024-06-06,Lane Thomas,657041,625643,0,6,48.68,51.68
2024-06-20,Yandy Díaz,650490,543351,1,9,81.34,26.67
2024-06-05,Anthony Santander,623993,621244,0,2,226.6,52.87
2024-06-22,Korey Lee,686676,666214,0,6,22.01,68.68
2024-06-06,Marcell Ozuna,542303,640451,2,8,63.92,30.68
2024-04-08,J.P. Crawford,641487,554340,1,8,233.78,74.67
2024-04-08,Cal Raleigh,663728,643338,1,9,213.88,78.7
2024-08-05,Jesús Sánchez,660821,596001,0,6,196.9,16.85
2024-06-01,Marcell Ozuna,542303,605156,1,1,138.39,28.13
2024-08-10,Brent Rooker,667670,684320,2,6,68.18,58.08
2024-08-14,Jonathan India,663697,502043,0,5,113.98,33.07
2024-07-05,Trea Turner,607208,608331,1,6,42.12,31.9
2024-05-22,Elias Díaz,553869,687765,2,1,88.97,41
2024-05-07,Pete Alonso,624413,688297,1,9,71.36,41.8
2024-08-26,Andrew Benintendi,643217,689225,0,8,213.79,69.49
2024-09-06,Ceddanne Rafaela,678882,641582,1,7,46.67,66.46
2024-06-03,Brendan Rodgers,663898,671096,1,3,77.61,33.64
2024-05-27,Gavin Sheets,657757,657024,0,8,223.28,94.76
2024-04-24,Francisco Lindor,596019,663546,2,3,204.48,65.49
2024-05-24,José Ramírez,608070,663776,2,4,110.35,36.39
2024-09-11,Trey Sweeney,700242,685299,2,1,234.66,73.74
2024-04-19,Josh Naylor,647304,666205,1,8,231.39,97.63
2024-07-07,Christian Yelich,592885,680736,1,4,119.69,29.99
2024-04-30,Michael Massey,686681,621244,0,2,182.37,45.26
2024-08-01,Cody Bellinger,641355,664854,1,9,104.41,39.23
2024-08-13,Nolan Arenado,571448,668881,0,7,20.93,74.85
2024-07-27,Manny Machado,592518,608344,1,7,162.21,35.89
2024-06-07,Jurickson Profar,595777,694297,1,1,230.74,98.21
2024-06-09,Jose Altuve,514888,519326,2,6,88.86,39.04
2024-04-14,Andrew McCutchen,457705,620982,1,9,42.83,70.35
2024-09-04,Kyle Farmer,571657,641302,0,7,24.15,77.86
2024-08-08,Manny Machado,592518,682847,2,1,30.62,66.56
2024-10-18,Pete Alonso,624413,656427,1,1,144.2,24.88
2024-07-03,Luis García Jr.,671277,681035,2,6,218.27,66.54
2024-08-28,Randy Arozarena,668227,641302,2,8,74.74,32.23
2024-06-26,Jonah Heim,641680,572971,0,4,58.92,46.43
2024-06-16,Jose Altuve,514888,628317,2,2,89.52,40.39
2024-08-21,Francisco Lindor,596019,608344,0,3,176.33,44.86
2024-09-27,Adolis García,666969,672282,1,1,100.04,38.43
2024-08-09,Jorge Soler,624585,683409,1,7,59.46,52.81
2024-06-02,Jackson Chourio,694192,680897,2,2,31.64,74.64
2024-08-09,Joey Bart,663698,656427,2,5,56.01,62.55
2024-05-27,Adam Duvall,594807,680730,1,7,35.82,73.64
2024-04-07,Michael Harris II,671739,669194,1,4,197.25,47.15
2024-05-04,Cal Raleigh,663728,664285,1,6,87.63,39.04
2024-06-18,Brandon Lowe,664040,641154,0,5,154.69,28.47
2024-07-23,Seth Brown,664913,814005,1,4,166.76,36.48
2024-05-21,Matt Chapman,656305,682847,1,7,148.13,32.96
2024-06-01,Giancarlo Stanton,519317,676254,2,8,22.3,96.51
2024-08-07,Jake Burger,669394,671096,1,5,30.83,56
2024-04-16,Tyler Freeman,671289,570257,1,5,50.14,47.4
2024-08-25,Andy Ibáñez,628451,660853,2,7,26.1,72.07
2024-10-20,Mark Vientos,668901,518489,2,4,112.77,37.36
2024-08-19,Corey Seager,608369,682847,1,3,190.25,50.4
2024-06-22,Nick Castellanos,592206,543518,1,5,25,56.75
2024-07-26,Tyler Fitzgerald,666149,607536,2,4,21,74.5
2024-09-26,Alex Verdugo,657077,621199,1,8,224.75,81.06
2024-07-06,Tyler Nevin,663527,608344,1,4,50.98,48.44
2024-07-26,Brent Rooker,667670,668968,2,6,114.99,31.99
2024-09-29,Heston Kjerstad,677008,677976,2,8,138.87,32.16
2024-05-28,José Ramírez,608070,663372,1,1,189.22,53.6
2024-06-21,Nolan Jones,666134,687792,1,4,240.69,68.93
2024-07-04,Michael Massey,686681,621107,1,2,233.03,76.71
2024-08-31,Amed Rosario,642708,593423,1,6,34.53,54.9
2024-06-06,Jamie Westbrook,642197,694363,1,7,65.95,53.95
2024-06-08,Gunnar Henderson,683002,664208,0,9,221.47,81.45
2024-07-31,Brenton Doyle,686668,668968,1,8,32.35,50.61
2024-08-13,Willie Calhoun,641432,657024,0,9,155.56,41.86
2024-05-13,Alex Bregman,608324,548389,1,4,41.46,70.31
2024-04-05,Oneil Cruz,665833,680570,1,5,211.38,72.27
2024-07-03,David Peralta,444482,641540,1,7,169.57,31.66
2024-06-04,Josh Naylor,647304,607625,1,4,92.04,32.94
2024-09-15,Tommy Edman,669242,605154,2,9,184.7,43.36
2024-09-19,Anthony Santander,623993,676254,2,9,186,52.88
2024-06-25,Ty France,664034,641793,1,5,68.74,35.7
2024-06-04,Mike Yastrzemski,573262,686826,2,8,229.57,91.02
2024-07-07,Maikel Garcia,672580,685299,1,2,50.02,64.29
2024-05-24,Jake Meyers,676694,548389,1,4,4.06,88.42
2024-04-08,José Ramírez,608070,543766,1,5,219.71,79.45
2024-09-23,Jason Heyward,518792,700187,0,8,198.49,71.27
2024-08-16,Oswald Peraza,672724,676428,1,5,19.37,76.74
2024-07-20,Marcell Ozuna,542303,543243,2,6,66.11,34.53
2024-06-18,Josh Lowe,666139,543351,1,5,142.28,29.11
2024-06-25,Ryan Jeffers,680777,694297,1,7,31.18,83.97
2024-06-09,Paul DeJong,657557,686580,0,4,44.54,77.06
2024-04-30,JJ Bleday,668709,656605,1,5,244.65,87.73
2024-05-28,Wilyer Abreu,677800,680570,1,1,212.94,76.14
2024-04-23,Christian Walker,572233,571927,2,3,44.69,50.17
2024-08-23,Shohei Ohtani,660271,621363,2,9,159,45.51
2024-09-04,J.T. Realmuto,592663,621114,0,9,44.3,61.44
2024-09-21,Mike Yastrzemski,573262,672578,2,6,213.11,65.08
2024-04-29,Carlos Santana,467793,676979,1,2,12.95,86.11
2024-07-14,Alec Burleson,676475,592791,0,6,209.58,72.69
2024-09-17,Spencer Steer,668715,572955,0,7,69.13,52.39
2024-06-21,Carson Kelly,608348,607200,1,2,36.33,57.79
2024-05-04,Max Muncy,571970,623451,1,8,62.21,63.26
2024-05-11,Mark Canha,592192,664299,1,2,57.7,55.31
2024-04-20,Rhys Hoskins,656555,571945,2,1,38.88,62.49
2024-06-15,Anthony Santander,623993,592836,0,4,184.6,37.42
2024-06-28,Pete Alonso,624413,669854,1,6,77.4,36.35
2024-08-09,Jose Altuve,514888,608371,1,7,42.08,97.5
2024-07-29,Ryan Jeffers,680777,676130,0,9,20.29,78.28
2024-06-05,Andy Pages,681624,694973,0,5,46.13,61.61
2024-06-16,Willy Adames,642715,608371,0,6,97.63,31.09
2024-09-17,Brandon Lowe,664040,690544,2,5,206.73,66.71
2024-05-23,Daulton Varsho,662139,656427,1,7,186.52,54.46
2024-09-20,Jonathan India,663697,656605,1,4,67.29,37
2024-08-11,Zack Gelof,680869,605135,1,1,88.6,38.79
2024-05-26,Corey Seager,608369,641154,2,3,193.23,49.82
2024-07-04,Jesús Sánchez,660821,677161,0,11,158.26,27.37
2024-09-18,Josh Naylor,647304,641927,0,7,213.51,66.64
2024-09-03,Mark Vientos,668901,686580,0,7,101.28,28.09
2024-08-28,Joc Pederson,592626,622663,1,3,242.41,76.16
2024-08-12,Willi Castro,650489,663903,2,2,215.89,70.47
2024-04-24,Jesús Sánchez,660821,625643,1,2,232.16,59.09
2024-09-29,Lenyn Sosa,672820,628317,2,3,62.52,47.54
2024-06-02,Ketel Marte,606466,518617,0,9,109.89,21.64
2024-08-14,Michael Harris II,671739,592662,1,1,223.15,57
2024-10-06,Mark Vientos,668901,650911,1,3,208.62,81.94
2024-07-20,Jordan Westburg,676059,656641,2,6,107.87,28.23
2024-06-21,Jarren Duran,680776,671096,1,3,212.8,61.12
2024-06-11,Kyle Higashioka,543309,518397,0,9,18.19,97.55
2024-06-28,Austin Riley,663586,527048,0,2,140.84,28.4
2024-04-30,Luis Rengifo,650859,628708,1,6,195.36,46.64
2024-04-24,Tyrone Taylor,621438,663546,1,4,87.84,39.42
2024-05-13,Alex Bregman,608324,687765,0,7,41.79,67.4
2024-06-19,Josh Naylor,647304,660825,1,7,155.7,38.23
2024-08-24,José Tena,677588,450203,1,2,199.22,57.06
2024-04-24,Gunnar Henderson,683002,542881,0,3,172.29,53.05
2024-08-28,Bobby Witt Jr.,677951,676440,1,3,18.89,84.73
2024-09-17,Jose Siri,642350,601713,2,5,28.63,101.92
2024-08-14,Adolis García,666969,472610,0,8,82.97,51.25
2024-09-22,Leody Taveras,665750,608638,1,7,226.48,75.96
2024-08-06,Willy Adames,642715,693821,1,3,98.99,33.28
2024-08-14,Matt Thaiss,642136,621244,1,5,140.49,34.93
2024-08-05,Alex Bregman,608324,571760,2,3,61.76,53.65
2024-07-13,Aaron Judge,592450,680570,1,5,110.18,25.14
2024-05-18,Adolis García,666969,663776,2,6,24.02,66.83
2024-05-29,Ramón Urías,602104,502624,0,7,84.78,38.33
2024-06-30,Andrew Vaughn,683734,607536,0,4,35.23,69.52
2024-07-14,Rafael Devers,646240,663903,2,1,246.65,66.37
2024-08-17,Luis Campusano,669134,663567,0,8,49.61,49.01
2024-07-08,Oneil Cruz,665833,681035,1,4,84.93,29.26
2024-04-26,Cedric Mullins,656775,548389,1,4,225.28,82.03
2024-08-26,Kyle Farmer,571657,572955,1,8,52.73,64.41
2024-04-01,Michael Conforto,624424,518489,1,6,238.11,89.96
2024-07-14,Ezequiel Tovar,678662,605288,1,7,21.07,92.96
2024-09-25,Aaron Judge,592450,621199,1,9,84.99,37.24
2024-05-08,Orlando Arcia,606115,601713,2,1,220.53,93.26
2024-08-03,Angel Martínez,682657,621107,1,3,215.58,85.84
2024-06-02,Mookie Betts,605141,596295,0,1,23.94,97.72
2024-09-19,Jorge Soler,624585,605335,1,6,93.87,40.52
2024-07-05,Manny Machado,592518,623149,0,9,52.64,46.35
2024-04-19,Vinnie Pasquantino,686469,665152,2,4,229.45,74.95
2024-08-27,Ramón Urías,602104,656427,1,5,29.33,76.03
2024-06-09,Tyler Freeman,671289,640462,1,7,30.11,74.01
2024-05-04,Jorge Mateo,622761,671096,1,4,48.28,68.83
2024-09-21,José Ramírez,608070,668941,0,8,20.29,80.21
2024-06-29,Jarren Duran,680776,650633,0,6,214.14,67.69
2024-06-07,Luis Robert Jr.,673357,681867,2,1,133.87,25.23
2024-07-21,Anthony Santander,623993,502085,1,8,212.07,57.85
2024-09-28,Kyle Higashioka,543309,640462,1,9,19.67,73.93
2024-04-08,Manuel Margot,622534,572020,1,3,78.6,37.4
2024-08-03,Paul DeJong,657557,628317,1,7,17.45,81.19
2024-05-31,Ty France,664034,519043,1,8,38.2,54.3
2024-06-08,Rowdy Tellez,642133,680573,1,7,139.44,36.64
2024-07-20,Nolan Arenado,571448,669276,0,7,26.22,99.93
2024-07-09,Angel Martínez,682657,628317,1,1,219.77,89.27
2024-04-27,Ke'Bryan Hayes,663647,573124,1,10,48.62,67.45
2024-07-24,Mark Vientos,668901,657612,0,8,49.01,67.1
2024-07-09,Jazz Chisholm Jr.,665862,669854,0,1,207.66,70.98
2024-05-28,Corey Seager,608369,694297,1,5,203.54,62.12
2024-09-10,Sean Murphy,669221,686747,2,6,39.89,74.01
2024-09-21,Giancarlo Stanton,519317,676664,0,3,31.82,46.39
2024-06-18,Shohei Ohtani,660271,596295,0,6,129.18,5.54
2024-08-03,Yandy Díaz,650490,605463,0,7,210.78,88.29
2024-05-15,Santiago Espinal,669289,694297,2,5,57.68,56.69
2024-04-17,Mauricio Dubón,643289,445926,0,6,57.85,63.99
2024-08-14,Adolis García,666969,656557,0,6,61.62,44.54
2024-03-31,Max Muncy,571970,667463,1,8,208.5,49.8
2024-03-30,Ozzie Albies,645277,605400,0,1,179.05,50.01
2024-04-19,Whit Merrifield,593160,676979,0,4,28.49,86.04
2024-07-20,Vladimir Guerrero Jr.,665489,628317,2,6,137.51,26.63
2024-07-25,Brandon Lowe,664040,605135,2,1,228.59,94.32
2024-04-27,Jesse Winker,608385,665795,1,5,216.71,68.92
2024-07-26,Francisco Alvarez,682626,450203,2,3,45.13,54.06
2024-05-07,Bryce Harper,547180,621244,2,4,202.72,76.37
2024-05-11,Davis Schneider,676914,680573,0,5,32.01,86.91
2024-09-30,Ozzie Albies,645277,656731,0,3,49.15,63.34
2024-05-17,Shea Langeliers,669127,669422,2,9,136.65,29.01
2024-07-06,Christian Yelich,592885,623465,1,8,115.06,25.71
2024-08-09,Oneil Cruz,665833,656427,0,4,176.01,46.98
2024-06-28,Brenton Doyle,686668,689672,1,6,40.49,60.33
2024-07-24,Ketel Marte,606466,663704,1,9,133.82,29.59
2024-09-26,Giancarlo Stanton,519317,669203,1,2,54.6,64.06
2024-04-22,Nolan Gorman,669357,669459,0,9,209.53,47.7
2024-09-05,Xander Bogaerts,593428,663554,0,2,45.88,80.67
2024-03-31,Jake Rogers,668670,607200,0,5,36.81,89.7
2024-05-17,Stuart Fairchild,656413,572020,0,5,71.2,44.61
2024-07-11,Bo Naylor,666310,656427,1,3,220.94,95.47
2024-08-24,Orlando Arcia,606115,663623,2,5,24.92,91.52
2024-04-05,Gavin Sheets,657757,663903,0,2,229.82,78.5
2024-08-10,Zach Dezenzo,701305,677161,2,8,53.32,36.89
2024-04-29,Gunnar Henderson,683002,657376,0,1,234.58,72.16
2024-07-14,Jake Meyers,676694,453286,0,3,9.99,98.43
2024-04-14,Christian Vázquez,543877,656427,1,4,60.33,59.51
2024-05-13,Otto Lopez,672640,656412,2,8,52.26,52.74
2024-08-08,Austin Riley,663586,593423,0,3,30.87,66.01
2024-07-02,LaMonte Wade Jr.,664774,625643,0,5,196.44,33.8
2024-05-28,Nolan Gorman,669357,671096,0,7,195.71,45.94
2024-06-14,Pedro Pagés,686780,669713,0,8,65.09,65.8
2024-07-09,Rece Hinds,677956,664875,2,7,20.32,45.23
2024-09-11,Riley Greene,682985,685299,1,1,206,77
2024-07-06,Brooks Lee,686797,686613,1,3,194.89,54.64
2024-09-26,Paul Goldschmidt,502671,607536,1,1,100.6,15.52
2024-09-22,Jake Burger,669394,656550,2,4,23.6,66.69
2024-07-10,Carlos Correa,621043,689672,1,6,36.37,61.06
2024-03-29,Manny Machado,592518,690986,1,4,40.06,62.05
2024-08-13,Javier Báez,595879,700187,2,6,60.18,64.46
2024-04-11,Yainer Diaz,673237,663903,0,4,76.4,30.82
2024-08-23,Heliot Ramos,671218,622491,0,6,6.74,70.67
2024-05-07,Jurickson Profar,595777,684007,0,8,84.73,49.14
2024-06-01,Mark Vientos,668901,677944,0,5,42.89,40.41
2024-05-17,Nick Fortes,663743,681035,2,2,63.77,51.08
2024-04-11,DJ Stewart,621466,642216,1,3,200.5,50.95
2024-07-30,Daz Cameron,663662,592662,0,2,17.25,94.14
2024-07-05,Romy Gonzalez,663853,641482,0,5,49.8,50.96
2024-04-06,Aaron Judge,592450,592332,1,1,67.62,37
2024-08-09,George Springer,543807,687765,0,1,48.82,46.72
2024-07-20,Nolan Gorman,669357,693821,1,2,173.28,41.26
2024-08-26,Travis d'Arnaud,518595,641927,2,2,2.29,68.9
2024-09-14,Jake Fraley,641584,656240,1,5,210,81
2024-05-08,Teoscar Hernández,606192,677960,2,6,85.43,49.74
2024-08-17,Alex Call,669743,650911,0,4,192.2,64.36
2024-06-26,Gunnar Henderson,683002,471911,1,5,168.09,32.5
2024-06-18,Zack Gelof,680869,679525,0,4,12.61,86.09
2024-07-26,Byron Buxton,621439,672456,1,1,80.58,50.45
2024-06-19,Bryce Harper,547180,669093,1,8,237.98,91.39
2024-06-25,Isaac Paredes,670623,675989,2,8,28.81,83.48
2024-07-24,Jacob Stallings,607732,601713,1,3,27.22,77.57
2024-09-22,Connor Norby,681393,669276,0,6,172.56,35.95
2024-05-25,Aaron Judge,592450,656302,1,1,40.32,47.29
2024-04-10,Iván Herrera,671056,605400,0,2,32.42,50.31
2024-08-06,Luke Raley,670042,672456,1,5,97.28,36.84
2024-10-01,Kyle Higashioka,543309,592426,1,8,68.51,53.48
2024-05-19,Dane Myers,667472,640455,1,2,33.18,74.74
2024-05-11,Connor Joe,656582,657006,2,3,60.71,50
2024-05-25,Spencer Steer,668715,621111,2,1,47.53,75.28
2024-05-21,Ryan McMahon,641857,605156,1,1,209.14,62.77
2024-09-08,Shohei Ohtani,660271,676440,1,5,230.79,95.68
2024-05-15,William Contreras,661388,527048,0,3,223.12,95.39
2024-07-20,Ezequiel Tovar,678662,657277,1,5,,
2024-06-20,Jose Miranda,669304,664126,2,9,55.16,60.54
2024-06-10,Jackson Chourio,694192,621244,1,3,71.57,55.27
2024-09-28,Nathan Lukes,664770,675540,1,1,226.77,91.29
2024-07-28,Willson Contreras,575929,687792,1,1,,
2024-07-05,Spencer Steer,668715,681857,0,5,23.97,59.09
2024-07-04,Christian Walker,572233,689017,2,3,18.61,80.04
2024-06-21,Gunnar Henderson,683002,663321,0,7,214.6,55.81
2024-07-25,Nick Ahmed,605113,643511,1,8,102.38,40.9
2024-06-22,Kyle Higashioka,543309,596001,1,7,46.83,69.38
2024-04-09,Christopher Morel,666624,663568,0,5,63.62,35.82
2024-07-13,Johan Rojas,679032,687765,1,4,89.29,43.13
2024-05-19,Will Brennan,686823,661395,2,9,221.27,96.12
2024-08-16,Marcus Semien,543760,680573,2,5,44.88,80.98
2024-08-16,Ryan Jeffers,680777,571760,0,3,24.81,95.57
2024-04-14,Michael Conforto,624424,641302,0,7,189.55,58.31
2024-07-08,Martín Maldonado,455117,663978,2,3,91.07,37.73
2024-08-28,William Contreras,661388,690986,2,5,89.35,26.64
2024-06-03,Yainer Diaz,673237,668941,2,8,7.78,90.73
2024-06-30,Zack Gelof,680869,694297,0,5,186.49,57.46
2024-07-10,Nolan Arenado,571448,679525,1,2,91.1,36.6
2024-05-08,Eugenio Suárez,553993,608371,2,8,59.16,55.83
2024-05-13,Nolan Arenado,571448,643256,0,7,43.83,69.5
2024-07-24,Chas McCormick,676801,676664,1,5,115.55,29.46
2024-08-07,Victor Caratini,605170,600917,1,6,226.32,85.25
2024-09-21,Nick Castellanos,592206,640455,0,5,43.94,70.34
2024-08-30,Bryson Stott,681082,625643,0,4,212.49,84.44
2024-05-30,Alex Bregman,608324,669302,2,4,42.36,80.68
2024-04-22,Colton Cowser,681297,672282,1,7,154.34,42.22
2024-07-10,Matt Chapman,656305,670102,1,9,22.68,78.86
2024-05-01,Korey Lee,686676,592779,1,7,153.68,39.88
2024-05-07,Willy Adames,642715,663704,2,9,43.04,63.24
2024-04-01,Mike Trout,545361,666277,0,6,84.24,11.42
2024-05-09,José Ramírez,608070,605154,2,8,195.75,48.43
2024-07-02,Nolan Gorman,669357,656605,0,4,74.39,38.84
2024-09-15,Teoscar Hernández,606192,628452,2,9,96.28,36.55
2024-06-10,Willy Adames,642715,621244,1,4,71.29,38.95
2024-09-16,Charles Leblanc,641779,686563,1,5,82.71,44.61
2024-09-22,Cal Raleigh,663728,571760,1,3,30.66,66.15
2024-06-11,Taylor Ward,621493,656756,0,6,25.79,75.29
2024-05-04,Max Muncy,571970,693821,0,2,147.12,33.9
2024-05-11,Bo Bichette,666182,680573,1,2,50.82,54.78
2024-05-27,Donovan Solano,456781,669432,2,2,48.19,67.96
2024-04-18,Adolis García,666969,628317,1,3,81.26,43.1
2024-04-10,Max Muncy,571970,663978,0,4,163.37,41.48
2024-04-17,Esteury Ruiz,665923,571927,0,3,81.05,47.76
2024-09-08,Jonny DeLuca,676356,669203,0,6,65.08,43.66
2024-08-09,Colton Cowser,681297,641793,0,1,186.73,49.94
2024-08-28,Yordan Alvarez,670541,675650,0,7,152.21,25.73
2024-07-07,MJ Melendez,669004,685299,1,7,225.33,77.8
2024-08-12,Jhonkensy Noel,678877,684007,2,4,16.77,77.93
2024-07-22,Charlie Blackmon,453568,656557,0,3,210.45,65.23
2024-04-12,Nolan Arenado,571448,694297,1,1,43.45,47.49
2024-07-31,DJ LeMahieu,518934,650911,1,2,89.41,41.42
2024-07-13,Juan Soto,665742,680570,1,5,139.68,27.04
2024-05-11,Oneil Cruz,665833,657006,2,3,187.12,36.88
2024-05-18,José Ramírez,608070,641927,1,1,223.27,97.7
2024-08-30,Connor Wong,657136,663554,2,6,37.74,78.78
2024-05-18,Luis Matos,682641,621389,2,1,71.57,35.94
2024-05-31,Ceddanne Rafaela,678882,628317,2,4,40.63,81.31
2024-06-05,Josh Smith,669701,666214,0,3,223.96,99.04
2024-09-02,Freddie Freeman,518692,593958,1,3,30.68,82.77
2024-07-22,Ketel Marte,606466,666142,0,3,36.18,56.17
2024-06-11,Freddy Fermin,666023,676760,1,8,21.55,90.57
2024-08-07,Randal Grichuk,545341,680704,0,7,23.49,73.4
2024-06-15,Ian Happ,664023,667463,2,7,75.31,55.87
2024-08-15,William Contreras,661388,656427,1,1,27.94,60.63
2024-04-30,Wenceel Pérez,672761,681676,2,5,224.85,77.56
2024-06-29,Manny Machado,592518,656557,0,5,107.85,29.42
2024-05-05,Kyle Tucker,663656,682243,1,6,216.66,82.97
2024-05-17,Masyn Winn,691026,592155,1,6,77.6,43.78
2024-05-12,Willie Calhoun,641432,663704,1,9,169.71,47.25
2024-08-03,Trent Grisham,663757,621244,0,2,205.08,57.99
2024-08-11,Giancarlo Stanton,519317,600917,2,5,21.65,71.33
2024-05-24,Mike Yastrzemski,573262,605347,1,9,219.33,67.22
2024-05-01,Andy Pages,681624,656756,1,2,64.66,37.68
2024-10-08,Mookie Betts,605141,650633,1,1,33.9,95.15
2024-07-21,Jake Burger,669394,605288,2,7,85.92,34.25
2024-03-30,Luis Robert Jr.,673357,628317,1,3,56.39,44.74
2024-08-11,Jacob Young,696285,686799,0,8,36.66,68.79
2024-08-16,Carlos Santana,467793,571760,1,5,82.56,45.95
2024-05-01,Will Smith,669257,656756,0,3,28.2,72.64
2024-03-28,Maikel Garcia,672580,641154,0,1,38.09,63.26
2024-06-26,Jarren Duran,680776,657024,1,8,70.56,47.59
2024-09-24,Aaron Judge,592450,665152,0,4,53.4,50.99
2024-07-02,Yordan Alvarez,670541,621244,2,5,222.43,74.4
2024-05-08,Gunnar Henderson,683002,680730,0,6,203.1,66.02
2024-05-03,Ryan McMahon,641857,527048,0,6,207.57,37.7
2024-09-24,Aaron Schunk,668845,700241,1,3,43.03,69.03
2024-07-26,Javier Báez,595879,641154,1,3,49.6,60.74
2024-05-22,Bryce Harper,547180,681982,2,8,236.62,83.2
2024-05-17,Davis Schneider,676914,641302,1,8,51.48,57.57
2024-07-19,Shea Langeliers,669127,519043,1,6,215.17,79.03
2024-10-10,José Ramírez,608070,663947,2,5,25.09,62.08
2024-09-17,Triston Casas,671213,669358,2,2,215.88,71.03
2024-08-25,Yainer Diaz,673237,572143,2,7,61.96,25.37
2024-09-20,Andy Pages,681624,607536,0,5,43.32,56.15
2024-09-12,Masyn Winn,691026,596001,2,3,26.64,70.81
2024-04-15,Harold Ramírez,623912,519043,0,8,48.9,60.16
2024-03-31,Kyle Isbel,664728,641927,0,2,212.41,60.27
2024-07-20,Tyler O'Neill,641933,623465,0,10,86.57,39.76
2024-07-28,Matt Olson,621566,656849,0,4,245.88,72.98
2024-07-29,Bobby Witt Jr.,677951,605154,2,8,61.8,57.38
2024-04-29,Jo Adell,666176,650911,1,1,14.51,95.42
2024-04-24,Anthony Rizzo,519203,547184,0,5,174.33,37.24
2024-04-26,Shohei Ohtani,660271,605135,1,1,200.6,74.1
2024-06-15,Joey Ortiz,687401,671096,0,5,72.72,46.97
2024-08-11,Donovan Solano,456781,677053,1,8,26.94,75.84
2024-05-01,Michael Massey,686681,663878,2,8,223.26,91.39
2024-08-30,J.T. Realmuto,592663,572955,0,7,52.06,61.54
2024-06-02,Rafael Devers,646240,656412,1,8,87.68,38.24
2024-06-16,Tyler Soderstrom,691016,663978,1,3,114.41,29.2
2024-05-08,Bobby Witt Jr.,677951,606303,0,8,55.83,42.56
2024-05-27,Davis Schneider,676914,605154,2,9,51.43,72.37
2024-09-13,Otto Lopez,672640,687792,1,4,75.32,46.82
2024-07-23,Brandon Lowe,664040,621244,1,5,220.71,69.46
2024-07-10,Zach Neto,687263,642016,2,8,46.86,63.43
2024-07-03,Brent Rooker,667670,669721,0,6,38.25,67.72
2024-08-04,Wilyer Abreu,677800,679156,0,6,191.56,46.13
2024-06-15,Nick Gonzales,693304,621389,1,4,138.66,25.65
2024-07-06,Ben Rice,700250,502624,2,5,205.88,54.76
2024-05-31,Alex Bregman,608324,641154,0,4,21.42,103.72
2024-08-15,Keibert Ruiz,660688,554430,1,5,188.07,50.61
2024-08-29,Jackson Merrill,701538,543243,0,5,138.18,29.78
2024-03-31,Salvador Perez,521692,641927,1,1,39.55,61.13
2024-04-03,Jackson Chourio,694192,650960,0,5,157.56,39.65
2024-04-09,Edward Olivares,658668,663947,1,6,53.41,50.65
2024-05-13,Jurickson Profar,595777,641712,2,6,234.94,83.37
2024-05-20,Dominic Canzone,686527,573186,1,8,131.03,26.8
2024-04-07,Hunter Renfroe,592669,676979,1,5,25.24,87.59
2024-07-09,Colt Keith,690993,594902,2,3,207.33,76.94
2024-04-19,Tyler Freeman,671289,671212,1,2,217.55,100.73
2024-05-05,Jon Singleton,572138,682243,0,7,231.49,86.5
2024-07-22,Tyler Fitzgerald,666149,642232,1,7,58.38,54.4
2024-04-12,Taylor Ward,621493,656557,2,6,55.28,43.26
2024-05-22,Carlos Correa,621043,663623,2,6,17.82,77.92
2024-09-13,Logan Driscoll,686482,676440,0,3,211.81,64.57
2024-06-28,Daz Cameron,663662,676714,1,9,31.42,67.77
2024-09-24,Kyle Tucker,663656,669302,0,4,221.4,101.41
2024-04-23,Gunnar Henderson,683002,519043,1,7,219.55,59.66
2024-05-05,Ryan McKenna,663630,608718,0,7,47.14,79.92
2024-04-27,Max Kepler,596146,608334,1,6,156.22,37.21
2024-06-17,Ian Happ,664023,669062,2,7,22.86,82.66
2024-08-08,Eugenio Suárez,553993,663465,1,5,16.5,86.82
2024-08-29,Brandon Marsh,669016,450203,1,6,64.93,57.23
2024-09-14,Pete Crow-Armstrong,691718,607536,1,7,137.11,21.83
2024-08-02,Justin Turner,457759,663969,2,2,32.75,67.35
2024-08-24,Patrick Wisdom,621550,660644,2,9,25.54,73.4
2024-04-22,Daulton Varsho,662139,663903,0,6,219.79,67.48
2024-06-04,Luis Robert Jr.,673357,669713,2,7,94.43,20.16
2024-06-09,Anthony Santander,623993,641793,0,4,197.07,56.62
2024-07-27,Cedric Mullins,656775,670810,1,9,203.5,42.41
2024-04-13,Willi Castro,650489,666159,2,6,203.55,57.31
2024-09-17,Manny Machado,592518,686613,1,6,71.12,44.52
2024-09-28,Gustavo Campero,672569,571760,1,3,19.5,98.96
2024-09-03,Joey Ortiz,687401,571927,0,3,34.08,80.34
2024-08-20,Juan Soto,665742,571510,1,1,210.63,90.39
2024-07-07,Blake Perkins,663368,642232,0,7,21.1,82.31
2024-07-13,Alec Burleson,676475,669713,2,1,42.63,75.11
2024-09-20,Teoscar Hernández,606192,607536,0,6,28.54,70.06
2024-06-28,Jeff McNeil,643446,669854,2,6,222.31,96.59
2024-04-20,Brandon Marsh,669016,647336,1,2,170.71,42.36
2024-08-24,Seiya Suzuki,673548,678368,0,3,62.28,38.53
2024-05-14,Ezequiel Tovar,678662,663568,0,7,29.66,70.87
2024-06-30,Salvador Perez,521692,658648,1,7,21.65,79.82
2024-04-12,Colton Cowser,681297,642547,0,4,180.58,39.98
2024-06-30,Derek Hill,656537,663989,1,5,93.75,25.33
2024-06-15,Riley Greene,682985,681293,1,2,220.71,64.38
2024-05-07,Seth Brown,664913,666720,1,8,66.45,55.97
2024-09-27,Wyatt Langford,694671,672282,1,1,33.8,77.14
2024-04-06,David Fry,681807,657746,2,2,47.26,45.81
2024-08-02,Royce Lewis,668904,663436,2,1,19.55,70.93
2024-09-27,Cal Raleigh,663728,676664,1,3,83.7,41.15
2024-09-11,Mike Yastrzemski,573262,607067,0,2,220.07,94.13
2024-03-31,Christian Walker,572233,663372,1,1,75.03,38.49
2024-06-15,Joey Meneses,608841,677053,2,8,17.51,96.26
2024-07-23,Nolan Arenado,571448,694973,0,5,49.2,63.41
2024-08-25,Addison Barger,680718,519326,2,6,208.66,65.26
2024-06-06,Christian Vázquez,543877,573186,0,3,75.1,43.5
2024-06-11,Brandon Lowe,664040,593576,2,9,186.98,46.35
2024-09-17,Luke Raley,670042,573186,0,8,55.33,51.72
2024-05-14,Giancarlo Stanton,519317,663978,1,3,77.6,33.04
2024-04-06,J.T. Realmuto,592663,663623,2,3,78.08,48.74
2024-06-20,Jake Cronenworth,630105,606303,2,9,,
2024-08-20,Manny Machado,592518,641927,0,7,80.09,29.46
2024-05-24,Jorge Soler,624585,681035,2,2,107.49,33.63
2024-09-13,Jonathan Aranda,666018,676440,1,4,224.21,92
2024-08-07,Heliot Ramos,671218,663623,1,5,62.16,40.06
2024-08-21,Jose Siri,642350,687765,0,7,56.52,41.84
2024-05-12,Andrés Giménez,665926,647336,0,4,194,61.38
2024-09-25,Korey Lee,686676,660761,1,2,46.58,71.23
2024-07-10,Willy Adames,642715,656924,1,8,21.37,100.04
2024-05-15,Christian Walker,572233,671096,0,2,70.15,48.87
2024-08-20,George Springer,543807,686730,2,2,27.35,92.08
2024-04-01,Ryan Mountcastle,663624,608379,0,4,43.57,73.44
2024-07-19,Jeff McNeil,643446,677053,1,6,196.27,59.74
2024-06-15,Colt Keith,690993,605463,0,9,183.79,57.05
2024-07-27,Michael Toglia,669911,676254,1,7,225.03,87.6
2024-06-29,Manny Machado,592518,656557,2,3,64.33,47.97
2024-04-25,Will Brennan,686823,502624,1,2,201.65,74.26
2024-09-14,Julio Rodríguez,677594,453286,0,3,26.23,47.42
2024-09-22,Gleyber Torres,650402,683155,0,5,130.85,34.77
2024-06-17,Masyn Winn,691026,640462,1,12,43.72,66.04
2024-09-12,Marcus Semien,543760,676092,1,8,76.4,49.76
2024-06-05,Jeimer Candelario,600869,641712,2,3,194.89,51.83
2024-09-20,Lourdes Gurriel Jr.,666971,669084,0,6,56.84,50.19
2024-07-10,Matt Vierling,663837,676440,0,3,77.45,33.18
2024-07-03,Isaac Paredes,670623,608379,2,1,6.83,88.49
2024-08-31,Spencer Horwitz,687462,805673,0,1,212.48,70.95
2024-09-25,Julio Rodríguez,677594,593576,0,9,75.47,47.65
2024-06-18,Ke'Bryan Hayes,663647,666157,1,7,45.6,66.46
2024-08-21,Cristian Pache,665506,656756,1,4,19.47,93.79
2024-07-07,Chris Taylor,621035,596001,1,6,43.35,57.67
2024-07-12,Brenton Doyle,686668,664208,2,8,27.75,58.03
2024-07-07,Corey Seager,608369,641793,2,4,215.31,72.23
2024-07-25,Lawrence Butler,671732,670046,0,3,109.67,32.66
2024-05-20,Luis García Jr.,671277,641154,0,2,221.88,78.8
2024-09-24,Brett Wisely,689172,686796,2,3,190.51,53.16
2024-06-11,Teoscar Hernández,606192,681982,1,6,73.06,52.13
2024-08-01,Vinnie Pasquantino,686469,672456,0,1,213.67,78.53
2024-08-14,Juan Soto,665742,663436,1,1,218.88,87.74
2024-06-28,Brett Wisely,689172,595014,0,9,215.43,62.8
2024-05-31,Jo Adell,666176,642048,2,7,37.01,83.32
2024-04-20,Josh Naylor,647304,622072,2,5,166.49,38.27
2024-06-23,Jesús Sánchez,660821,682243,1,3,174.39,32.06
2024-07-04,Ryan Jeffers,680777,628317,2,4,18.04,95.06
2024-03-30,Lourdes Gurriel Jr.,666971,596295,2,5,45.99,51.4
2024-07-14,William Contreras,661388,663623,1,3,147.14,33.84
2024-06-14,Heliot Ramos,671218,672710,1,8,134.22,28.63
2024-08-21,Christian Bethancourt,542194,676428,2,5,15.39,89.14
2024-06-15,Juan Soto,665742,686580,2,7,85.27,45.86
2024-08-26,Paul DeJong,657557,671106,0,2,64.53,45.54
2024-09-11,Jerar Encarnacion,666464,607067,2,1,211.22,84.24
2024-07-27,Seiya Suzuki,673548,607625,1,1,94.41,26.28
2024-04-14,Triston Casas,671213,542881,2,1,178.09,48.4
2024-07-27,Alex Jackson,656577,671096,0,5,68.95,44.46
2024-08-25,Alejandro Kirk,672386,519043,1,7,53.98,56.14
2024-05-17,Marcus Semien,543760,519043,1,8,40.99,82.88
2024-04-15,Avisaíl García,541645,690986,0,2,63.69,49.35
2024-05-30,Aaron Judge,592450,663776,0,4,47.86,41.51
2024-06-11,Aaron Judge,592450,623433,0,7,100.33,24.24
2024-08-20,Yainer Diaz,673237,601713,1,5,91.54,37.28
2024-05-20,Paul DeJong,657557,621244,0,7,169.97,42.37
2024-07-30,Austin Hays,669720,701542,1,2,29.48,93.97
2024-03-28,Nick Martini,605361,680686,1,3,179.85,47.65
2024-10-19,Giancarlo Stanton,519317,676440,2,6,74.04,25.62
2024-09-13,Julio Rodríguez,677594,502085,2,8,13.5,70.54
2024-08-30,J.D. Martinez,502110,686563,2,3,58.67,66.18
2024-04-23,Adam Duvall,594807,669432,2,6,26.98,72.05
2024-04-10,Steven Kwan,680757,607200,1,5,171.99,46.13
2024-04-03,Rhys Hoskins,656555,663978,0,4,12.13,82.64
2024-05-28,Francisco Lindor,596019,607192,1,3,202.9,58.16
2024-05-15,Joey Ortiz,687401,527048,0,5,29.69,55.22
2024-08-16,Pedro Pagés,686780,680736,0,5,100.97,13.19
2024-08-30,Emmanuel Rivera,656896,596295,2,4,117.8,24.33
2024-05-19,Jake Cronenworth,630105,693821,2,1,213.39,77.28
2024-09-21,Matt Chapman,656305,663903,1,6,44.61,65.35
2024-04-06,Jackson Chourio,694192,608723,0,8,44.08,60.13
2024-09-08,Charles Leblanc,641779,571760,0,4,25.07,85.7
2024-09-04,Pete Crow-Armstrong,691718,593334,2,3,120.13,30.3
2024-04-17,Cody Bellinger,641355,694297,1,6,184.64,49.95
2024-09-06,Manny Machado,592518,696131,1,1,52.63,65.93
2024-05-07,Lars Nootbaar,663457,493603,1,9,147.76,29.04
2024-04-01,Nolan Schanuel,694384,666277,0,6,206.21,69.74
2024-06-04,Lenyn Sosa,672820,684007,2,4,49.12,53.2
2024-08-11,Joey Ortiz,687401,666157,1,2,36.88,78.35
2024-09-20,Julio Rodríguez,677594,683004,1,5,43.6,60.62
2024-06-16,Daz Cameron,663662,641927,1,7,42.25,76.86
2024-07-14,Bryan Reynolds,668804,605154,2,8,178,49.22
2024-07-09,Wilyer Abreu,677800,621053,2,2,200.46,40.99
2024-08-30,Nolan Arenado,571448,664776,2,8,51.61,65.03
2024-07-22,Colt Keith,690993,657265,2,9,233.24,89.46
2024-08-25,Aaron Judge,592450,596295,1,1,101.85,27.62
2024-06-13,Carlos Correa,621043,656794,2,7,39.39,77.34
2024-06-14,Mitch Garver,641598,571760,2,1,94.96,41.47
2024-09-29,James McCann,543510,641927,1,5,41.81,69.55
2024-08-28,Kyle Higashioka,543309,668941,2,8,20.82,90.43
2024-04-23,Pavin Smith,656976,668868,2,6,183.87,44.97
2024-07-04,Juan Soto,665742,607259,2,7,100.55,26.21
2024-09-27,Jonah Bride,681146,621244,2,1,46.25,79.02
2024-05-23,Jorge Mateo,622761,605182,2,4,71.28,47.32
2024-08-27,Kerry Carpenter,681481,456501,0,6,170.63,32.83
2024-03-28,Tyler O'Neill,641933,675989,0,8,176.75,47.84
2024-06-20,Jose Siri,642350,543351,0,9,35.76,62.09
2024-04-25,Elehuris Montero,660707,681190,2,3,22.69,92.95
2024-05-22,Marcell Ozuna,542303,621016,2,7,77.1,47.41
2024-04-11,Alec Bohm,664761,683003,2,4,151.15,36.29
2024-09-13,Luis García Jr.,671277,685107,0,7,217.54,57.06
2024-08-08,Willy Adames,642715,450203,0,3,56.96,53.37
2024-04-30,Danny Mendick,664901,681892,2,5,67.67,46.11
2024-09-04,Jon Singleton,572138,608718,2,7,218.2,86.82
2024-05-20,Matt Olson,621566,656302,0,3,235.44,70.46
2024-07-13,Enrique Hernández,571771,656412,2,7,,
2024-08-17,Brandon Lowe,664040,571670,2,6,230.17,98.86
2024-09-25,Steven Kwan,680757,596001,0,1,203.57,72.64
2024-06-25,Jared Triolo,669707,571656,2,5,34.21,85.09
2024-07-14,Ketel Marte,606466,579328,1,5,119.24,33.15
2024-08-15,Cedric Mullins,656775,601713,0,5,208.95,71.13
2024-05-07,Randy Arozarena,668227,647336,1,3,33,84.56
2024-07-30,Tommy Pham,502054,674003,2,5,175.96,42.87
2024-09-28,Brent Rooker,667670,676106,1,5,57.58,49.54
2024-06-20,Royce Lewis,668904,641793,2,3,32.12,79.9
2024-08-08,Pete Alonso,624413,596295,0,1,101.64,9.19
2024-04-27,Bryan Reynolds,668804,573124,1,10,17.02,84.91
2024-06-29,Vladimir Guerrero Jr.,665489,641482,1,1,172.19,42.83
2024-07-13,Angel Martínez,682657,641793,1,5,221.05,68.33
2024-06-22,Ha-Seong Kim,673490,692230,2,4,47.99,69.21
2024-08-18,Dominic Canzone,686527,656924,1,5,150.91,32.69
2024-05-15,J.D. Martinez,502110,605513,0,8,62.09,48.58
2024-09-08,Luis Matos,682641,605397,1,4,46.77,71.95
2024-07-26,Austin Wells,669224,677161,1,7,224.21,72.08
2024-05-25,Jonathan Aranda,666018,663903,0,4,227.52,60.88
2024-04-02,Isaac Paredes,670623,666720,2,5,47.99,117.45
2024-06-20,Bobby Witt Jr.,677951,657697,0,8,30.78,56.38
2024-09-20,Lane Thomas,657041,571927,0,8,31.63,60.87
2024-09-21,LaMonte Wade Jr.,664774,663903,0,4,231.5,80.74
2024-08-07,Zach Neto,687263,664776,0,7,19.31,78.03
2024-08-18,Heliot Ramos,671218,676664,0,7,97.51,63.64
2024-08-03,Vladimir Guerrero Jr.,665489,607074,2,1,110.2,30.87
2024-07-09,Jesús Sánchez,660821,669854,0,7,56.71,78.71
2024-09-17,Shohei Ohtani,660271,670766,1,3,222.82,67.2
2024-05-11,Ketel Marte,606466,607644,2,3,8.95,89.72
2024-05-20,Carlos Correa,621043,680730,0,6,56.42,39.87
2024-06-30,Rowdy Tellez,642133,680885,2,5,,
2024-03-28,Anthony Santander,623993,660761,2,4,39.64,46.36
2024-04-19,Blaze Alexander,677942,687014,1,8,215.6,92.71
2024-07-31,Travis d'Arnaud,518595,642547,1,4,25.45,73.13
2024-06-07,Brayan Rocchio,677587,677960,1,3,38.46,65.9
2024-05-24,Nick Castellanos,592206,621389,0,5,86.32,22.98
2024-06-29,Mitch Haniger,571745,641154,0,3,49.61,63.72
2024-07-02,Luis Robert Jr.,673357,471911,0,6,31.3,86.06
2024-06-24,Matt Chapman,656305,657006,0,5,36.88,58.19
2024-04-19,Michael Harris II,671739,643493,2,8,201.14,53.18
2024-06-28,Kyle Higashioka,543309,601713,0,5,84.08,34.47
2024-08-25,Nick Castellanos,592206,519293,1,8,40.68,68.12
2024-09-22,Ozzie Albies,645277,670766,1,1,9.44,77.05
2024-09-20,Dansby Swanson,621020,592866,1,1,93.34,45.25
2024-04-18,Jonah Heim,641680,628317,0,2,226.6,84.36
2024-04-21,Nick Senzel,669222,605463,0,6,50.85,60.52
2024-08-26,Salvador Perez,521692,682120,2,6,85.16,18.16
2024-08-14,Joey Bart,663698,527048,0,6,52.92,67.6
2024-05-23,Heliot Ramos,671218,669796,1,7,11.04,78.15
2024-06-12,Starling Marte,516782,666129,2,5,43.3,43.24
2024-09-09,Alex Verdugo,657077,663903,2,4,200.35,66.98
2024-03-29,Elias Díaz,553869,518876,1,2,63.59,44.7
2024-05-10,Thairo Estrada,642731,671096,1,1,61.45,61
2024-08-04,Josh Jung,673962,601713,1,2,13.29,96.64
2024-08-08,Jackson Chourio,694192,450203,2,2,100.66,36.07
2024-05-19,Luis Campusano,669134,678061,0,5,17.78,97.85
2024-08-31,Bobby Witt Jr.,677951,593576,2,8,28.8,69.6
2024-07-04,Colt Keith,690993,641927,1,1,210.27,47.55
2024-05-06,Jonny DeLuca,676356,694363,1,5,55.11,52.65
2024-04-03,Jack Suwinski,669261,676395,1,6,220.51,65.88
2024-04-21,Will Brennan,686823,548389,1,2,190.4,63.83
2024-06-14,William Contreras,661388,668881,1,3,155.26,32.94
2024-04-16,Enrique Hernández,571771,571578,2,5,98.95,26.73
2024-08-17,William Contreras,661388,676440,1,4,15.34,90.83
2024-09-08,Nathaniel Lowe,663993,702674,2,1,235.18,72.99
2024-04-08,Brandon Marsh,669016,606149,2,9,242.79,83.14
2024-06-09,Hunter Renfroe,592669,608723,0,10,46.36,61.74
2024-08-02,Manny Machado,592518,596295,0,2,63.9,56.3
2024-07-10,Eugenio Suárez,553993,450203,2,2,19.38,48.89
2024-07-21,Teoscar Hernández,606192,676710,1,3,220.18,80.89
2024-08-22,Giancarlo Stanton,519317,680704,2,5,140,30.96
2024-07-30,Jazz Chisholm Jr.,665862,621381,1,7,233.88,98.3
2024-07-05,Alex Bregman,608324,681892,0,9,16.5,76.1
2024-05-26,Corey Seager,608369,641154,0,5,220.57,80.61
2024-07-08,Wyatt Langford,694671,608334,1,7,27.69,64.85
2024-08-06,Parker Meadows,678009,663423,2,8,215.66,56.38
2024-06-17,Kyle Schwarber,656941,681190,0,3,165.17,24.51
2024-08-06,Zack Gelof,680869,686563,2,4,9.89,92.48
2024-07-21,Jose Siri,642350,664776,2,7,159.03,26.84
2024-04-02,Marcell Ozuna,542303,676979,1,7,43.7,82.81
2024-07-13,Rece Hinds,677956,677053,1,6,79.94,30.27
2024-09-07,Andrew Vaughn,683734,681867,2,1,88.71,40.86
2024-08-02,Rafael Devers,646240,605177,1,9,232.97,88.74
2024-06-17,Michael Siani,672279,666129,0,5,227.82,89.25
2024-06-18,Andy Pages,681624,596295,1,2,47.71,65.26
2024-07-28,Kyle Schwarber,656941,676282,0,3,203.45,54.8
2024-06-16,Tyler Locklear,682988,600917,0,7,18.9,81.52
2024-05-11,Hunter Goodman,696100,571760,0,3,68.8,28.17
2024-06-29,Austin Wells,669224,621016,0,9,184.32,56.3
2024-09-11,Tommy Edman,669242,696136,2,1,40.01,73.96
2024-04-25,Salvador Perez,521692,621244,2,1,15.07,77.33
2024-09-25,Lenyn Sosa,672820,660761,1,4,29.64,92.3
2024-07-21,Noelvi Marte,682622,663623,2,2,56.08,46.62
2024-05-01,Spencer Steer,668715,605397,2,1,76.57,49.3
2024-07-02,Jake Burger,669394,676710,0,5,49.57,55.02
2024-07-21,Jeremy Peña,665161,676092,0,7,54.18,47.12
2024-05-22,Christian Walker,572233,622694,0,6,81.41,35.92
2024-09-27,Zach DeLoach,676113,676428,2,6,224.59,69.34
2024-08-31,Pete Alonso,624413,663436,2,1,61.43,48.58
2024-06-05,Heliot Ramos,671218,656756,0,3,102.09,28.92
2024-05-01,Willson Contreras,575929,628317,0,4,132.82,23.97
2024-04-23,Shea Langeliers,669127,573186,2,2,162.58,35.68
2024-08-27,Yandy Díaz,650490,676092,0,8,59.43,43.78
2024-09-21,Aaron Judge,592450,656232,0,7,93.92,30
2024-05-11,Leody Taveras,665750,656234,1,7,212.85,67.02
2024-04-27,Keibert Ruiz,660688,592288,0,7,13.36,88.72
2024-03-28,Cavan Biggio,624415,621107,1,6,208.26,75.84
2024-09-16,Eric Wagaman,676572,686563,2,2,107.55,39.29
2024-08-28,Vinnie Pasquantino,686469,676440,1,1,209.65,70.64
2024-08-08,Garrett Mitchell,669003,450203,2,2,69.56,44.09
2024-06-03,Lourdes Gurriel Jr.,666971,675921,0,2,39.51,69.57
2024-08-29,Brendan Rodgers,663898,678368,1,3,142.98,23.97
2024-05-29,Blake Perkins,663368,684007,2,3,78.6,46.56
2024-08-14,Vladimir Guerrero Jr.,665489,519326,1,9,52.04,54.34
2024-06-28,Kyle Isbel,664728,658648,1,4,195.88,54.35
2024-04-23,Mark Canha,592192,621363,1,8,51.94,56.85
2024-05-29,Willy Adames,642715,543294,2,7,57.79,47.85
2024-06-05,Paul DeJong,657557,669713,0,8,20.29,71.52
2024-06-16,Jose Miranda,669304,666204,1,8,26.01,56.78
2024-09-17,Shea Langeliers,669127,696136,1,5,23.97,62.93
2024-05-24,Jo Adell,666176,671106,1,6,65.68,33.07
2024-06-11,Will Smith,669257,641540,1,1,75.15,56.33
2024-07-26,Jake Burger,669394,642547,2,1,,
2024-06-28,Shea Langeliers,669127,676714,0,9,29.17,75.59
2024-06-11,Kyle Schwarber,656941,676710,0,5,210.38,47.22
2024-04-27,Jo Adell,666176,663978,2,2,52.23,58.06
2024-09-15,Max Muncy,571970,605154,2,9,177.41,33.31
2024-04-30,Andrés Giménez,665926,686613,0,6,186.74,48.35
2024-04-21,Shohei Ohtani,660271,605288,1,3,205.86,46.92
2024-09-03,Randal Grichuk,545341,663941,0,5,59.86,65.72
2024-09-03,Daulton Varsho,662139,663969,0,1,145.51,28.83
2024-05-31,Ezequiel Tovar,678662,621111,2,4,86.91,37.86
2024-09-27,Jerar Encarnacion,666464,571945,0,2,108.88,25.83
2024-03-30,Jared Walsh,665120,543294,0,2,197.94,40.38
2024-09-19,Kyle Manzardo,700932,680573,1,1,237.49,92.08
2024-06-04,Brandon Lowe,664040,666200,1,4,231.01,94.64
2024-05-12,David Fry,681807,647336,1,4,26.62,67.45
2024-03-31,Kerry Carpenter,681481,607200,0,4,211.94,64.89
2024-04-14,Jack Suwinski,669261,554430,0,6,175.37,44.16
2024-05-10,Johan Rojas,679032,681871,2,7,58.92,57.18
2024-06-24,Vladimir Guerrero Jr.,665489,663462,2,7,70.32,15.72
2024-07-20,Randy Arozarena,668227,656671,1,7,51.06,49.62
2024-06-21,Jorge Mateo,622761,663321,1,8,34.67,82.3
2024-08-03,Michael Busch,683737,502043,0,1,193.03,56.64
2024-06-14,Kyle Schwarber,656941,680694,0,1,199.01,51.51
2024-08-27,Lourdes Gurriel Jr.,666971,640455,0,7,44.95,71.44
2024-06-12,Matt Vierling,663837,663623,0,1,45.02,76.4
2024-05-15,Brenton Doyle,686668,650633,0,2,50.09,41.48
2024-04-03,Taylor Ward,621493,592288,0,8,144.93,34.21
2024-06-27,Nico Hoerner,663538,663855,1,3,30.13,86.58
2024-05-22,Ketel Marte,606466,642232,0,8,40.02,113.51
2024-05-10,Tyler Freeman,671289,621051,0,7,54.38,59.41
2024-04-01,Adolis García,666969,606965,0,8,35.35,50.65
2024-08-30,Garrett Mitchell,669003,686730,0,6,71.78,47.11
2024-06-05,Elias Díaz,553869,607259,1,5,29.46,86.63
2024-05-07,Joey Ortiz,687401,607625,0,2,66.59,42.79
2024-07-24,Elly De La Cruz,682829,642216,0,3,186.54,48.02
2024-09-01,Yordan Alvarez,670541,679525,0,4,219.38,81.92
2024-05-08,Carlos Correa,621043,669923,1,1,84.12,40.12
2024-08-09,Alec Burleson,676475,547179,0,3,228.8,85.17
2024-07-31,Jake Fraley,641584,543294,0,5,207.97,77.95
2024-07-07,Michael Conforto,624424,471911,1,2,233.14,55.16
2024-03-31,CJ Abrams,682928,607259,1,3,197.16,39.97
2024-06-12,Jeimer Candelario,600869,676440,1,6,216.46,87.65
2024-06-20,Jesse Winker,608385,669194,2,6,106.09,37.01
2024-07-27,Tyler O'Neill,641933,664776,0,5,40.71,69.37
2024-07-13,Zack Gelof,680869,663969,2,3,17.79,85.88
2024-08-09,Jackson Merrill,701538,666277,0,9,150.63,39.44
2024-09-15,Fernando Tatis Jr.,665487,643511,0,8,85.48,42.21
2024-05-22,J.T. Realmuto,592663,641540,1,3,32.08,72.87
2024-04-14,Nick Gordon,624503,669276,2,6,219.03,97.04
2024-05-06,Edward Olivares,658668,542881,1,3,53.35,43.09
2024-04-09,Tyler O'Neill,641933,669203,2,1,49.34,50.11
2024-08-27,Manny Machado,592518,571945,0,2,62.39,51.25
2024-06-21,Jake Meyers,676694,680570,2,5,16.52,85.85
2024-07-13,Gio Urshela,570482,670990,1,10,50.59,60.69
2024-07-24,Eugenio Suárez,553993,608379,2,2,9.62,75.48
2024-09-18,Alec Bohm,664761,642547,1,2,95.72,40.24
2024-08-18,Yainer Diaz,673237,681066,0,6,54.97,58.5
2024-04-27,Corey Seager,608369,608718,0,9,212.83,63.93
2024-09-15,Jackson Chourio,694192,668678,0,5,48.01,57.61
2024-08-11,Jeremy Peña,665161,472610,2,6,41.13,62.72
2024-03-29,Mookie Betts,605141,668868,0,1,32.07,70.48
2024-07-29,Sean Murphy,669221,669060,2,9,20.62,70.17
2024-09-20,Orlando Arcia,606115,678368,2,4,38.6,72.31
2024-04-26,Bryce Harper,547180,605397,0,3,232.94,78.44
2024-08-26,Matt Wallner,670242,669276,0,9,200.37,66.36
2024-07-04,Brandon Lowe,664040,519293,2,6,201.8,45.85
2024-07-03,Martín Maldonado,455117,682120,0,8,16.27,93.81
2024-09-27,Corbin Carroll,682998,506433,0,1,228.45,66.44
2024-05-30,Gary Sánchez,596142,668338,2,8,100.62,30.04
2024-07-09,Cal Raleigh,663728,800049,1,3,204.5,66.8
2024-08-20,Jurickson Profar,595777,595345,0,8,34.06,89.34
2024-08-02,Brendan Rodgers,663898,681190,0,2,54.37,57.55
2024-06-29,Corey Seager,608369,700249,1,1,234.17,68.65
2024-08-13,Jhonkensy Noel,678877,592767,2,6,8.52,68.75
2024-08-02,Jake Burger,669394,680885,1,3,50.32,47.05
2024-07-04,Nick Castellanos,592206,592791,2,4,43.94,55.81
2024-05-04,Brett Harris,695391,670766,0,6,37.1,76.15
2024-07-13,Rafael Devers,646240,607625,0,5,74.11,59.34
2024-05-17,David Fry,681807,595345,2,6,23.44,92.45
2024-08-24,Francisco Lindor,596019,650633,2,4,187.25,41.48
2024-04-09,Alex Verdugo,657077,640462,1,2,202.11,69.88
2024-08-03,Leody Taveras,665750,656557,2,4,204.32,72.43
2024-07-09,Joey Bart,663698,669060,0,6,69.41,50.72
2024-06-28,Jackson Chourio,694192,592791,2,4,42.63,67.48
2024-07-29,Randy Arozarena,668227,601713,1,6,23.7,90.55
2024-05-29,Gunnar Henderson,683002,676710,2,2,190.39,40.29
2024-06-03,Yordan Alvarez,670541,502043,2,3,229.08,83.65
2024-08-14,Jonathan India,663697,502043,1,3,57.08,60.11
2024-09-20,Jake Meyers,676694,542881,2,3,40.07,86.14
2024-04-01,Richie Palacios,680700,641540,1,7,201.62,61.52
2024-06-06,Gabriel Moreno,672515,681190,0,2,16.54,85.03
2024-04-30,Christian Walker,572233,622503,0,10,5.58,73.43
2024-08-14,Jake Cronenworth,630105,656605,0,1,224.8,97.19
2024-08-17,Dairon Blanco,680118,571656,1,3,42.15,57.52
2024-08-18,Michael Conforto,624424,666204,0,10,220.03,68.94
2024-09-12,Jason Heyward,518792,687765,2,2,211.41,83.63
2024-05-03,Jake Cronenworth,630105,677944,0,4,225.96,71.56
2024-07-29,José Ramírez,608070,676614,0,3,50.85,31.81
2024-08-16,Brandon Nimmo,607043,666277,1,4,245.28,93.33
2024-06-06,Adley Rutschman,668939,579328,1,6,67.71,53.87
2024-06-20,Jackson Merrill,701538,669060,2,1,231.02,100.11
2024-05-17,Tyler Stephenson,663886,572020,2,6,52.59,66.03
2024-04-21,Evan Carter,694497,670241,0,4,200.92,55.99
2024-09-21,Iván Herrera,671056,680704,2,7,66.05,40.63
2024-06-17,Jacob Stallings,607732,572020,0,2,112.25,27.12
2024-04-24,Connor Wong,657136,471911,0,6,24.32,73.41
2024-05-05,Jesse Winker,608385,666201,2,4,174.09,47.46
2024-09-29,Cal Raleigh,663728,687765,1,5,218.62,59.63
2024-08-07,Bobby Witt Jr.,677951,676710,1,1,22.01,97.75
2024-08-29,Francisco Lindor,596019,669194,0,6,228.56,74.86
2024-07-31,Matt Wallner,670242,622663,0,3,161.53,23.32
2024-08-15,Gunnar Henderson,683002,601713,0,4,216.18,62.38
2024-03-28,Adolis García,666969,622075,1,6,30.02,64.12
2024-05-07,Cal Raleigh,663728,595345,1,7,21.59,50.72
2024-07-14,Trea Turner,607208,683155,1,1,56.57,65.29
2024-07-05,Will Smith,669257,650644,1,3,64.89,44.61
2024-07-21,Miguel Andujar,609280,608334,2,5,27.15,81.9
2024-04-26,Nick Castellanos,592206,605397,1,3,55.54,53.88
2024-07-06,Ryan Mountcastle,663624,519008,1,9,100.98,30.86
2024-08-20,Alejandro Kirk,672386,686730,2,3,26.94,70.15
2024-08-28,Connor Joe,656582,681799,0,4,27,66.88
2024-08-13,Vladimir Guerrero Jr.,665489,608334,1,3,50.5,58.4
2024-07-25,Brent Rooker,667670,670046,1,1,15.54,60.45
2024-08-03,Vinnie Pasquantino,686469,628317,2,6,230.91,85.77
2024-06-18,Ketel Marte,606466,663623,0,1,172.68,38.05
2024-04-21,Mike Yastrzemski,573262,677944,2,5,219.12,100.03
2024-06-26,Kyle Higashioka,543309,687792,2,2,24.94,82.68
2024-07-11,Cal Raleigh,663728,670046,2,6,22.42,74.76
2024-04-16,Enmanuel Valdez,665839,676440,2,4,231.64,53.3
2024-05-25,Ezequiel Duran,677649,663978,1,5,24.58,75.35
2024-05-14,Adolis García,666969,594902,0,2,25.17,100.89
2024-06-22,Josh Smith,669701,608379,0,4,221.79,92.77
2024-06-30,Chris Taylor,621035,702352,1,5,105.24,30.74
2024-04-28,Adolis García,666969,671096,2,1,25.66,77.14
2024-05-10,Dylan Moore,664238,621112,1,4,21,97.97
2024-07-20,Jake Cronenworth,630105,675921,2,8,235.78,92.83
2024-09-15,Riley Greene,682985,642397,1,8,206.96,75.32
2024-05-17,Jordan Beck,687597,696131,1,2,120.39,33.41
2024-04-17,Connor Wong,657136,594902,2,4,55.53,69.05
2024-06-26,Aaron Judge,592450,664849,0,6,28.26,69.01
2024-04-10,Jake Cronenworth,630105,543294,0,6,232.95,86.91
2024-07-12,Harrison Bader,664056,685299,0,4,18.52,73.29
2024-09-14,Willy Adames,642715,571670,0,4,187.43,55.25
2024-04-06,Jorge Polanco,593871,669060,0,8,186.24,40.49
2024-03-28,George Springer,543807,621107,0,4,59.43,55.1
2024-07-23,Tyler O'Neill,641933,621389,2,1,140.17,22.33
2024-04-12,Fernando Tatis Jr.,665487,518489,2,7,86.98,36.51
2024-09-13,Ezequiel Tovar,678662,681799,2,7,192.02,50.2
2024-05-10,Isiah Kiner-Falefa,643396,657746,0,3,50.58,72.06
2024-04-09,Josh Naylor,647304,647336,2,1,201.7,67.05
2024-07-12,Willie Calhoun,641432,608723,0,10,198.65,49.8
2024-07-24,Christian Walker,572233,608379,1,4,55.22,51.03
2024-06-21,Hunter Goodman,696100,687792,1,4,33.58,77.56
2024-08-18,Brandon Marsh,669016,663623,1,6,183.51,48.22
2024-06-13,Andy Pages,681624,547179,1,7,19.69,92.74
2024-07-03,Max Schuemann,680474,669721,1,5,25.47,83.85
2024-09-21,David Peralta,444482,623167,1,4,201.02,58.3
2024-05-04,Brett Harris,695391,670766,0,4,33.4,57.83
2024-09-19,Vladimir Guerrero Jr.,665489,670036,0,7,12.85,69.25
2024-06-19,Bryan Reynolds,668804,607259,2,8,98.73,32.69
2024-05-01,Willy Adames,642715,541640,1,7,147.77,35.63
2024-06-25,Mickey Moniak,666160,687765,0,4,189.41,61.1
2024-06-17,Ceddanne Rafaela,678882,579328,0,3,46.96,48.06
2024-06-22,Elly De La Cruz,682829,601713,1,3,208.16,55.87
2024-07-02,Justyn-Henry Malloy,669234,680573,0,5,36.44,62.22
2024-05-03,Manny Machado,592518,621199,2,5,41.94,68.09
2024-09-24,Masyn Winn,691026,663372,0,3,26.95,74.89
2024-04-28,Wenceel Pérez,672761,608379,1,1,214.42,78.53
2024-06-12,Ryan McMahon,641857,641154,0,4,155.63,28.83
2024-09-08,Connor Norby,681393,676661,2,3,110.2,54.55
2024-07-09,Justyn-Henry Malloy,669234,680704,2,6,18.65,90.82
2024-07-29,Dominic Smith,642086,663423,0,5,26.84,95.12
2024-07-30,Andrew Vaughn,683734,608379,1,4,14.13,83.75
2024-08-07,Matt Chapman,656305,663623,2,5,60.86,43.77
2024-09-20,James Wood,695578,668338,0,8,217.3,54.37
2024-06-13,Anthony Rizzo,519203,670167,0,8,210.01,72.03
2024-04-04,Connor Joe,656582,571882,1,5,43.9,59.14
2024-06-06,Enmanuel Valdez,665839,663765,0,4,161.12,40.68
2024-03-31,Teoscar Hernández,606192,669467,1,8,71.35,48.39
2024-07-26,Mark Vientos,668901,450203,1,3,51.12,65.52
2024-05-04,Jurickson Profar,595777,676714,1,7,61.66,52.67
2024-07-24,Ezequiel Tovar,678662,601713,0,1,37.03,68.19
2024-06-26,Harrison Bader,664056,672782,0,7,68.17,50.38
2024-03-29,Giancarlo Stanton,519317,656232,1,9,76.65,36.77
2024-07-25,Marcus Semien,543760,686563,0,3,37.34,70.32
2024-06-24,Tyler Nevin,663527,656288,1,2,106.27,37.08
2024-07-29,Bo Naylor,666310,676614,2,6,233.85,92.59
2024-06-28,Vinnie Pasquantino,686469,670766,1,8,227.92,66.46
2024-07-30,Emmanuel Rivera,656896,605488,1,1,38.57,78.9
2024-09-27,Sean Murphy,669221,663903,2,4,32.12,60.33
2024-06-16,Freddie Freeman,518692,663903,0,6,191.2,50.25
2024-07-27,Corbin Carroll,682998,594835,0,2,204.41,56.1
2024-08-24,Jeremy Peña,665161,544150,2,6,71.25,39.51
2024-09-02,Dansby Swanson,621020,683003,0,3,70.65,60.42
2024-09-29,Brendan Donovan,680977,806185,1,3,220.07,81.23
2024-09-01,Lars Nootbaar,663457,676760,0,9,97.35,27.73
2024-05-08,Leody Taveras,665750,676664,2,4,88.43,36.8
2024-08-19,Matt Chapman,656305,686563,0,6,17.13,76.59
2024-07-01,William Contreras,661388,596295,2,5,218.63,70.85
2024-06-25,Joey Ortiz,687401,571760,0,5,27.04,86.03
2024-04-06,Luis Urías,649966,571948,0,9,61.37,57.23
2024-05-11,Gunnar Henderson,683002,669194,0,5,170.69,38.96
2024-08-21,MJ Melendez,669004,456501,2,6,198.73,134.17
2024-05-28,Kevin Pillar,607680,641482,2,1,33.23,75.71
2024-04-12,Elly De La Cruz,682829,623167,2,3,181.55,25.52
2024-08-04,Kyle Higashioka,543309,615698,0,5,42.96,79.11
2024-08-16,Masataka Yoshida,807799,669203,2,4,189.21,58.61
2024-08-25,Alex Bregman,608324,572143,2,7,23.89,73.9
2024-09-11,Eugenio Suárez,553993,674003,0,2,27.52,56.28
2024-07-12,Marcell Ozuna,542303,663362,0,5,86.61,36.66
2024-06-22,Christopher Morel,666624,656731,1,3,102.2,19.6
2024-05-04,Brent Rooker,667670,670766,1,3,16.53,89.5
2024-09-11,Ketel Marte,606466,674003,1,4,54.15,54.61
2024-07-14,Pete Crow-Armstrong,691718,571945,1,3,214.01,60.93
2024-08-04,Alec Bohm,664761,642048,2,8,42.68,69.2
2024-07-10,Andy Ibáñez,628451,656529,0,8,48.54,73.1
2024-07-05,Will Smith,669257,650644,1,1,174.3,48.54
2024-05-15,Jackson Chourio,694192,527048,0,6,49.15,37
2024-06-13,Joc Pederson,592626,472610,0,7,193.57,38.22
2024-04-06,Brent Rooker,667670,628317,2,1,30.95,73.08
2024-05-05,Luis García Jr.,671277,666201,1,3,163.66,39.68
2024-04-13,Josh Naylor,647304,676760,1,9,232.18,97.95
2024-07-05,Colt Keith,690993,686730,1,5,222.62,60.58
2024-09-08,Sam Hilliard,656541,571948,2,5,203.95,69.19
2024-05-14,Ceddanne Rafaela,678882,650644,1,5,32.27,95.77
2024-08-16,Luis Robert Jr.,673357,681293,2,5,32.72,103.56
2024-07-20,David Peralta,444482,675921,0,8,209.15,76.95
2024-07-29,MJ Melendez,669004,621051,1,8,237.27,90.21
2024-09-12,Jordan Beck,687597,669373,1,3,51.9,46.81
2024-07-31,Freddy Fermin,666023,689672,1,2,78.23,47.32
2024-07-04,Jeremy Peña,665161,670950,1,7,17.71,88.49
2024-07-29,Jackson Chourio,694192,670241,0,8,37.79,68.78
2024-06-20,Freddie Freeman,518692,621389,2,4,133.47,24.98
2024-08-22,Juan Yepez,660766,663567,0,8,86.94,40.19
2024-09-12,Danny Jansen,643376,641482,0,5,34.32,72.61
2024-09-14,Gunnar Henderson,683002,628317,2,7,230.23,91.12
2024-06-19,Jarren Duran,680776,592332,1,5,141.02,24.34
2024-07-12,Orlando Arcia,606115,663362,1,5,53.17,53.85
2024-08-17,Shohei Ohtani,660271,669467,2,5,198.75,61.71
2024-07-14,Jo Adell,666176,608723,0,8,79.68,44.29
2024-06-21,Luis García Jr.,671277,641712,2,3,219.29,69.45
2024-03-30,Braden Shewmake,669699,628317,1,2,210.48,72.74
2024-08-03,Jonathan India,663697,690986,2,3,20.96,65.59
2024-05-29,Ha-Seong Kim,673490,666129,0,3,59.16,60.95
2024-05-22,Yandy Díaz,650490,677161,0,9,80.43,31.97
2024-07-19,Korey Lee,686676,608717,2,8,97.16,31.14
2024-03-29,J.D. Davis,605204,671106,0,6,133.11,31.58
2024-04-23,Eloy Jiménez,650391,641154,0,4,9.45,76.1
2024-07-12,MJ Melendez,669004,669711,1,8,171.41,47.03
2024-08-02,Willi Castro,650489,621051,2,8,185.51,50.24
2024-08-20,Jon Singleton,572138,601713,2,1,190.26,59.43
2024-07-02,Ceddanne Rafaela,678882,678368,1,4,53.71,63.58
2024-09-20,Colton Cowser,681297,672456,0,6,221.11,58.83
2024-07-06,Dane Myers,667472,647336,0,7,95.59,31.79
2024-08-13,Max Kepler,596146,519293,2,6,209.59,68.44
2024-05-01,Tom Murphy,608596,676710,0,3,35.05,60.68
2024-08-04,Bryce Harper,547180,642048,2,8,194.63,56.49
2024-05-07,Paul DeJong,657557,621107,2,7,31.65,82.4
2024-08-24,Zach McKinstry,656716,605154,2,9,207.86,69.98
2024-07-03,Francisco Lindor,596019,680730,2,5,69.53,44.59
2024-08-05,Manuel Margot,622534,543294,0,5,52.61,65.77
2024-05-13,Mookie Betts,605141,663855,0,1,44.63,76.38
2024-06-15,Carson Kelly,608348,663321,2,6,41.6,71.45
2024-08-06,Brandon Lowe,664040,543243,0,1,231.31,62.6
2024-08-16,Logan O'Hoppe,681351,680885,1,4,155.3,37.1
2024-09-14,Joey Gallo,608336,678368,1,2,232.98,75.6
2024-06-04,Tyler Freeman,671289,607625,0,7,74.82,44.51
2024-07-28,Teoscar Hernández,606192,687911,0,8,29.05,89.17
2024-09-13,Brandon Nimmo,607043,605400,1,5,198.13,74.33
2024-08-24,Teoscar Hernández,606192,671737,1,4,97.17,38.75
2024-04-26,Will Smith,669257,670950,1,4,23.89,94.09
2024-06-21,Connor Wong,657136,671096,0,2,55.28,64.78
2024-08-15,Casey Schmitt,669477,445926,1,6,31.37,81.1
2024-09-18,Rhys Hoskins,656555,605400,0,5,69.91,53.76
2024-05-31,Santiago Espinal,669289,592767,0,7,73.14,52.43
2024-08-28,Wyatt Langford,694671,671111,0,4,55.62,48.92
2024-08-12,Corey Seager,608369,690544,2,7,233.29,85.46
2024-04-21,Andrew Knizner,668800,670241,2,4,54.59,48.68
2024-09-09,Salvador Perez,521692,607074,2,3,63.82,39.45
2024-06-19,Ramón Urías,602104,676760,0,5,57.86,42.05
2024-09-27,Teoscar Hernández,606192,615698,2,1,15.54,78.49
2024-04-25,Ryan Jeffers,680777,647336,0,6,27.26,80.81
2024-08-28,Teoscar Hernández,606192,669203,2,3,49.82,42.7
2024-07-10,Martín Maldonado,455117,641154,0,3,43.56,78.42
2024-04-06,Michael Toglia,669911,641302,1,4,31.49,65.01
2024-07-20,Corbin Carroll,682998,543294,1,5,198.66,51.71
2024-06-25,James McCann,543510,671106,0,4,48.51,47.35
2024-06-09,Jake Rogers,668670,571948,1,5,216.9,78.91
2024-04-28,Tyler Nevin,663527,543056,2,7,50.1,52.55
2024-05-17,Jared Triolo,669707,543294,0,3,23.73,72.87
2024-09-11,Emmanuel Rivera,656896,601713,0,3,47.25,79.71
2024-04-17,Joc Pederson,592626,592767,1,9,226.51,70.09
2024-09-28,Jazz Chisholm Jr.,665862,681347,2,5,224.58,66.39
2024-06-28,Carlos Correa,621043,669302,0,6,52.34,61.68
2024-05-24,Gunnar Henderson,683002,623167,2,5,67.26,43.14
2024-09-02,Shea Langeliers,669127,608723,0,9,8.35,75.6
2024-06-17,Davis Schneider,676914,601713,2,7,15.49,83.53
2024-04-09,Yan Gomes,543228,605397,0,5,86.39,38.02
2024-07-29,Will Benson,666181,592791,2,2,223.97,78.56
2024-05-28,David Fry,681807,571539,1,7,20.52,74.2
2024-06-26,Luis Matos,682641,592767,2,5,53.68,65.46
2024-07-09,Adam Duvall,594807,668678,1,6,27.62,48.98
2024-07-29,Alex Call,669743,656756,1,1,37.16,75.21
2024-06-09,Aaron Judge,592450,670990,0,8,13.03,62.88
2024-04-17,Starling Marte,516782,663559,1,3,87.21,45.42
2024-09-18,Brendan Donovan,680977,663765,0,2,228.55,75.88
2024-07-09,Bryson Stott,681082,676272,2,4,191.99,36.62
2024-09-14,Xander Bogaerts,593428,696131,1,4,70.39,48.21
2024-04-13,Michael Busch,683737,668338,1,7,235.76,92.89
2024-07-29,Addison Barger,680718,621107,1,5,172.69,32.73
2024-06-18,Jesús Sánchez,660821,458681,1,1,175.46,37.08
2024-07-21,Aaron Judge,592450,592094,1,7,42.37,52.69
2024-06-16,Shohei Ohtani,660271,663903,0,6,211.82,61.24
2024-06-16,Royce Lewis,668904,676664,0,1,206.01,67.59
2024-09-08,Michael A. Taylor,572191,571578,0,6,73.16,37.73
2024-08-18,Shohei Ohtani,660271,543243,1,5,203.23,58.08
2024-07-26,Matt Wallner,670242,672456,1,2,223.52,81.32
2024-07-22,Jamie Westbrook,642197,596295,2,5,82.8,32
2024-09-14,Jordan Walker,691023,621244,2,3,76.79,46.03
2024-06-05,Francisco Lindor,596019,571578,0,6,90.77,29.39
2024-07-13,Carlos Santana,467793,573124,1,6,20.11,97.24
2024-09-07,Yandy Díaz,650490,621107,0,1,14.67,58.06
2024-05-17,Jake Meyers,676694,642547,2,2,20.92,86.21
2024-08-23,Rhys Hoskins,656555,676664,0,2,32.75,74.01
2024-05-24,William Contreras,661388,676710,1,3,16.01,80.39
2024-09-09,Mookie Betts,605141,592767,0,7,50.15,62.42
2024-09-21,Ty France,664034,683003,2,3,119.51,26.7
2024-04-25,Bryce Harper,547180,607259,2,3,204.39,64.6
2024-06-12,CJ Abrams,682928,681857,2,3,190.23,48.64
2024-04-26,Alex Verdugo,657077,607067,1,2,224.79,78.31
2024-05-17,Rafael Devers,646240,502043,1,3,156.18,22
2024-09-01,Luken Baker,663609,641482,2,4,30.25,74.5
2024-05-25,Starling Marte,516782,663855,1,2,43.79,67.19
2024-05-17,Andrew McCutchen,457705,643410,2,8,45.34,73.37
2024-09-16,Dansby Swanson,621020,683155,0,2,42.38,78.29
2024-04-14,Marcus Semien,543760,661527,2,9,23.6,89.35
2024-09-20,Alec Bohm,664761,493603,2,4,67.5,50.69
2024-04-12,Jonah Heim,641680,641585,1,3,209.29,55.58
2024-08-29,Zach Neto,687263,672456,2,5,58.87,51.59
2024-04-11,Anthony Santander,623993,669711,2,8,221.55,103.85
2024-08-08,Marcell Ozuna,542303,669060,1,7,15.19,58.14
2024-04-09,Mitch Haniger,571745,670950,2,8,25.46,93.19
2024-05-31,Josh Smith,669701,664350,2,4,166.47,44.34
2024-09-28,Junior Caminero,691406,676710,1,3,31.61,81.39
2024-06-16,Pedro Pagés,686780,592791,1,2,66.85,63.37
2024-05-15,Bryan De La Cruz,650559,663554,0,1,112.23,28.93
2024-10-25,Giancarlo Stanton,519317,656427,1,6,10.71,76.6
2024-05-20,Logan O'Hoppe,681351,664285,2,5,14.55,71.43
2024-04-16,Logan O'Hoppe,681351,650644,2,4,79.29,46.07
2024-04-05,Shohei Ohtani,660271,543294,0,5,233.57,91.74
2024-08-24,Alex Verdugo,657077,687134,0,4,167.41,41.63
2024-09-13,Jorge Soler,624585,689017,1,2,26.73,75.46
2024-07-30,Cavan Biggio,624415,663362,2,1,226.21,106.25
2024-09-29,Carlos Santana,467793,544150,0,2,198.65,57.39
2024-05-11,Freddie Freeman,518692,663362,2,1,226.4,103.5
2024-06-10,Royce Lewis,668904,683232,1,8,73.54,30.69
2024-08-04,Gunnar Henderson,683002,668909,2,4,180.63,47.92
2024-09-13,Thomas Saggese,695336,650893,1,8,19.81,89.98
2024-09-21,Jose Herrera,645444,650644,1,5,226.92,85.37
2024-07-30,Yainer Diaz,673237,663559,0,4,24.64,98.7
2024-05-17,Zach Neto,687263,571760,1,4,50.07,67.13
2024-08-11,Yordan Alvarez,670541,657514,0,5,147.32,27.16
2024-08-31,Justin Turner,457759,542881,0,4,42.49,67
2024-05-17,Jeremy Peña,665161,642547,1,5,61.63,59.52
2024-04-14,Aaron Judge,592450,671106,1,3,68.53,17.32
2024-05-13,Luis Matos,682641,808967,1,2,27.38,77.67
2024-06-25,Mitch Garver,641598,664208,0,7,38.87,73.61
2024-06-21,Jake Cronenworth,630105,607067,1,6,215.86,75.56
2024-09-28,José Ramírez,608070,434378,1,1,215.2,68.23
2024-05-31,Nolan Arenado,571448,605400,0,7,21.36,100.75
2024-08-07,Juan Yepez,660766,605483,2,3,14.07,78.66
2024-04-11,Bobby Witt Jr.,677951,686613,2,1,225.64,74.97
2024-06-21,Jonathan India,663697,676710,1,2,33.87,80.68
2024-09-11,Juan Soto,665742,666142,1,6,222.96,72.69
2024-08-04,Brenton Doyle,686668,663362,0,4,41.99,84
2024-09-26,Luis García Jr.,671277,608379,1,3,102.72,39.2
2024-08-18,Cal Raleigh,663728,663765,1,1,225.5,87.67
2024-07-02,Tyler Freeman,671289,623167,2,6,19.02,97.83
2024-05-14,Michael Harris II,671739,592791,0,4,104.83,27.91
2024-06-22,Isiah Kiner-Falefa,643396,594902,2,3,48.18,61.02
2024-07-22,Josh Bell,605137,656849,2,5,34.35,75.28
2024-10-17,Mookie Betts,605141,664208,1,6,30.59,73.08
2024-07-14,Garrett Mitchell,669003,663623,0,4,142.78,61.53
2024-08-31,Connor Norby,681393,573124,0,6,48.27,75.83
2024-05-18,Rafael Devers,646240,571945,1,4,145.52,25.46
2024-07-24,Vladimir Guerrero Jr.,665489,621107,2,3,67.84,48.16
2024-08-05,Teoscar Hernández,606192,605400,1,3,11.13,88.79
2024-07-21,Eric Haase,606992,657746,2,3,42.94,69.26
2024-06-07,Josh Bell,605137,671106,2,3,33.93,63.54
2024-04-07,Austin Riley,663586,612434,1,8,78.87,24.37
2024-08-26,Salvador Perez,521692,671106,1,5,80.04,42.88
2024-07-21,Luke Raley,670042,661527,2,6,227.14,91.75
2024-07-04,Jesse Winker,608385,605288,1,8,179.85,43.32
2024-04-26,Graham Pauley,688363,605400,0,7,114.33,29.67
2024-08-21,Trey Sweeney,700242,592791,1,2,141.9,32.31
2024-06-04,Riley Greene,682985,641540,2,5,233.49,96.46
2024-04-27,Ryan Mountcastle,663624,676664,2,5,20.1,76.11
2024-09-25,Jake Burger,669394,680573,0,1,39.73,76.49
2024-08-07,Kyle Higashioka,543309,594835,0,4,121.44,29.04
2024-08-18,Brandon Nimmo,607043,678368,0,6,214.12,50.41
2024-06-23,Spencer Horwitz,687462,663474,0,3,242.39,97.11
2024-09-13,Francisco Alvarez,682626,605400,0,5,27.45,103.85
2024-05-12,Seby Zavala,664874,666205,1,6,25.58,94.28
2024-09-27,Lars Nootbaar,663457,694738,2,3,130.56,37.45
2024-06-01,Ryan Mountcastle,663624,671737,1,4,107.65,25.57
2024-06-12,Jose Siri,642350,665871,0,4,60.88,35.04
2024-09-15,Jacob Stallings,607732,543294,0,3,37.18,53.77
2024-04-27,Andrew Benintendi,643217,664208,1,10,207.53,58.01
2024-06-01,Andrew Benintendi,643217,688107,0,3,197.48,54.77
2024-06-03,Jake Rogers,668670,543135,2,3,29.84,78.76
2024-09-28,Nathaniel Lowe,663993,656288,0,2,200.52,55.94
2024-04-05,Ryan McMahon,641857,592094,1,9,211.4,52.69
2024-09-01,Michael Harris II,671739,605400,2,3,162.85,36.17
2024-09-27,Andy Pages,681624,615698,0,4,28.76,51.94
2024-08-30,Brent Rooker,667670,641540,2,7,67.4,49.3
2024-05-26,Paul Goldschmidt,502671,665871,1,5,9.79,85.26
2024-06-05,Wilmer Flores,527038,656756,0,3,27.96,72.44
2024-09-20,Oneil Cruz,665833,608718,0,7,116.38,33.17
2024-09-01,Jordan Walker,691023,664123,2,5,100.42,30.27
2024-04-14,Javier Báez,595879,573204,1,8,39.45,62.22
2024-09-13,Kerry Carpenter,681481,621107,1,1,209.93,53.42
2024-06-20,Fernando Tatis Jr.,665487,669060,1,5,41.92,38.25
2024-04-27,Gunnar Henderson,683002,676664,1,7,232.39,90.19
2024-05-30,Isaac Paredes,670623,663687,2,1,28.23,86.27
2024-07-01,Jeremy Peña,665161,684320,2,5,28.32,78.13
2024-06-09,Jurickson Profar,595777,674072,1,3,30.02,75.98
2024-04-12,Manny Machado,592518,808967,2,1,45.25,62.82
2024-06-08,Ezequiel Tovar,678662,502043,0,6,21.64,77.59
2024-07-11,Spencer Horwitz,687462,663855,0,5,210.81,58.19
2024-06-27,Adolis García,666969,669203,0,4,6.97,85.1
2024-05-22,Masyn Winn,691026,608344,0,7,21.76,87.67
2024-04-12,Jesse Winker,608385,666204,0,9,184.83,53.94
2024-07-19,Freddie Freeman,518692,657514,1,8,223.08,83.82
2024-04-13,Kyle Schwarber,656941,594835,0,1,103.51,28.73
2024-09-16,Bobby Witt Jr.,677951,681857,1,3,24.7,80.78
2024-06-21,Nick Castellanos,592206,657044,1,8,16.72,88.5
2024-05-08,Giancarlo Stanton,519317,681293,1,3,,
2024-05-20,Will Smith,669257,677944,0,3,71.73,52.8
2024-05-15,Adolis García,666969,680704,0,6,33.12,68.79
2024-08-11,Daulton Varsho,662139,676664,1,4,227.79,101.48
2024-08-18,Gunnar Henderson,683002,690544,1,6,201.94,57.84
2024-09-01,Yordan Alvarez,670541,669674,0,6,97.88,38.29
2024-05-29,Nick Gonzales,693304,672456,0,4,36.16,83.65
2024-07-22,Nolan Gorman,669357,656605,0,5,223.77,107.42
2024-08-07,Corbin Carroll,682998,594902,0,5,216.66,85.04
2024-07-21,Byron Buxton,621439,650644,0,3,87,37.44
2024-07-06,Lourdes Gurriel Jr.,666971,663362,0,4,52.18,53.71
2024-04-07,Nick Gordon,624503,502043,2,1,223.35,71.55
2024-07-23,Shea Langeliers,669127,661527,1,7,24.52,85.77
2024-06-21,Royce Lewis,668904,683155,1,6,56.42,61.67
2024-06-14,Jack Suwinski,669261,663372,2,7,201.52,49.4
2024-09-03,Kyle Schwarber,656941,605135,1,4,214.64,76.13
2024-07-20,Julio Rodríguez,677594,664285,0,6,20.7,74.44
2024-06-19,Jorge Soler,624585,668338,2,8,7.77,61.44
2024-09-06,TJ Friedl,670770,640455,2,7,215.09,66.11
2024-05-12,Spencer Torkelson,679529,661527,2,9,14.42,77.22
2024-08-26,Bryan Reynolds,668804,592791,2,3,228.92,94.92
2024-04-17,Ronald Acuña Jr.,660670,641585,0,5,133.24,28.36
2024-09-05,Andrés Chaparro,665953,663559,1,1,73.29,37.66
2024-04-01,Willson Contreras,575929,663362,2,1,145.63,30.57
2024-05-13,Tyler O'Neill,641933,621107,2,1,22.7,59.52
2024-04-20,Ryan Noda,676116,671106,0,5,201.29,71.01
2024-08-03,Luis García Jr.,671277,650644,0,3,196.97,53.05
2024-06-22,Oneil Cruz,665833,621107,2,1,242.86,60.09
2024-08-28,Mickey Moniak,666160,628317,2,6,209.28,55.23
2024-05-26,Carson Kelly,608348,670950,0,5,54.81,64.94
2024-04-05,Matt Olson,621566,674072,2,3,165.74,32.11
2024-08-04,Jackson Holliday,702616,668909,1,4,217.54,84.33
2024-06-23,Bryan Reynolds,668804,650644,0,4,210.46,80.12
2024-07-20,Isaac Paredes,670623,641482,0,5,29.47,96.82
2024-05-12,Nick Castellanos,592206,666129,1,1,84.06,39.31
2024-09-02,Pedro Pagés,686780,642547,1,5,32,70
2024-07-28,Oneil Cruz,665833,573009,0,6,230.31,69.81
2024-08-19,Jared Triolo,669707,641540,2,4,13.87,94.82
2024-08-16,Cody Bellinger,641355,684320,2,1,185.84,46.66
2024-09-03,Jared Triolo,669707,668338,1,7,51.22,68.68
2024-08-27,Nick Castellanos,592206,434378,2,3,49.83,57.43
2024-06-08,Bryce Harper,547180,640455,1,4,221,72.08
2024-06-27,Luis Robert Jr.,673357,519242,2,1,23.72,98.84
2024-07-12,Michael Toglia,669911,640455,2,2,21.49,72.6
2024-04-22,Michael Conforto,624424,500779,0,6,226.91,84.86
2024-08-14,Ernie Clement,676391,542881,1,2,41.83,66.65
2024-06-02,Ketel Marte,606466,500779,0,1,105.25,31.89
2024-03-29,Christian Yelich,592885,500779,0,4,190.06,55.06
2024-08-29,Lawrence Butler,671732,687924,2,2,158.76,28.84
2024-05-24,Michael Massey,686681,641302,2,5,192.42,55.78
2024-05-29,Will Smith,669257,493603,0,8,68.94,45.51
2024-07-20,Randy Arozarena,668227,641482,1,5,79.55,36.4
2024-07-12,Cal Raleigh,663728,542881,2,3,59.08,40.91
2024-08-25,Jesús Sánchez,660821,665871,1,1,121.14,29.11
2024-05-28,Miguel Andujar,609280,641793,2,6,23.09,95.05
2024-03-30,Jung Hoo Lee,808982,676680,1,8,193.37,49.05
2024-06-18,Brenton Doyle,686668,621111,2,4,4.08,74.41
2024-04-19,Brent Rooker,667670,605130,1,9,4.48,77.29
2024-08-30,Yandy Díaz,650490,527048,1,2,54.96,53.11
2024-06-16,Carlos Correa,621043,676664,0,4,21.66,69.54
2024-08-31,Andrés Chaparro,665953,665871,0,4,44.27,66.78
2024-07-02,Bobby Witt Jr.,677951,687330,1,6,8.61,86.3
2024-07-14,Pete Crow-Armstrong,691718,571945,1,5,138.09,33.15
2024-06-29,Luis Robert Jr.,673357,615698,0,6,108.8,9.12
2024-08-10,Marcell Ozuna,542303,663562,1,5,35.69,63.32
2024-08-12,Ian Happ,664023,594902,0,3,167.81,32.08
2024-06-15,Riley Greene,682985,681293,1,1,59.22,77.51
2024-04-04,Riley Greene,682985,493603,1,8,197.23,56.33
2024-08-05,Gabriel Moreno,672515,671106,0,1,33.17,71.72
2024-07-30,Jake Burger,669394,641302,0,5,24.95,67.04
2024-07-10,Matt Wallner,670242,673929,0,7,203.04,66.79
2024-07-22,DJ LeMahieu,518934,641793,0,5,45.97,73.15
2024-07-24,Luis Robert Jr.,673357,543135,1,3,23.68,100.87
2024-08-10,Ketel Marte,606466,605400,1,1,177.88,43.02
2024-05-27,Charlie Blackmon,453568,675540,1,4,208.05,64.32
2024-09-04,Dominic Fletcher,666150,544150,1,4,241.5,87
2024-09-09,Tyler O'Neill,641933,608344,1,8,58.63,41.48
2024-09-29,Luis García Jr.,671277,605400,0,1,159.4,37.07
2024-07-12,Aaron Judge,592450,700249,0,3,62.35,51.28
2024-08-19,Vladimir Guerrero Jr.,665489,687924,2,1,39.12,47.34
2024-08-16,Brendan Rodgers,663898,663362,1,1,27.68,49.94
2024-09-05,Julio Rodríguez,677594,683155,0,3,5.42,61.43
2024-07-12,Bobby Witt Jr.,677951,681867,0,4,98.02,27.71
2024-08-10,Zach Neto,687263,571578,0,5,137.4,35.76
2024-07-14,Michael Toglia,669911,500779,2,6,66,54
2024-08-09,Ryan Bliss,669208,500779,1,2,58.51,47
2024-06-05,Jarren Duran,680776,623474,1,8,194.24,52.41
2024-07-19,Nolan Schanuel,694384,676664,0,6,220.04,73.03
2024-05-30,Vinnie Pasquantino,686469,663978,1,1,201.19,47.56
2024-06-30,Jarren Duran,680776,663362,0,5,226.58,93.21
2024-08-05,Joc Pederson,592626,605130,1,8,208.15,56.25
2024-08-15,JJ Bleday,668709,500779,2,4,227.38,95.1
2024-03-29,George Springer,543807,650644,2,3,23.84,92.97
2024-09-10,Garrett Mitchell,669003,663941,0,6,118.49,33.19
2024-06-01,Christian Walker,572233,640455,2,3,19.79,92.7
2024-03-30,Francisco Alvarez,682626,669084,0,2,43.3,59.23
2024-09-21,Ryan McMahon,641857,621111,2,5,71.33,53.52
2024-08-14,Pete Alonso,624413,683155,0,4,61.15,42.9
2024-06-12,Seiya Suzuki,673548,650644,0,4,137.01,34.46
2024-08-21,Aaron Judge,592450,676282,1,3,174.3,54.15
2024-04-13,Estevan Florial,664314,547001,1,5,206.55,75.1
2024-08-13,Kyle Farmer,571657,519293,1,7,62.43,42.17
2024-07-19,Colton Cowser,681297,543135,2,1,187.45,40.13
2024-04-17,Marcell Ozuna,542303,641585,0,2,53.2,39.46
2024-07-05,Riley Greene,682985,608718,0,7,221.05,66.54
2024-09-19,Griffin Conine,665052,656427,1,5,202.75,69.34
2024-04-08,Lane Thomas,657041,694738,1,5,31.76,65.31
2024-10-02,Garrett Mitchell,669003,664208,2,8,167.34,46.91
2024-07-24,Juan Yepez,660766,663362,1,1,81.13,48.06
2024-06-11,Jorge Mateo,622761,608331,0,2,83.78,41.95
2024-06-04,Bobby Witt Jr.,677951,663474,1,3,87.93,27.15
2024-04-23,Mike Tauchman,643565,661527,0,8,73.94,56.21
2024-09-14,Andrew Benintendi,643217,663687,0,9,233.4,102.28
2024-06-16,Jarred Kelenic,672284,621107,0,1,201.24,50.97
2024-05-02,Josh Bell,605137,663567,1,3,219.82,82.24
2024-05-20,Tomás Nido,621512,594902,2,3,60.81,48.6
2024-05-03,Nolan Schanuel,694384,676440,2,3,238.59,93.83
2024-05-04,Bo Naylor,666310,672282,2,6,198.01,57.25
2024-06-27,Spencer Steer,668715,571945,2,4,21.65,60.87
2024-04-07,Riley Greene,682985,666205,1,8,177.25,46.63
2024-04-24,Ryan McMahon,641857,663362,1,6,150.28,20.56
2024-04-15,Taylor Ward,621493,687330,2,9,28.32,98.03
2024-04-13,Taylor Ward,621493,681867,2,3,118.05,23.32
2024-07-31,Vinnie Pasquantino,686469,671111,0,9,218.71,64.58
2024-06-01,J.P. Crawford,641487,672282,2,4,212.22,81.88
2024-06-08,Heliot Ramos,671218,571760,1,3,37.41,63.52
2024-07-28,Jake Bauers,641343,667725,2,1,235.8,76.23
2024-09-03,Paul Goldschmidt,502671,650644,1,4,47.3,43.09
2024-08-27,Sam Hilliard,656541,642834,0,6,47.82,59.45
2024-04-10,Brendan Donovan,680977,605400,1,3,213.96,74.92
2024-08-15,Wilyer Abreu,677800,621107,0,4,222.17,62.04
2024-05-12,Jahmai Jones,663330,641302,0,3,54.37,61.27
2024-09-26,Carlos Correa,621043,678368,0,6,14.18,65.42
2024-05-28,Michael Busch,683737,642547,0,3,130.75,33
2024-09-27,Victor Caratini,605170,669212,1,5,211.58,86.21
2024-04-21,Kyle Schwarber,656941,665620,0,6,242.24,71.62
2024-05-22,Harrison Bader,664056,663474,1,4,23.28,72.02
2024-08-20,Anthony Santander,623993,500779,2,1,64.91,60.31
2024-08-04,Jarren Duran,680776,543135,1,5,170.24,43.39
2024-08-07,Anthony Santander,623993,642232,0,8,48.11,67.16
2024-07-21,Nick Castellanos,592206,676596,2,9,27.67,64.55
2024-05-21,Starling Marte,516782,605130,1,8,10.79,75.61
2024-06-02,Alex Bregman,608324,680573,1,3,49.33,58.38
2024-04-16,J.T. Realmuto,592663,596295,2,1,84.34,37.05
2024-09-02,Cedric Mullins,656775,657053,2,8,210.62,78.95
2024-07-29,José Ramírez,608070,676614,2,7,60.94,51.6
2024-05-21,Luis Rengifo,650859,664299,0,1,203.21,69.14
2024-05-10,Corey Seager,608369,596295,0,6,198.15,52.51
2024-06-23,Rob Refsnyder,608701,608718,2,6,93.88,38.75
2024-05-11,Joey Meneses,608841,681867,0,2,67.89,45.44
2024-06-22,Isiah Kiner-Falefa,643396,605130,0,8,26.6,93.36
2024-05-12,Christopher Morel,666624,663559,2,1,40.41,62.49
2024-08-24,Mike Yastrzemski,573262,608723,2,7,217.36,93.94
2024-03-31,Ozzie Albies,645277,624133,0,1,29.26,86.83
2024-08-10,Sam Hilliard,656541,608331,0,2,226.11,86.98
2024-06-03,Nolan Gorman,669357,434378,1,5,196.01,54.02
2024-04-28,Jeremy Peña,665161,596295,0,4,64.72,45.6
2024-07-07,Willson Contreras,575929,571882,0,7,33.46,68.01
2024-06-04,Giancarlo Stanton,519317,573204,2,8,16.82,67.16
2024-05-14,Luke Raley,670042,608379,2,4,228.65,93.85
2024-06-09,Adley Rutschman,668939,664208,2,8,200.07,59.51
2024-09-15,Donovan Walton,622268,527048,0,6,160.77,37.55
2024-06-22,Bryce Harper,547180,674072,1,3,203.39,43.76
2024-07-21,Trevor Larnach,663616,650644,0,5,192.69,63.2
2024-09-21,Luisangel Acuña,682668,624133,2,2,24.27,78.17
2024-08-03,Max Kepler,596146,657053,2,7,241.5,89.32
2024-08-07,Anthony Santander,623993,670102,0,1,186.75,45.81
2024-09-09,Kyle Farmer,571657,672282,2,4,3.41,79.42
2024-04-19,Travis d'Arnaud,518595,571760,0,5,21.3,53.68
2024-07-25,Shohei Ohtani,660271,643511,1,8,226.51,92.6
2024-05-05,Shohei Ohtani,660271,608331,0,1,114.5,30.59
2024-06-26,Cedric Mullins,656775,675540,0,7,232.79,86.44
2024-09-05,Michael Toglia,669911,625643,2,2,123.42,16.24
2024-07-06,Marcell Ozuna,542303,624133,2,1,124,31.51
2024-03-28,Freddie Freeman,518692,571945,0,3,148.1,35.18
2024-09-18,Masyn Winn,691026,670280,0,7,21.05,83.9
2024-07-19,Jake Cave,595909,643511,0,8,205.55,52.99
2024-07-08,Trevor Larnach,663616,623167,2,1,187.99,57.49
2024-06-21,Joc Pederson,592626,592836,1,3,159.78,39.16
2024-03-29,Fernando Tatis Jr.,665487,643511,1,8,24.24,93.97
2024-04-15,Mike Trout,545361,664208,1,8,12.15,71.15
2024-05-20,Mauricio Dubón,643289,672282,1,4,23.39,87.72
2024-05-06,Kyle Schwarber,656941,643511,2,8,239.27,93.16
2024-08-15,Willi Castro,650489,674003,0,2,61.33,56.92
2024-07-09,Logan O'Hoppe,681351,453286,1,2,78.81,47.1
2024-05-05,Teoscar Hernández,606192,608331,1,6,107.23,36.04
2024-09-06,Kyle Schwarber,656941,675540,2,6,178.32,30.73
2024-05-24,Giancarlo Stanton,519317,506433,2,3,22.94,64.19
2024-08-24,Pete Crow-Armstrong,691718,678368,2,5,218.01,46.96
2024-06-30,Christian Yelich,592885,543294,0,4,143.14,32.89
2024-04-02,Jorge Soler,624585,642232,0,6,70.47,53.87
2024-09-21,Victor Caratini,605170,672282,0,3,37.95,93.79
2024-04-01,Teoscar Hernández,606192,643511,1,6,45.65,43.46
2024-07-29,Jordan Westburg,676059,670102,0,2,80.55,39.69
2024-06-25,Shohei Ohtani,660271,623167,0,1,187.1,59.77
2024-03-29,Teoscar Hernández,606192,668868,1,4,57.26,66.04
2024-07-11,Kyle Schwarber,656941,642232,2,8,244.26,73.47
2024-05-17,Richie Palacios,680700,605135,2,6,230.13,88.07
2024-04-16,Jesse Winker,608385,642232,1,3,170.65,27.31
2024-09-01,Spencer Torkelson,679529,448179,1,5,41.8,74.86
2024-09-14,José Tena,677588,678368,1,6,157.36,35.14
2024-09-27,Stone Garrett,656448,624133,2,1,37.6,47.68
2024-06-04,Ryan Mountcastle,663624,670102,2,3,23.58,92.69
2024-09-03,Kyle Schwarber,656941,605135,0,1,196.99,55.03
2024-06-11,Andrew Vaughn,683734,646242,1,3,28.94,90.02
2024-08-29,Brendan Rodgers,663898,678368,2,4,21.23,54.49
2024-07-05,Trea Turner,607208,608331,2,4,40.67,54.86
2024-05-01,Matt Vierling,663837,571945,2,3,46.91,50.63
2024-08-26,Jazz Chisholm Jr.,665862,686747,1,8,212.31,66.07
2024-04-12,Ezequiel Tovar,678662,502179,0,6,40.37,66.15
2024-07-02,Nathaniel Lowe,663993,656302,1,1,205.21,70.21
2024-08-25,Maikel Garcia,672580,663465,0,5,59.17,41.12
2024-07-31,Colton Cowser,681297,502179,2,2,197.19,42.1
2024-06-24,Rafael Devers,646240,605135,2,4,230.83,52.14
2024-04-27,Ryan Jeffers,680777,543305,1,9,47.23,60.65
2024-09-19,Shohei Ohtani,660271,660644,2,9,212.53,42.16
2024-08-05,Matt Chapman,656305,571578,2,3,15.95,73.93
2024-08-30,Corbin Carroll,682998,477132,0,2,,
2024-04-27,Giancarlo Stanton,519317,680911,1,9,162.66,44.72
2024-08-30,William Contreras,661388,571912,2,9,186.17,49.26
2024-04-07,William Contreras,661388,668942,0,8,138.98,34.34
2024-07-29,Jazz Chisholm Jr.,665862,596117,1,9,205.87,63.48
2024-05-04,Shea Langeliers,669127,656896,1,8,77.61,35.83
2024-04-13,Matt Wallner,670242,656716,2,12,229.97,78.74
2024-09-13,Pete Alonso,624413,665019,2,9,92.06,43.86
2024-04-11,Tyrone Taylor,621438,641645,1,9,38.03,71.8
2024-07-14,Zack Gelof,680869,596117,0,9,81.26,34.62
2024-07-06,Kyle McCann,668832,543510,2,8,153.76,26.72
2024-04-13,Matt Chapman,656305,666163,0,9,200.12,69.2
2024-06-22,David Dahl,621311,571466,2,8,230.73,91.18
2024-09-10,Michael Harris II,671739,545121,0,9,209.13,52.67
